player_name,team_name,position,accurateCrosses,accurateCrossesPercentage,accurateFinalThirdPasses,accurateLongBalls,accurateLongBallsPercentage,accurateOppositionHalfPasses,accurateOwnHalfPasses,accuratePasses,accuratePassesPercentage,aerialDuelsWon,aerialDuelsWonPercentage,aerialLost,appearances,assists,ballRecovery,bigChancesCreated,bigChancesMissed,blockedShots,cleanSheet,clearances,dispossessed,dribbledPast,duelLost,errorLeadToGoal,errorLeadToShot,expectedAssists,expectedGoals,fouls,freeKickGoal,goalConversionPercentage,goals,goalsAssistsSum,goalsConceded,goalsConcededInsideTheBox,goalsConcededOutsideTheBox,goalsFromInsideTheBox,goalsFromOutsideTheBox,goalsPrevented,groundDuelsWon,groundDuelsWonPercentage,headedGoals,highClaims,hitWoodwork,inaccuratePasses,interceptions,keyPasses,leftFootGoals,matchesStarted,minutesPlayed,offsides,ownGoals,passToAssist,penaltiesTaken,penaltyConceded,penaltyConversion,penaltyFaced,penaltyGoals,penaltySave,penaltyWon,possessionLost,possessionWonAttThird,punches,rating,redCards,rightFootGoals,savedShotsFromInsideTheBox,savedShotsFromOutsideTheBox,saves,savesCaught,savesParried,scoringFrequency,setPieceConversion,shotFromSetPiece,shotsFromInsideTheBox,shotsFromOutsideTheBox,shotsOffTarget,shotsOnTarget,successfulDribbles,successfulDribblesPercentage,tackles,tacklesWon,tacklesWonPercentage,totalAttemptAssist,totalContest,totalCross,totalDuelsWon,totalDuelsWonPercentage,totalLongBalls,totalOppositionHalfPasses,totalOwnHalfPasses,totalPasses,totalShots,totwAppearances,touches,wasFouled,yellowCards,goals_per90,assists_per90,expectedGoals_per90,expectedAssists_per90,keyPasses_per90,successfulDribbles_per90,tacklesWon_per90,interceptions_per90,ballRecovery_per90,aerialDuelsWon_per90,dribbledPast_per90,saves_per90,goalsPrevented_per90,finishing,creative_efficiency,defensive_efficiency,impact_score,cluster,pca1,pca2,xg_difference,offensive_overperformance,defensive_overperformance,midfield_overperformance,goalkeeper_overperformance,true_overperformance,rating_norm,goals_per90_norm,assists_per90_norm,keyPasses_per90_norm,expectedGoals_per90_norm,expectedAssists_per90_norm,true_overperformance_norm
Declan Rice,Arsenal,M,41,28.08219178,459,72,48.64864865,891,687,1578,87.8130217,44,72.13114754,17,30,5,154,14,3,10,10,65,15,12,77,1,0,6.0731214,2.8732,20,0,11.11111111,4,9,21,15,6,3,1,0.0,77,56.20437956,1,0,0,219,30,59,0,29,2585,1,0,1,0,0,0.0,0,0,0,0,406,11,0,7.49,0,3,0,0,0,0,0,646.25,0.0,5,13,23,14,12,12,48.0,57,31,54.38596491,58,25,146,121,61.11111111,148,1054,743,1797,36,3,2327,8,2,0.13926499032882012,0.17408123791102514,0.1000340425531915,0.21144329825918762,2.054158607350097,0.41779497098646035,1.079303675048356,1.0444874274661509,5.361702127659575,1.5319148936170213,0.41779497098646035,0.0,0.0,1.1267999999999998,-1.0731213999999998,114,0.4836279023352857,0,1.1811599408439502,1.0767593436664114,1.1267999999999998,0.37561502,0.934816247582205,15.284195124052223,2.5,6.4508873071373305,0.9559633027522931,0.17007209425004396,0.2946083172147002,0.5507133692092615,0.12792219122757537,0.46632181222326363,0.8502575197748907
Gabriel Magalhães,Arsenal,D,1,20.0,180,63,46.32352941,512,747,1259,88.72445384,87,66.92307692,43,25,4,46,5,3,6,13,149,2,4,62,1,2,1.73381605,1.8798,14,0,16.66666667,3,7,15,10,5,3,0,0.0,60,75.94936709,1,0,1,160,18,6,2,24,2166,0,0,0,0,0,0.0,0,0,0,0,181,2,0,7.368,0,0,0,0,0,0,0,722.0,0.0,0,14,4,7,5,1,50.0,32,16,50.0,6,2,5,147,70.33492823,136,622,797,1419,18,5,1747,27,3,0.12465373961218837,0.16620498614958448,0.07810803324099723,0.07204221814404432,0.24930747922437674,0.04155124653739612,0.6648199445983379,0.7479224376731303,1.9113573407202216,3.6149584487534625,0.16620498614958448,0.0,0.0,1.1202,2.2661839500000003,179,0.37425367239984686,1,-0.35931266750426044,-0.5905980626098499,1.1202,2.7065287650000003,1.155124653739612,13.891775583444597,3.25,4.571998002854917,0.866422018348624,0.15222865776882397,0.28127885503231764,0.06683853980965965,0.09988350475141208,0.1580202392633094,0.6641797313766176
Bukayo Saka,Arsenal,F,36,32.43243243,300,14,36.84210526,419,105,524,76.72035139,22,44.89795918,27,27,3,105,9,8,22,7,10,29,15,140,0,1,5.76195133,6.9941,28,0,9.523809524,6,9,16,11,5,6,0,0.0,136,54.6184739,1,0,1,159,14,54,3,22,2001,14,0,2,1,0,100.0,0,1,0,0,362,25,0,7.214814815,0,2,0,0,0,0,0,333.5,0.0,2,47,16,15,26,49,53.26086957,36,17,47.22222222,52,92,111,158,53.02013423,38,557,126,683,63,4,1236,51,1,0.2698650674662669,0.13493253373313344,0.3145772113943029,0.2591582307346327,2.428785607196402,2.2038980509745127,0.7646176911544228,0.6296851574212894,4.72263868065967,0.9895052473763118,0.6746626686656672,0.0,0.0,-0.9941000000000004,-2.7619513299999996,26,0.4921594573992482,0,3.2121878460983964,0.28697553103210366,-0.9941000000000004,-2.927465931,0.553223388305847,13.603576898867317,1.75,-0.0997405745893177,0.7539925247706423,0.32956249148153194,0.2283545727136432,0.6511496726884084,0.4022771165168267,0.5718488908062056,0.20150916292728388
Martín Zubimendi,Arsenal,M,2,18.18181818,369,48,49.48453608,833,661,1494,88.19362456,59,68.60465116,27,31,1,99,1,2,7,10,64,9,17,84,2,2,2.18562559,2.7812,27,0,19.23076923,5,6,20,15,5,3,2,0.0,68,54.4,2,0,2,200,34,16,0,30,2604,0,0,0,0,0,0.0,0,0,0,0,258,6,0,7.087096774,0,3,0,0,0,0,0,520.8,0.0,0,19,7,10,9,6,50.0,54,30,55.55555556,16,12,11,127,60.18957346,97,985,709,1694,26,2,2026,10,4,0.1728110599078341,0.03456221198156682,0.09612442396313366,0.07554005495391705,0.5529953917050692,0.2073732718894009,1.0368663594470047,1.1751152073732718,3.421658986175115,2.0391705069124426,0.5875576036866359,0.0,0.0,2.2188,-1.18562559,111,0.29706515024888014,1,-0.8321855672493292,0.19062093302611302,2.2188,1.3888620870000001,1.0351382488479264,14.296891831379032,2.5,6.481329217121198,0.6602545130275228,0.21103896103896103,0.05849174347158219,0.14825630028440634,0.1229226234390565,0.1657561089534887,0.8532723665098775
Martin Ødegaard,Arsenal,M,5,25.0,228,32,56.14035088,373,164,537,85.10301109,2,28.57142857,5,20,5,51,5,0,4,2,6,10,10,43,0,1,2.92470393,1.0108,7,0,5.0,1,6,11,8,3,0,1,0.0,33,46.47887324,0,0,0,94,7,31,1,13,1078,2,0,1,0,0,0.0,0,0,0,0,148,14,0,6.995,0,0,0,0,0,0,0,1078.0,0.0,0,9,11,9,7,9,45.0,17,6,35.29411765,30,20,20,35,44.87179487,57,455,176,631,20,2,770,7,0,0.08348794063079777,0.4174397031539889,0.08438961038961038,0.24417750807050095,2.588126159554731,0.75139146567718,0.5009276437847866,0.5844155844155845,4.257884972170686,0.16697588126159554,0.8348794063079777,0.0,0.0,-0.01079999999999992,2.07529607,9,0.45945091547199657,0,3.302997333004972,0.6512920944985082,-0.01079999999999992,1.4419072489999998,0.2588126159554731,14.79681143940445,0.5,6.547249998552876,0.5926605504587155,0.10195648507336819,0.706458719851577,0.6938683664284796,0.10791630131452591,0.5387172941384196,0.8598009007829369
Eberechi Eze,Arsenal,F,2,18.18181818,184,13,39.39393939,303,134,437,84.20038536,8,26.66666667,22,26,2,61,4,1,19,2,10,16,4,73,0,0,2.23044189,3.7507,16,0,12.24489796,6,8,10,7,3,6,0,0.0,69,57.5,0,0,0,82,8,13,1,17,1504,1,0,0,0,0,0.0,0,0,0,0,149,15,0,6.992307692,0,5,0,0,0,0,0,250.6666667,0.0,0,29,20,14,16,23,57.5,16,12,75.0,13,40,11,77,51.33333333,33,372,147,519,49,2,760,30,1,0.3590425531914893,0.11968085106382978,0.22444348404255318,0.1334705918218085,0.7779255319148937,1.3763297872340425,0.7180851063829786,0.4787234042553191,3.6502659574468086,0.4787234042553191,0.23936170212765956,0.0,0.0,2.2493,-0.23044188999999982,26,0.38731622103295904,2,1.4155378768717932,-0.9384428421005242,2.2493,2.087990677,0.4547872340425531,13.848265877487368,0.5,3.6887116127773605,0.5906845445871554,0.4384671179883945,0.2025432180851064,0.20855935327575312,0.2870153155132961,0.29387617534058835,0.5767025300250997
William Saliba,Arsenal,D,4,44.44444444,221,44,48.35164835,589,1034,1623,92.68989149,60,54.05405405,51,25,0,96,0,2,1,11,102,6,6,83,0,2,0.90453671,0.8575,17,0,20.0,1,1,16,11,5,1,0,0.0,48,60.0,1,0,0,128,14,7,0,24,2075,1,0,0,0,0,0.0,0,0,0,0,156,2,0,6.991666667,0,0,0,0,0,0,0,2075.0,0.0,0,5,0,3,1,4,57.14285714,29,17,58.62068966,7,7,9,108,56.54450262,91,674,1077,1751,5,0,1990,15,1,0.043373493975903614,0.0,0.03719277108433735,0.03923291754216868,0.3036144578313253,0.17349397590361446,0.7373493975903614,0.6072289156626506,4.163855421686747,2.602409638554217,0.26024096385542167,0.0,0.0,0.14249999999999996,-0.90453671,127,0.20727215118626585,1,-1.381617653681557,-0.6759187825134538,0.14249999999999996,-0.490675697,0.9216867469879517,15.060520868548192,2.75,4.244540910779819,0.5902140675229353,0.052968236582694415,0.0,0.08139806751759514,0.04756161656072396,0.08545868540074783,0.6317496721124636
David Raya,Arsenal,G,0,0.0,72,163,35.28138528,133,471,604,66.51982379,7,87.5,1,31,0,258,0,0,0,15,30,0,0,1,1,3,0.10104617,0.0,0,0,0.0,0,0,22,16,6,0,0,-0.8838,11,100.0,0,29,0,304,1,3,0,31,2790,0,0,0,0,0,0.0,0,0,0,0,312,0,8,6.929032258,0,0,36,13,50,0,10,0.0,0.0,0,0,0,0,0,1,100.0,1,1,100.0,3,1,0,18,94.73684211,462,403,505,908,0,2,1197,9,1,0.0,0.0,0.0,0.0032595538709677425,0.0967741935483871,0.03225806451612903,0.03225806451612903,0.03225806451612903,8.32258064516129,0.22580645161290322,0.0,1.6129032258064515,-0.02850967741935484,0.0,-0.10104617,32,0.1671648856072362,0,-1.8748942013029355,-1.9885348151490425,0.0,-0.070732319,0.06612903225806452,12.093304585999999,4.3851829032258065,4.3851829032258065,0.5442438590825684,0.0,0.0,0.025944852549771108,0.0,0.005899440986493588,0.6456783005051143
Piero Hincapié,Arsenal,D,4,14.28571429,146,20,35.71428571,324,338,662,89.21832884,30,51.72413793,28,21,2,55,2,0,1,3,75,4,11,62,0,0,1.34832156,0.3286,16,0,50.0,1,3,16,12,4,1,0,0.0,55,61.79775281,0,0,0,80,20,12,1,17,1504,0,1,0,0,0,0.0,0,0,0,0,146,3,0,6.919047619,0,0,0,0,0,0,0,1504.0,0.0,0,1,1,0,1,5,45.45454545,39,21,53.84615385,12,11,28,85,57.82312925,56,378,364,742,2,1,1091,12,2,0.05984042553191489,0.11968085106382978,0.019663563829787234,0.08068413590425533,0.7180851063829786,0.2992021276595745,1.2566489361702127,1.196808510638298,3.291223404255319,1.7952127659574468,0.6582446808510638,0.0,0.0,0.6714,0.65167844,105,0.25124481103793467,1,-0.47019620876841633,0.9549729390589178,0.6714,1.127574908,1.0591755319148937,14.477055998273935,0.75,4.42390555491742,0.536915683669724,0.07307785299806575,0.2025432180851064,0.19251632610069516,0.025145501553755063,0.17713283750618478,0.6495132392485887
Cristhian Mosquera,Arsenal,D,0,0.0,62,6,37.5,151,254,405,91.21621622,11,37.93103448,18,14,0,23,0,0,0,1,32,0,3,30,0,1,0.49156338,0.0,8,0,0.0,0,0,5,4,1,0,0,0.0,26,68.42105263,0,0,0,39,8,3,0,6,678,1,0,0,0,0,0.0,0,0,0,0,49,0,0,6.916666667,0,0,0,0,0,0,0,0.0,0.0,0,0,0,0,0,0,0.0,23,15,65.2173913,3,1,0,37,55.2238806,16,169,275,444,0,0,546,3,2,0.0,0.0,0.0,0.06525177610619469,0.39823008849557523,0.0,1.991150442477876,1.0619469026548671,3.0530973451327434,1.4601769911504425,0.39823008849557523,0.0,0.0,0.0,-0.49156338,52,0.1765650912256859,1,-1.6609583761277191,1.3702794952890798,0.0,-0.344094366,1.247787610619469,14.601400244283187,0.25,4.347408472542478,0.535168195963303,0.0,0.0,0.10676421624463332,0.0,0.14300239320621116,0.6419372698315473
Jurriën Timber,Arsenal,D,6,13.04347826,344,20,38.46153846,573,352,925,85.25345622,40,66.66666667,20,30,5,97,4,7,3,11,53,25,9,110,0,1,1.60875528,4.7029,38,0,12.0,3,8,20,14,6,3,0,0.0,107,54.31472081,2,0,0,160,24,27,0,28,2457,0,0,0,0,0,0.0,0,0,0,1,302,7,0,6.913333333,0,1,0,0,0,0,0,819.0,0.0,0,24,1,15,7,13,39.39393939,66,37,56.06060606,27,33,46,147,57.19844358,52,695,390,1085,25,1,1656,29,5,0.10989010989010989,0.18315018315018314,0.17226739926739926,0.058928764835164835,0.989010989010989,0.47619047619047616,1.3553113553113554,0.8791208791208791,3.5531135531135534,1.465201465201465,0.32967032967032966,0.0,0.0,-1.7028999999999996,3.39124472,105,0.317159474210169,1,0.4622311206779995,0.8480171941228768,-1.7028999999999996,0.670971304,0.9816849816849818,14.037182858641025,2.75,4.198952399271245,0.5327217122935775,0.1341991341991342,0.30995624745624745,0.26515069089326515,0.2202932384707296,0.12901832422272946,0.6272347656842083
Leandro Trossard,Arsenal,F,12,22.64150943,244,29,44.61538462,375,110,485,76.01880878,6,40.0,9,26,5,68,4,6,18,2,12,35,16,100,0,1,2.67849508,4.8222,13,0,11.36363636,5,10,14,11,3,3,2,0.0,72,44.17177914,0,0,2,153,8,30,1,18,1685,4,0,0,0,0,0.0,0,0,0,0,302,8,0,6.873076923,0,4,0,0,0,0,0,337.0,0.0,0,33,11,15,11,17,37.77777778,25,16,64.0,30,45,53,78,43.82022472,65,505,133,638,44,1,1006,31,1,0.26706231454005935,0.26706231454005935,0.25756557863501484,0.14306501910979227,1.6023738872403561,0.9080118694362018,0.8545994065281899,0.42729970326409494,3.6320474777448073,0.3204747774480712,0.8545994065281899,0.0,0.0,0.1778000000000004,2.32150492,20,0.42025666559680996,0,2.3461108906675725,-0.1552885569088495,0.1778000000000004,1.8028534440000004,0.36320474777448075,12.907430301747773,0.5,3.324575103039614,0.5031757233027525,0.3261397356352846,0.4519658753709199,0.4295913270852308,0.32937140560194506,0.3150953583059718,0.5406398858594053
Mikel Merino,Arsenal,M,0,0.0,96,7,33.33333333,164,105,269,75.77464789,28,39.43661972,43,21,3,55,4,4,6,2,19,17,6,92,0,0,1.45131127,2.9983,21,0,19.04761905,4,7,9,7,2,4,0,0.0,51,51.0,3,0,0,86,10,12,0,10,1007,3,0,0,0,0,0.0,0,0,0,0,133,8,0,6.861904762,0,1,0,0,0,0,0,251.75,0.0,0,17,4,7,8,5,41.66666667,26,13,50.0,12,12,4,79,46.19883041,21,237,118,355,21,1,539,20,1,0.3574975173783515,0.26812313803376364,0.2679712015888778,0.1297100439920556,1.0724925521350546,0.4468718967229394,1.1618669314796426,0.8937437934458788,4.915590863952334,2.502482621648461,0.5362462760675273,0.0,0.0,1.0017,1.54868873,36,0.4257876737789226,0,1.4296608877107406,0.35571115671243325,1.0017,2.0857821110000003,1.0948361469712016,13.002894803733366,0.5,6.254437995287588,0.49497597211009126,0.4365803015256838,0.4537611717974181,0.2875318316340075,0.34267797659889654,0.285559289917991,0.8308019545119206
Noni Madueke,Arsenal,M,13,20.63492063,124,8,50.0,179,47,226,74.58745875,10,55.55555556,8,20,1,22,4,2,7,0,6,13,15,70,0,0,2.04337871,1.0238,12,0,10.0,2,3,7,4,3,1,1,0.0,50,44.64285714,1,0,0,77,4,17,1,12,908,2,0,0,0,0,0.0,0,0,0,0,198,7,0,6.857894737,0,0,0,0,0,0,0,454.0,0.0,0,19,1,6,7,24,52.17391304,16,9,56.25,17,46,63,60,46.15384615,16,249,54,303,20,2,552,10,0,0.19823788546255508,0.09911894273127754,0.10147797356828193,0.20253753733480173,1.685022026431718,2.378854625550661,0.8920704845814978,0.39647577092511016,2.180616740088106,0.9911894273127754,1.486784140969163,0.0,0.0,0.9762,-1.0433787099999998,4,0.3224207078243642,0,2.6379862940395458,-0.09592897770096562,0.9762,0.2458349030000001,0.40638766519823794,12.373665091106828,0.0,5.1290775306823795,0.49203283449541235,0.2420905086103324,0.16774504405286345,0.4517490295285035,0.12976867083309176,0.4466256943802341,0.7193506912963019
Ben White,Arsenal,D,2,15.38461538,75,6,35.29411765,109,61,170,82.92682927,9,42.85714286,12,7,1,18,2,0,0,2,17,1,5,24,0,0,0.48011543,0.436,5,0,0.0,0,1,4,3,1,0,0,0.0,19,61.29032258,0,0,0,35,3,6,0,5,420,2,0,0,0,0,0.0,0,0,0,0,59,2,0,6.857142857,0,0,0,0,0,0,0,0.0,0.0,0,3,1,3,1,2,66.66666667,13,7,53.84615385,6,3,13,28,53.84615385,17,140,65,205,4,0,326,4,0,0.0,0.2142857142857143,0.09342857142857143,0.10288187785714287,1.2857142857142856,0.4285714285714286,1.5,0.6428571428571428,3.857142857142857,1.9285714285714286,1.0714285714285714,0.0,0.0,-0.436,0.51988457,22,0.28362596575737786,0,0.6550145035875259,1.1442546494493118,-0.436,-0.07208080100000003,0.9428571428571427,13.87903057425,0.5,4.024659809126786,0.4914809959633031,0.0,0.36264880952380957,0.3446958981612447,0.1194752033943828,0.22622570504050862,0.6099735147768942
Riccardo Calafiori,Arsenal,D,3,14.28571429,161,18,50.0,292,265,557,85.42944785,40,58.82352941,28,22,2,64,0,1,9,3,48,7,8,72,0,1,0.48692635,2.8955,25,0,3.571428571,1,3,8,6,2,1,0,0.0,52,54.16666667,1,0,1,95,14,5,0,18,1455,2,0,0,0,0,0.0,0,0,0,0,175,4,0,6.852380952,0,0,0,0,0,0,0,1455.0,0.0,0,19,9,13,6,13,72.22222222,31,18,58.06451613,5,18,21,92,56.09756098,36,347,305,652,28,1,1010,9,5,0.061855670103092786,0.12371134020618557,0.17910309278350517,0.030119155670103093,0.30927835051546393,0.8041237113402061,1.1134020618556701,0.865979381443299,3.9587628865979383,2.4742268041237114,0.4948453608247423,0.0,0.0,-1.8955000000000002,1.51307365,72,0.2424943257248904,1,-0.3495582495022739,0.38541402609333764,-1.8955000000000002,-0.8363484450000003,1.0701030927835051,13.919885110747423,0.75,3.996580866606959,0.48798601981651313,0.07553889409559512,0.20936426116838489,0.08291653907658808,0.2290346316087249,0.06530254946249374,0.6071926870225699
Gabriel Martinelli,Arsenal,F,7,23.33333333,61,1,9.090909091,104,35,139,68.81188119,8,33.33333333,16,25,3,42,3,6,6,0,10,23,5,65,0,1,0.99101979,3.3793,7,0,4.0,1,4,5,4,1,1,0,0.0,40,44.94382022,0,0,0,63,0,9,0,9,852,5,0,0,0,0,0.0,0,0,0,0,162,13,0,6.616,0,1,0,0,0,0,0,852.0,0.0,0,22,3,9,10,18,54.54545455,10,7,70.0,9,33,30,48,42.47787611,11,156,46,202,25,0,418,13,2,0.1056338028169014,0.31690140845070425,0.35696830985915495,0.10468518908450704,0.9507042253521126,1.9014084507042253,0.7394366197183099,0.0,4.436619718309859,0.8450704225352113,0.528169014084507,0.0,0.0,-2.3793,2.00898021,12,0.31774201180174344,0,2.465466913893357,-0.34484243157471994,-2.3793,-0.9730138530000003,0.3485915492957746,11.78985488422183,0.0,1.0735769978128515,0.31449541284403626,0.1290012804097311,0.5363116197183099,0.25488076976711754,0.4564862843737022,0.23021393588831482,0.3177099090083897
Viktor Gyökeres,Arsenal,F,2,28.57142857,96,1,33.33333333,133,27,160,59.70149254,25,31.64556962,54,29,0,47,3,8,11,3,17,21,7,133,0,1,1.76750513,9.3498,28,0,25.58139535,11,11,11,8,3,10,1,0.0,34,30.08849558,1,0,1,108,1,16,1,23,1907,2,0,0,2,0,100.0,0,2,0,0,234,17,0,6.572413793,0,9,0,0,0,0,0,173.3636364,0.0,0,39,4,15,17,6,18.75,6,5,83.33333333,16,32,7,59,30.72916667,3,225,43,268,43,3,540,23,4,0.519140010487677,0.0,0.44125957000524385,0.08341660288411117,0.7551127425275301,0.2831672784478238,0.23597273203985317,0.04719454640797063,2.21814368117462,1.1798636601992658,0.33036182485579446,0.0,0.0,1.6502,-1.76750513,16,0.3300408584522936,2,0.7084765627626746,-2.878696781850466,1.6502,0.4129464089999999,0.28316727844782374,9.794903411899316,0.75,1.8072620463796798,0.28250553614678875,0.6339800734137389,0.0,0.2024433172210771,0.5642768167166068,0.18317600350787472,0.3903711833618225
Myles Lewis-Skelly,Arsenal,D,0,0.0,32,4,50.0,63,85,148,88.62275449,1,12.5,7,14,0,14,0,0,0,0,8,4,2,20,0,1,0.06480379,0.0516,6,0,0.0,0,0,5,5,0,0,0,0.0,15,53.57142857,0,0,0,19,2,3,0,1,336,0,0,0,0,0,0.0,0,0,0,0,33,0,0,6.55,0,0,0,0,0,0,0,0.0,0.0,0,1,0,1,0,5,83.33333333,4,3,75.0,3,6,0,16,44.44444444,8,75,92,167,1,0,233,6,3,0.0,0.0,0.01382142857142857,0.017358158035714288,0.8035714285714285,1.3392857142857142,0.8035714285714285,0.5357142857142857,3.75,0.26785714285714285,0.5357142857142857,0.0,0.0,-0.0516,-0.06480379,11,0.11389921995237304,0,-0.10858740845259145,-0.22000503782621836,-0.0516,-0.096962653,0.41517857142857134,14.51650271300893,0.0,3.8636884231593753,0.2660550458715596,0.0,0.0,0.21543493635077793,0.01767465738288461,0.03708013081286275,0.5940315434069202
Gabriel Jesus,Arsenal,F,0,0.0,28,0,0.0,48,14,62,74.69879518,6,28.57142857,15,11,0,18,0,3,3,0,3,8,1,37,0,0,0.203329,1.7605,6,0,14.28571429,2,2,6,4,2,1,1,0.0,11,33.33333333,0,0,0,21,2,1,0,2,306,5,0,0,0,0,0.0,0,0,0,0,55,3,0,6.527272727,0,2,0,0,0,0,0,153.0,0.0,0,12,2,2,9,6,46.15384615,4,0,0.0,1,13,0,17,31.48148148,1,63,20,83,14,0,169,1,2,0.5882352941176471,0.0,0.5177941176470587,0.05980264705882354,0.29411764705882354,1.7647058823529411,0.0,0.5882352941176471,5.294117647058823,1.7647058823529411,0.29411764705882354,0.0,0.0,0.23950000000000005,-0.203329,4,0.3324449787319364,2,1.0537077426177475,-2.398484419379067,0.23950000000000005,0.09716970000000005,0.4852941176470588,12.646240527,0.0,2.0183427658147055,0.24937447853210948,0.7183600713012478,0.0,0.07885200284734356,0.6621481691989011,0.13095101559006453,0.41127578554166555
Rodri,Manchester City,M,1,20.0,287,78,69.02654867,732,485,1217,89.88183161,28,77.77777778,8,18,0,91,2,0,4,2,34,10,12,47,0,3,2.26895352,0.7617,10,0,9.090909091,1,1,13,10,3,1,0,0.0,67,63.20754717,1,0,0,137,13,23,0,14,1245,0,0,0,0,0,0.0,0,0,0,0,172,7,0,7.452941176,0,0,0,0,0,0,0,1245.0,0.0,0,5,6,5,2,6,46.15384615,35,19,54.28571429,23,13,5,95,66.90140845,113,831,523,1354,11,2,1561,26,2,0.07228915662650602,0.0,0.05506265060240964,0.16402073638554218,1.6626506024096386,0.4337349397590362,1.3734939759036144,0.9397590361445783,6.578313253012048,2.024096385542169,0.8674698795180724,0.0,0.0,0.23829999999999996,-2.26895352,54,0.3746033845242844,0,-0.26311391663717143,1.0240384853845101,0.23829999999999996,-1.3499674640000001,1.0373493975903614,15.749785949692772,0.5,5.967397273795181,0.9287641658715593,0.08828039430449068,0.0,0.44575132212016383,0.0704133786866928,0.3614413449603173,0.8023745732320263
Erling Haaland,Manchester City,F,1,33.33333333,87,4,40.0,130,71,201,65.90163934,64,62.74509804,38,29,7,31,8,24,18,6,36,18,4,92,0,0,2.08367601,21.0095,19,0,21.56862745,22,29,27,20,7,21,1,0.0,49,47.57281553,3,0,4,104,4,21,17,28,2418,3,0,0,4,0,75.0,0,3,0,0,182,12,0,7.351724138,0,2,0,0,0,0,0,109.9090909,0.0,0,91,11,35,49,13,50.0,13,8,61.53846154,21,26,3,113,55.12195122,10,215,90,305,102,6,630,23,1,0.8188585607940447,0.26054590570719605,0.7819913151364765,0.07755617903225807,0.7816377171215881,0.4838709677419355,0.2977667493796526,0.1488833746898263,1.1538461538461537,2.3821339950372207,0.1488833746898263,0.0,0.0,0.9905000000000008,4.91632399,44,0.7259636679064978,2,2.9709336880802537,-2.8256476820190124,0.9905000000000008,4.431926793000001,0.6029776674937966,10.466669685212159,1.5,4.954243314281204,0.8544764315596325,1.0,0.4409377584780811,0.2095545782866128,1.0,0.170214999975865,0.7020357998601079
Marc Guéhi,Manchester City,D,3,23.07692308,245,63,39.87341772,658,863,1521,88.32752613,82,68.90756303,37,28,2,118,5,6,7,10,137,13,10,81,1,0,2.03411124,3.5818,18,0,7.407407407,2,4,30,23,7,2,0,0.0,67,60.36036036,1,0,2,201,39,14,0,28,2520,0,0,0,0,0,0.0,0,0,0,1,247,4,0,7.275,0,1,0,0,0,0,0,1260.0,0.0,0,26,1,13,7,5,55.55555556,37,24,64.86486486,14,9,13,149,64.7826087,158,799,923,1722,27,4,2116,25,5,0.07142857142857142,0.07142857142857142,0.12792142857142857,0.07264683,0.5,0.17857142857142855,0.8571428571428572,1.3928571428571428,4.214285714285714,2.928571428571429,0.3571428571428571,0.0,0.0,-1.5817999999999999,-0.0341112400000001,190,0.3218991692431996,1,-1.1289785405571275,0.5464039130835716,-1.5817999999999999,-1.605677868,1.2499999999999998,14.495862055571427,2.5,4.133113833692857,0.7981651376146788,0.08722943722943723,0.12088293650793651,0.13404840484048405,0.16358420623776773,0.1593574081436897,0.6207143737450886
Jérémy Doku,Manchester City,M,13,29.54545455,233,10,62.5,336,76,412,83.7398374,3,33.33333333,6,22,4,57,10,4,8,1,0,38,5,111,0,0,4.7226095,1.8343,17,0,4.545454545,1,5,13,10,3,0,1,0.0,118,52.91479821,0,0,1,80,10,43,0,13,1230,3,0,1,0,0,0.0,0,0,0,2,262,12,0,7.268181818,0,1,0,0,0,0,0,1230.0,0.0,0,16,6,6,8,63,57.79816514,16,11,68.75,42,109,44,121,52.15517241,16,408,84,492,22,3,880,40,0,0.07317073170731707,0.2926829268292683,0.1342170731707317,0.3455567926829268,3.146341463414634,4.609756097560975,0.8048780487804879,0.7317073170731708,4.170731707317073,0.21951219512195122,0.3658536585365854,0.0,0.0,-0.8343,-0.7226094999999999,16,0.5030446924550419,0,5.946186810017648,1.8642050096725373,-0.8343,-1.34012665,0.49024390243902444,14.791267247195123,0.25,5.478505019365854,0.7931609673394497,0.0893569844789357,0.4953252032520325,0.8435241085084118,0.17163499206804816,0.7629292793378835,0.7539566120131779
Rayan Cherki,Manchester City,M,19,32.75862069,335,22,46.80851064,580,236,816,86.07594937,1,14.28571429,6,25,8,76,15,1,13,2,6,27,17,104,0,1,6.62021491,2.47,13,0,9.090909091,3,11,13,10,3,2,1,0.0,91,48.14814815,0,0,1,132,7,43,0,14,1316,1,0,1,0,0,0.0,0,0,0,0,282,15,0,7.208,0,3,0,0,0,0,0,438.6666667,0.0,2,24,9,12,8,37,47.43589744,24,17,70.83333333,42,78,58,92,46.93877551,47,690,258,948,33,2,1311,30,1,0.20516717325227962,0.547112462006079,0.16892097264437692,0.4527502598024316,2.9407294832826745,2.5303951367781155,1.162613981762918,0.4787234042553191,5.197568389057751,0.06838905775075987,1.162613981762918,0.0,0.0,0.5299999999999998,1.3797850900000004,13,0.6123791944313454,0,5.837103383048329,1.788181100722778,0.5299999999999998,1.4958495630000002,0.38981762917933127,15.353227386863983,0.5,6.817594305781459,0.7489908256880735,0.25055263885051116,0.9259118541033434,0.7884001926028469,0.216013873011999,0.9999999999999999,0.8865747350266582
Rúben Dias,Manchester City,D,3,33.33333333,229,47,50.0,722,848,1570,93.00947867,58,65.16853933,31,25,0,70,0,1,3,11,115,3,2,53,0,2,0.62277125,0.5644,14,0,20.0,2,2,20,14,6,1,1,0.0,24,52.17391304,0,0,0,118,22,6,0,23,2059,0,0,0,0,0,0.0,0,0,0,0,134,2,0,7.2,0,2,0,0,0,0,0,1029.5,0.0,0,6,4,3,4,3,50.0,13,6,46.15384615,6,6,9,82,60.74074074,94,797,891,1688,10,3,1945,9,3,0.08742107819329771,0.0,0.02467022826614862,0.027221667071393882,0.26226323457989315,0.13113161728994657,0.26226323457989315,0.9616318601262749,3.05973773676542,2.535211267605634,0.08742107819329771,0.0,0.0,1.4356,-0.62277125,141,0.26332728605929884,1,-1.3925067711974555,-0.9805499785102711,1.4356,0.999660125,0.8742107819329773,14.814953783562165,2.75,4.378213933800328,0.7431192660550456,0.10675968033908781,0.0,0.0703119364874807,0.03154795684891087,0.0588944191102918,0.644988121251258
Antoine Semenyo,Manchester City,M,5,12.82051282,242,25,50.0,411,161,572,77.92915531,58,50.43478261,57,29,4,128,6,7,9,8,26,53,18,230,0,2,2.3404016,9.8569,51,1,22.05882353,15,19,47,39,8,11,4,0.0,97,35.92592593,0,0,3,162,9,33,6,29,2588,18,0,0,2,1,50.0,0,1,0,0,440,21,0,7.072413793,0,9,0,0,0,0,0,172.5333333,50.0,2,51,17,23,36,38,41.30434783,40,29,72.5,33,92,39,155,40.25974026,50,544,190,734,68,3,1360,19,6,0.5216383307573416,0.1391035548686244,0.342782457496136,0.08138954559505408,1.1476043276661514,1.3214837712519318,1.008500772797527,0.31298299845440497,4.451313755795981,2.017001545595054,0.6259659969088099,0.0,0.0,5.1431000000000004,1.6595984000000001,46,0.4911687759282779,2,2.2040716621972027,-0.9577609784094011,5.1431000000000004,6.304818880000001,0.7563755795981453,13.224210636530911,2.0,7.962886922531995,0.6494780132110085,0.6370310524097231,0.23541344667697064,0.30766905902336755,0.4383456067364535,0.17869293242851117,0.9999999999999999
Phil Foden,Manchester City,M,34,33.00970874,314,39,61.9047619,602,322,924,88.08388942,6,28.57142857,15,26,3,84,8,4,19,7,12,25,13,86,0,2,3.98020912,5.4693,17,0,13.7254902,7,10,16,11,5,5,2,0.0,76,51.70068027,2,0,1,125,8,45,4,21,1828,2,0,1,0,0,0.0,0,0,0,0,275,9,0,7.019230769,0,1,0,0,0,0,0,261.1428571,0.0,2,28,23,15,17,22,56.41025641,28,12,42.85714286,44,39,103,82,48.80952381,63,698,351,1049,51,3,1439,26,4,0.34463894967177244,0.14770240700218817,0.2692762582056893,0.1959621557986871,2.2155361050328226,1.0831509846827134,0.5908096280087527,0.3938730853391685,4.135667396061269,0.29540481400437635,0.6400437636761488,0.0,0.0,1.5307000000000004,-0.98020912,19,0.46187726872371665,0,2.5986518179039666,-0.6431203332414159,1.5307000000000004,0.8445536160000005,0.28801969365426694,15.070928437726478,1.75,6.423796760221445,0.6104446011009168,0.4208772627809827,0.24996580962800874,0.593978161492298,0.34434686548749466,0.43208347943669456,0.8475745788240224
Joko Gvardiol,Manchester City,D,1,50.0,190,38,49.35064935,465,429,894,89.66900702,26,56.52173913,20,16,2,49,1,2,4,5,60,3,1,43,0,2,0.65621188,2.3419,16,0,12.5,2,4,13,10,3,2,0,0.0,27,54.0,1,0,1,103,13,5,0,15,1304,0,0,1,0,1,0.0,0,0,0,0,124,0,0,7.01875,0,1,0,0,0,0,0,652.0,0.0,0,13,3,7,5,2,33.33333333,18,13,72.22222222,4,6,2,53,55.20833333,77,529,468,997,16,1,1188,7,2,0.13803680981595093,0.13803680981595093,0.1616342024539877,0.0452906972392638,0.3450920245398773,0.13803680981595093,0.8972392638036809,0.8972392638036809,3.3819018404907975,1.7944785276073618,0.06901840490797546,0.0,0.0,-0.34189999999999987,1.3437881200000001,85,0.3064394805642543,1,-0.5092698187621933,-0.10705148859328135,-0.34189999999999987,0.5987516840000001,0.9317484662576686,14.42793139602147,1.25,4.255844681359969,0.6100917431192654,0.16857222532069158,0.23360812883435586,0.09251807082548746,0.20669564907607527,0.09885616415569486,0.6328691529809329
Gianluigi Donnarumma,Manchester City,G,0,0.0,12,108,42.85714286,45,521,566,79.27170868,14,93.33333333,1,27,0,183,0,0,0,11,35,0,1,2,1,3,0.01712201,0.0,0,0,0.0,0,0,24,17,7,0,0,2.2868,5,83.33333333,0,10,0,148,1,0,0,27,2430,0,0,0,0,0,0.0,1,0,1,0,153,0,24,7.014814815,0,0,45,17,64,1,16,0.0,0.0,0,0,0,0,0,2,100.0,0,0,0.0,0,2,0,19,90.47619048,252,145,569,714,0,0,937,3,6,0.0,0.0,0.0,0.0006341485185185186,0.0,0.07407407407407407,0.0,0.037037037037037035,6.777777777777779,0.5185185185185186,0.037037037037037035,2.3703703703703702,0.0846962962962963,0.0,-0.01712201,35,0.18216106018348624,0,-1.7974382865176428,-2.11835729043416,0.0,-0.011985407,0.10925925925925929,13.585359283574075,3.727791851851852,3.727791851851852,0.6072035339449542,0.0,0.0,0.0,0.0,9.305412672885611e-05,0.5805728828130382
Nico González,Manchester City,M,1,50.0,252,29,55.76923077,635,399,1034,89.75694444,29,52.72727273,26,21,0,79,1,0,8,4,40,13,8,77,0,1,0.99966107,0.571,28,0,8.333333333,1,1,14,11,3,0,1,0.0,64,55.65217391,0,0,0,118,21,8,0,15,1375,0,0,0,0,0,0.0,0,0,0,0,157,11,0,6.995238095,0,1,0,0,0,0,0,1375.0,0.0,0,2,10,2,2,11,68.75,36,26,72.22222222,8,16,2,93,54.70588235,52,712,440,1152,12,1,1383,17,6,0.06545454545454545,0.0,0.03737454545454545,0.06543236094545454,0.5236363636363636,0.72,1.701818181818182,1.3745454545454545,5.170909090909091,1.8981818181818182,0.5236363636363636,0.0,0.0,0.42900000000000005,-0.99966107,79,0.22367125329633425,1,-1.1723140075186658,1.537445886827454,0.42900000000000005,-0.27076274899999997,1.3090909090909093,14.955899756236363,1.0,6.135872984712727,0.5928352990825685,0.07993388429752064,0.0,0.14038523852385237,0.04779406718605652,0.14340177741435753,0.8190597433561582
Rayan Aït-Nouri,Manchester City,M,3,25.0,136,4,23.52941176,273,151,424,89.83050847,13,72.22222222,5,13,2,40,2,1,2,3,17,6,6,45,0,1,1.60369373,0.4196,11,0,0.0,0,2,8,5,3,0,0,0.0,55,57.89473684,0,0,0,48,13,8,0,10,782,0,0,0,0,0,0.0,0,0,0,0,103,3,0,6.945454545,0,0,0,0,0,0,0,0.0,0.0,0,2,5,4,1,19,52.77777778,28,20,71.42857143,8,36,12,68,60.17699115,17,303,169,472,7,1,701,8,2,0.0,0.23017902813299235,0.04829156010230179,0.1845683320971867,0.9207161125319694,2.186700767263427,2.3017902813299234,1.4961636828644502,4.603580562659847,1.4961636828644502,0.690537084398977,0.0,0.0,-0.4196,0.39630626999999996,44,0.28799989905018075,1,1.2454392090938227,3.3641207891344886,-0.4196,-0.14218561100000005,1.4501278772378516,14.993864133575448,0.75,6.23069698447775,0.5562969137614671,0.0,0.38954603580562663,0.24684105239168422,0.06175459901862688,0.4068847236860253,0.8284507384100646
Matheus Nunes,Manchester City,D,15,28.84615385,460,47,51.08695652,907,615,1522,88.95382817,30,56.60377358,23,27,4,134,5,0,1,9,82,14,17,86,1,1,1.84067552,0.3479,13,0,14.28571429,1,5,23,16,7,1,0,0.0,96,60.37735849,0,0,0,189,25,20,0,25,2267,4,0,0,0,1,0.0,0,0,0,1,322,6,0,6.937037037,0,1,0,0,0,0,0,2267.0,0.0,0,2,5,4,2,23,52.27272727,48,34,70.83333333,20,44,52,126,59.43396226,92,1025,686,1711,7,1,2295,25,4,0.03970004411116012,0.15880017644464048,0.013811645346272605,0.0730748993383326,0.7940008822232025,0.9131010145566829,1.3498014997794443,0.992501102779003,5.3198059108954565,1.1910013233348038,0.6749007498897222,0.0,0.0,0.6521,2.15932448,124,0.2646022504361302,1,0.10947044459189915,1.1789535777566758,0.6521,2.163627136,0.9071460079400089,14.969194736836567,2.25,4.611130359373147,0.5501189262385315,0.04848217508120463,0.26874724305249226,0.2128691034079147,0.01766214672583945,0.16030413287663195,0.6680552456706894
Abdukodir Khusanov,Manchester City,D,0,0.0,80,26,52.0,259,318,577,91.29746835,6,33.33333333,12,15,0,46,0,0,0,2,36,2,3,27,0,0,0.14818702,0.4662,8,0,0.0,0,0,8,7,1,0,0,0.0,30,66.66666667,0,0,0,55,21,2,0,9,889,0,0,0,0,0,0.0,0,0,0,0,75,1,0,6.86,0,0,0,0,0,0,0,0.0,0.0,0,2,0,2,0,4,66.66666667,21,15,71.42857143,2,6,0,36,57.14285714,50,290,342,632,2,0,783,5,2,0.0,0.0,0.047196850393700786,0.015002060517435321,0.20247469066366705,0.4049493813273341,1.5185601799775028,2.1259842519685037,4.656917885264342,0.6074240719910011,0.30371203599550056,0.0,0.0,-0.4662,-0.14818702,69,0.16225128717997686,1,-2.1408823683567015,2.1644223084696166,-0.4662,-0.569930914,1.2452193475815518,14.933466380677729,0.5,4.395008566618364,0.49357798165137634,0.0,0.0,0.054282818608070035,0.06035469893353456,0.03186934930146798,0.6466513954657731
Bernardo Silva,Manchester City,M,15,29.41176471,452,51,62.96296296,826,662,1488,90.51094891,4,17.39130435,19,30,4,111,7,1,6,4,27,26,20,121,0,1,3.37696173,1.5081,34,0,11.76470588,2,6,24,17,7,2,0,0.0,67,39.64497041,0,0,1,156,16,35,2,26,2258,5,0,0,0,0,0.0,0,0,0,0,273,15,0,6.853333333,0,0,0,0,0,0,0,1129.0,0.0,0,16,1,6,5,16,40.0,32,14,43.75,35,40,51,71,36.97916667,81,941,703,1644,17,1,1985,19,9,0.07971656333038087,0.15943312666076173,0.06011027457927369,0.13459989180690876,1.3950398582816652,0.6377325066430469,0.5580159433126661,0.6377325066430469,4.424269264836138,0.15943312666076173,0.7971656333038087,0.0,0.0,0.4919,0.6230382699999999,37,0.28869457909730023,0,0.801777996989068,-0.14161350958182167,0.4919,0.9280267889999999,0.29893711248892824,15.204623576059344,1.0,6.512847568521523,0.4886850150458715,0.09735083340043481,0.26981842338352524,0.37400573538310433,0.07686821249259397,0.29637375255779846,0.8563938197584349
Tijjani Reijnders,Manchester City,M,10,27.02702703,251,11,52.38095238,446,214,660,88.82907133,3,37.5,5,26,2,54,4,4,10,2,19,16,6,68,0,1,2.25920791,3.9949,18,0,12.19512195,5,7,16,13,3,5,0,0.0,44,41.12149533,0,0,1,83,10,18,3,17,1503,4,0,1,0,0,0.0,0,0,0,0,184,13,0,6.85,0,2,0,0,0,0,0,300.6,0.0,2,27,14,16,15,19,44.18604651,10,4,40.0,17,43,37,47,40.86956522,21,514,229,743,41,1,1018,15,2,0.2994011976047904,0.11976047904191617,0.23921556886227546,0.13528191077844312,1.0778443113772456,1.1377245508982035,0.23952095808383234,0.5988023952095808,3.2335329341317363,0.17964071856287422,0.35928143712574845,0.0,0.0,1.0051,-0.2592079100000002,27,0.3517508071307277,2,1.3560889951404551,-1.1872666546921504,1.0051,0.823654463,0.24550898203592814,14.543809919709581,0.5,6.196087549491019,0.48623853211009127,0.3656323716203955,0.20267797737857618,0.2889666212130195,0.30590565934933245,0.2978821162056188,0.8250231564309845
Nico O'Reilly,Manchester City,D,9,28.125,247,10,24.3902439,564,365,929,86.57968313,38,54.28571429,32,28,3,83,5,5,9,8,56,27,20,141,0,1,1.72633751,4.0359,33,0,12.90322581,4,7,20,16,4,4,0,0.0,94,46.30541872,1,0,0,144,17,18,3,23,2134,1,0,0,0,0,0.0,0,0,0,0,295,6,0,6.835714286,0,0,0,0,0,0,0,533.5,0.0,0,24,7,12,10,20,40.81632653,61,32,52.45901639,18,49,32,132,48.35164835,41,658,415,1073,31,2,1654,13,4,0.16869728209934395,0.12652296157450796,0.17021134020618556,0.07280711148078725,0.7591377694470478,0.8434864104967197,1.3495782567947516,0.7169634489222119,3.500468603561387,1.6026241799437677,0.8434864104967197,0.0,0.0,-0.03589999999999982,1.27366249,85,0.2893491406041559,1,0.4644313566164633,0.3967282667844862,-0.03589999999999982,0.8556637430000001,0.8814432989690723,14.14596961756701,2.0,4.193707945223196,0.47575360440366943,0.20601516571525944,0.21412253983130272,0.20352241409707983,0.2176639777341767,0.15971188913194492,0.6267153756337178
Nathan Aké,Manchester City,D,3,75.0,80,5,26.31578947,165,169,334,89.30481283,13,68.42105263,6,14,0,12,2,1,1,2,25,0,2,11,0,1,0.44223924,0.2759,2,0,0.0,0,0,7,6,1,0,0,0.0,14,73.68421053,0,0,0,40,4,6,0,4,503,1,0,0,0,0,0.0,0,0,0,0,51,1,0,6.809090909,0,0,0,0,0,0,0,0.0,0.0,0,3,0,2,0,0,0.0,8,5,62.5,6,1,4,27,71.05263158,19,191,183,374,3,1,461,6,1,0.0,0.0,0.04936580516898608,0.07912829343936381,1.073558648111332,0.0,0.8946322067594433,0.7157057654075546,2.147117296222664,2.326043737574553,0.3578528827037773,0.0,0.0,-0.2759,-0.44223924,32,0.18634953356183315,1,-0.7964991213348157,-0.13405322543905027,-0.2759,-0.5854674679999999,0.9393638170974155,14.328028848754473,0.5,4.057805382247068,0.4562135111926606,0.0,0.0,0.28781764856406117,0.0631283291942578,0.1736919123798676,0.6132561216486018
Rico Lewis,Manchester City,D,0,0.0,62,8,61.53846154,114,89,203,86.75213675,1,50.0,1,10,1,10,2,0,0,0,6,5,3,15,0,0,1.31145706,0.1119,4,0,0.0,0,1,5,5,0,0,0,0.0,14,50.0,0,0,0,31,7,6,0,3,333,0,0,0,0,0,0.0,0,0,0,0,46,3,0,6.733333333,0,0,0,0,0,0,0,0.0,0.0,0,1,1,2,0,2,50.0,5,3,60.0,6,4,2,15,50.0,13,142,92,234,2,0,319,7,1,0.0,0.2702702702702703,0.030243243243243245,0.354447854054054,1.6216216216216217,0.5405405405405406,0.8108108108108109,1.891891891891892,2.7027027027027026,0.2702702702702703,0.8108108108108109,0.0,0.0,-0.1119,-0.31145705999999995,13,0.28074266799563313,1,0.88256833101847,2.0122419854956846,-0.1119,-0.32991994199999997,0.7837837837837839,14.344675719256758,0.0,4.00695120878446,0.4006116205504586,0.0,0.45739489489489493,0.4347515832664348,0.038674653615513706,0.782592887422827,0.6082197248224682
Savinho,Manchester City,M,6,21.42857143,105,5,45.45454545,173,46,219,83.58778626,0,0.0,4,17,1,31,0,6,2,1,4,6,2,40,0,0,1.21431558,1.5342,8,0,0.0,0,1,5,4,1,0,0,0.0,24,40.0,0,0,0,43,5,6,0,5,582,4,0,0,0,0,0.0,0,0,0,1,111,3,0,6.694117647,0,0,0,0,0,0,0,0.0,0.0,0,14,0,3,9,8,28.57142857,6,3,50.0,6,28,28,24,37.5,11,211,51,262,14,0,413,10,2,0.0,0.15463917525773196,0.23724742268041238,0.18778075979381445,0.9278350515463918,1.2371134020618557,0.4639175257731959,0.7731958762886598,4.793814432989691,0.0,0.30927835051546393,0.0,0.0,-1.5342,-0.21431558000000006,10,0.23154122962529894,0,0.5123298974456237,0.043426408198986396,-1.5342,-1.684220906,0.34793814432989695,14.108309005237112,0.25,5.039222868560825,0.37182946568807296,0.0,0.2617053264604811,0.24874961722976424,0.30338882042316156,0.4139893781913735,0.7104518398489363
Omar Marmoush,Manchester City,F,0,0.0,58,1,100.0,94,32,126,86.89655172,2,28.57142857,5,17,3,14,2,2,6,0,2,12,3,38,0,0,0.70657912,2.1852,10,0,4.166666667,1,4,5,4,1,1,0,0.0,36,52.17391304,0,0,1,19,2,11,0,7,600,6,0,0,0,0,0.0,0,0,0,0,67,3,0,6.66,0,1,0,0,0,0,0,600.0,0.0,2,17,7,11,7,7,43.75,12,6,50.0,11,16,11,38,50.0,1,111,34,145,24,1,279,18,2,0.15000000000000002,0.45,0.32777999999999996,0.10598686800000001,1.65,1.05,0.9,0.30000000000000004,2.1,0.30000000000000004,0.45,0.0,0.0,-1.1852,2.29342088,7,0.41041467873052717,0,3.3111941016343622,0.334753402588431,-1.1852,0.4201946160000001,0.3975,14.163479475,0.0,2.47941788325,0.34678899082568826,0.1831818181818182,0.7615625,0.44235973597359735,0.41916066541326535,0.23309274899940274,0.45693884719318784
John Stones,Manchester City,D,0,0.0,22,5,50.0,91,149,240,92.66409266,9,90.0,1,7,0,17,0,0,0,0,14,1,2,4,0,0,0.06005487,0.0,0,0,0.0,0,0,8,7,1,0,0,0.0,2,40.0,0,0,0,19,2,1,0,4,363,0,0,0,0,0,0.0,0,0,0,0,27,1,0,6.566666667,0,0,0,0,0,0,0,0.0,0.0,0,0,0,0,0,2,100.0,0,0,0.0,1,2,4,11,73.33333333,10,103,156,259,0,0,296,0,0,0.0,0.0,0.0,0.014889637190082647,0.24793388429752067,0.49586776859504134,0.0,0.49586776859504134,4.214876033057851,2.231404958677686,0.49586776859504134,0.0,0.0,0.0,-0.06005487,14,0.09345678111430093,1,-1.2406322759010222,-1.531382075668577,0.0,-0.042038409,0.5206611570247934,15.043832176066115,0.0,4.067048976881405,0.27828746201834864,0.0,0.0,0.06647028339197557,0.0,0.03162071214147186,0.6141715708144931
Bruno Fernandes,Manchester United,M,41,30.82706767,530,110,59.13978495,885,446,1331,82.67080745,18,38.29787234,29,28,16,138,24,8,26,4,39,25,31,121,0,2,9.0768133,10.3486,20,1,10.95890411,8,24,39,35,4,7,1,0.0,93,50.27027027,0,0,5,279,15,101,0,28,2437,4,0,0,6,1,66.66666667,0,4,0,0,459,12,0,7.55,0,8,0,0,0,0,0,304.625,20.0,5,35,38,26,21,15,48.38709677,46,26,56.52173913,101,31,133,111,47.84482759,186,1105,505,1610,73,5,2143,33,3,0.2954452195322117,0.5908904390644234,0.3821805498563808,0.33521263725892486,3.729995896594173,0.553959786622897,0.9601969634796881,0.553959786622897,5.096430036930653,0.6647517439474764,1.1448502256873205,0.0,0.0,-2.3485999999999994,6.9231867000000005,49,0.7890730566668165,0,5.509163611769252,1.4255735494273833,-2.3485999999999994,2.4976306900000003,0.4634796881411571,15.064030349855354,1.0,7.1173603535703736,1.0,0.3608012832469131,0.9999999999999999,1.0,0.4887273585508824,0.7400519860950486,0.9162623824480988
Casemiro,Manchester United,M,3,21.42857143,259,69,51.87969925,589,500,1089,81.02678571,46,47.42268041,51,29,2,117,4,5,14,1,50,11,37,143,0,2,2.91479324,4.657,41,0,16.27906977,7,9,24,23,1,6,1,0.0,104,53.06122449,6,0,1,255,23,28,0,28,2152,3,0,0,0,0,0.0,0,0,0,0,314,7,0,7.124137931,1,1,0,0,0,0,0,307.4285714,0.0,0,25,18,15,14,6,50.0,71,36,50.70422535,28,12,14,150,51.19453925,133,762,582,1344,43,2,1758,27,8,0.29275092936802977,0.08364312267657992,0.19476301115241637,0.12190120427509292,1.171003717472119,0.25092936802973975,1.5055762081784385,0.9618959107806692,4.893122676579925,1.9237918215613383,1.5473977695167287,0.0,0.0,2.343,-0.9147932399999998,72,0.3959182110810193,1,0.2553059019776582,0.6094693025414477,2.343,1.702644732,0.9681691449814126,13.817625127828995,0.25,6.401741772927881,0.6874406833027518,0.3575109834403515,0.14155436802973978,0.31394236077882887,0.249060325073336,0.26828913988943154,0.8453903398433733
Lisandro Martínez,Manchester United,D,1,50.0,92,29,41.42857143,298,340,638,90.24045262,10,71.42857143,4,14,0,52,1,0,2,2,46,2,2,18,0,0,0.50183514,0.065,8,0,0.0,0,0,11,10,1,0,0,0.0,25,64.1025641,0,0,0,69,10,4,0,9,911,0,1,0,0,0,0.0,0,0,0,0,81,1,0,7.071428571,0,0,0,0,0,0,0,0.0,0.0,0,0,4,2,0,11,84.61538462,12,7,58.33333333,4,13,2,35,66.03773585,70,354,353,707,4,1,833,2,0,0.0,0.0,0.006421514818880351,0.04957756597145993,0.3951701427003293,1.0867178924259056,0.6915477497255763,0.9879253567508234,5.137211855104281,0.9879253567508234,0.19758507135016465,0.0,0.0,-0.065,-0.50183514,61,0.2113392272272918,1,-0.9837031038027833,0.06423721993603959,-0.065,-0.41628459799999995,0.7063666300768388,14.971074798214051,0.5,4.104145987899616,0.648754914495413,0.0,0.0,0.10594385453913119,0.008211746977982283,0.10833706898166356,0.6178455125154341
Matheus Cunha,Manchester United,F,8,18.18181818,239,19,52.77777778,393,199,592,80.1082544,27,40.90909091,39,28,2,106,3,4,22,2,17,47,16,164,0,0,2.58521899,5.9278,17,0,9.722222222,7,9,29,26,3,5,2,0.0,118,48.55967078,0,0,3,147,16,27,0,24,2075,2,0,1,0,0,0.0,0,0,0,2,356,17,0,7.060714286,0,7,0,0,0,0,0,296.4285714,0.0,0,39,33,21,29,38,45.78313253,33,19,57.57575758,26,83,44,145,46.92556634,36,506,233,739,72,2,1281,48,1,0.3036144578313253,0.08674698795180723,0.2571093975903615,0.11212998028915663,1.1710843373493975,1.6481927710843374,0.8240963855421687,0.6939759036144578,4.597590361445783,1.1710843373493975,0.6939759036144578,0.0,0.0,1.0721999999999996,-0.58521899,36,0.39429662647459524,0,1.489347782844706,-0.274539009611769,1.0721999999999996,0.6625467069999996,0.6267469879518072,13.603547763506025,0.5,2.600116893571084,0.640891219082568,0.3707776560788609,0.14680722891566267,0.31396397471072407,0.3287880474036846,0.24667895062748374,0.4688924012696401
Amad Diallo,Manchester United,F,10,25.0,281,22,68.75,446,245,691,88.36317136,9,36.0,16,25,2,100,5,4,14,3,25,21,17,103,0,0,3.5401729,4.6861,17,0,4.651162791,2,4,27,25,2,1,1,0.0,102,53.96825397,1,0,1,91,15,38,1,22,1919,11,0,0,0,0,0.0,0,0,0,1,229,9,0,6.96,0,0,0,0,0,0,0,959.5,0.0,0,32,11,12,17,36,52.17391304,33,21,63.63636364,38,69,40,111,51.86915888,32,514,268,782,43,0,1222,33,2,0.09379885356956748,0.09379885356956748,0.21977540385617506,0.16603207972902553,1.7821782178217822,1.6883793642522147,0.9848879624804586,0.7034914017717562,4.689942678478374,0.42209484106305367,0.7972902553413236,0.0,0.0,-2.6860999999999997,-1.5401729,44,0.3302511516560781,0,1.5731961995500023,0.6153774870448213,-2.6860999999999997,-3.76422103,0.5205836373110995,15.092231769789473,0.75,-0.5072726433004692,0.5669724770642199,0.11454829693495665,0.15874153204794164,0.47779629448093325,0.28104583721344645,0.36588966283594826,0.16114879370579524
Matthijs de Ligt,Manchester United,D,4,80.0,35,21,47.72727273,141,396,537,87.74509804,50,61.72839506,31,13,0,40,2,1,3,1,68,1,6,44,0,1,0.76599626,1.4559,6,0,9.090909091,1,1,20,18,2,1,0,0.0,24,64.86486486,1,0,0,75,15,3,0,13,1170,0,0,0,0,0,0.0,0,0,0,0,89,1,0,6.953846154,0,0,0,0,0,0,0,1170.0,0.0,0,11,0,5,3,1,50.0,19,13,68.42105263,3,2,5,74,62.71186441,44,187,425,612,11,1,791,5,0,0.07692307692307693,0.0,0.11199230769230768,0.05892278923076923,0.23076923076923078,0.07692307692307693,1.0,1.1538461538461537,3.076923076923077,3.8461538461538463,0.46153846153846156,0.0,0.0,-0.45589999999999997,-0.76599626,90,0.21582331654088524,1,-1.588473622304016,0.11218340343045755,-0.45589999999999997,-0.992097382,1.3961538461538463,14.026495403307692,0.25,4.19550155121923,0.562455892844036,0.09393939393939395,0.0,0.061868494541761875,0.14321426021561673,0.12900510848413527,0.6268930072995319
Senne Lammens,Manchester United,G,0,0.0,34,147,32.23684211,124,300,424,57.60869565,6,100.0,0,25,0,176,0,0,0,5,22,0,0,0,0,0,0.03511233,0.0,0,0,0.0,0,0,32,29,3,0,0,3.115,3,100.0,0,24,0,312,0,0,0,25,2250,0,0,0,0,0,0.0,4,0,0,0,320,0,13,6.932,0,0,36,21,57,1,9,0.0,0.0,0,0,0,0,0,0,0.0,1,1,100.0,0,0,0,9,100.0,456,388,348,736,0,0,916,3,0,0.0,0.0,0.0,0.0014044932,0.0,0.0,0.04,0.0,7.04,0.24,0.0,2.28,0.1246,0.0,-0.03511233,23,0.1639266055045871,0,-1.8595752563692978,-2.117066491354225,0.0,-0.024578630999999997,0.062,10.4016554708,2.20561,2.20561,0.5464220183486237,0.0,0.0,0.0,0.0,0.0017967602732372283,0.42982199403688587
Patrick Dorgu,Manchester United,M,15,27.77777778,121,6,35.29411765,201,154,355,75.85470085,42,54.54545455,35,22,3,72,5,2,5,2,31,21,15,113,0,0,1.4381283,1.8222,19,0,14.28571429,3,6,20,19,1,2,1,0.0,98,55.68181818,0,0,1,113,14,24,3,14,1349,7,0,0,0,0,0.0,0,0,0,0,250,3,0,6.923809524,0,0,0,0,0,0,0,449.6666667,0.0,0,15,6,8,8,10,28.57142857,47,31,65.95744681,24,35,54,140,55.33596838,17,285,183,468,21,1,912,42,5,0.20014825796886582,0.20014825796886582,0.12157005189028909,0.09594629132690882,1.6011860637509265,0.6671608598962194,2.0681986656782803,0.9340252038547071,4.80355819125278,2.8020756115641214,1.000741289844329,0.0,0.0,1.1778,1.5618717,61,0.37091083966784993,0,1.315264260981966,1.8863870951044062,1.1778,2.27111019,1.4143810229799851,13.163496370457747,0.5,6.456718828779096,0.5404106598165139,0.24442347867106948,0.33872312824314305,0.4292728753972506,0.15546215096912192,0.21088685519153427,0.8508350506851062
Bryan Mbeumo,Manchester United,M,30,33.70786517,254,13,50.0,380,168,548,78.84892086,11,14.1025641,67,26,3,75,5,10,8,0,12,26,12,157,0,1,4.31965464,8.1948,20,0,15.0,9,12,33,29,4,9,0,0.0,63,41.17647059,1,0,1,147,7,40,5,26,2196,7,0,0,0,0,0.0,0,0,0,1,350,19,0,6.880769231,0,3,0,0,0,0,0,244.0,0.0,0,45,15,22,30,14,30.43478261,23,10,43.47826087,40,46,89,74,32.03463203,26,501,194,695,60,2,1149,26,4,0.36885245901639346,0.12295081967213115,0.3358524590163935,0.17703502622950823,1.639344262295082,0.5737704918032788,0.4098360655737705,0.2868852459016394,3.073770491803279,0.45081967213114754,0.4918032786885246,0.0,0.0,0.8051999999999992,-1.3196546400000004,17,0.41574745358554893,2,1.7818188205797645,-1.4247243240040441,0.8051999999999992,-0.11855824800000103,0.24590163934426232,13.213810000311476,0.0,5.287281028793443,0.5088214539449538,0.4504470938897169,0.20807718579234974,0.4395029666901117,0.4294836176764688,0.3902239485566264,0.7350185419665254
Noussair Mazraoui,Manchester United,D,4,33.33333333,106,16,55.17241379,194,127,321,88.18681319,12,52.17391304,11,15,0,30,0,0,3,0,35,1,2,28,0,2,0.29045344,0.1733,8,0,0.0,0,0,7,6,1,0,0,0.0,31,64.58333333,0,0,0,43,8,3,0,7,653,0,0,1,0,0,0.0,0,0,0,0,69,2,0,6.88,0,0,0,0,0,0,0,0.0,0.0,0,1,3,1,0,6,50.0,16,9,56.25,2,12,12,43,60.56338028,29,221,143,364,4,0,540,9,3,0.0,0.0,0.023885145482388973,0.040031867687595715,0.41347626339969373,0.8269525267993875,1.2404287901990811,1.1026033690658499,4.134762633996937,1.653905053598775,0.27565084226646247,0.0,0.0,-0.1733,-0.29045344,50,0.17215921463665534,1,-1.1333451088124171,0.7520704062495295,-0.1733,-0.376617408,1.0543644716692189,14.416437296111026,0.0,4.180235395829288,0.5082568807339447,0.0,0.0,0.11085166709626552,0.030544003520320984,0.08722565583130895,0.625381107462841
Diogo Dalot,Manchester United,M,15,29.41176471,243,34,61.81818182,450,386,836,84.87309645,42,68.85245902,19,29,3,114,5,3,3,4,74,16,17,81,1,2,2.37226979,1.605,22,0,4.761904762,1,4,35,32,3,1,0,0.0,67,51.9379845,0,0,0,149,25,27,0,25,2236,4,0,0,0,0,0.0,0,0,0,0,303,9,0,6.85862069,0,1,0,0,0,0,0,2236.0,0.0,0,13,8,12,6,16,69.56521739,40,26,65.0,27,23,51,109,57.36842105,55,552,433,985,21,2,1559,12,5,0.04025044722719141,0.12075134168157423,0.06460196779964222,0.09548491999105545,1.086762075134168,0.6440071556350626,1.0465116279069768,1.0062611806797854,4.588550983899821,1.6905187835420394,0.684257602862254,0.0,0.0,-0.605,0.6277302100000002,108,0.2528940814103916,1,0.04964132900495786,0.7793491359446326,-0.605,-0.16558885299999987,0.9036225402504473,14.282340169769677,1.0,5.827425034757961,0.49256564403669767,0.04915433403805497,0.2043548747763864,0.291357445225739,0.08261212950730484,0.2098664792486453,0.7885122745762001
Mason Mount,Manchester United,M,1,5.555555556,124,19,59.375,188,68,256,79.25696594,5,27.77777778,13,18,0,43,1,1,6,0,4,11,10,54,0,0,1.40211272,1.4878,12,0,16.66666667,3,3,14,12,2,2,1,0.0,28,40.57971014,0,0,1,67,3,13,0,10,820,0,0,0,0,0,0.0,0,0,0,1,117,9,0,6.85,0,3,0,0,0,0,0,273.3333333,0.0,1,12,6,7,5,5,38.46153846,14,8,57.14285714,13,13,18,33,37.93103448,32,235,88,323,18,0,453,9,0,0.32926829268292684,0.0,0.1632951219512195,0.15389042048780488,1.4268292682926829,0.5487804878048781,0.8780487804878049,0.32926829268292684,4.719512195121951,0.5487804878048781,1.0975609756097562,0.0,0.0,1.5122,-1.40211272,5,0.3246593844542063,2,0.6860041540992012,-0.984475867319766,1.5122,0.530721096,0.35121951219512193,13.606285788804879,0.0,5.725046656360976,0.48623853211009127,0.40210643015521064,0.0,0.3825283747886984,0.20881961064071478,0.33903698250291076,0.778373123648845
Harry Maguire,Manchester United,D,1,50.0,47,28,37.33333333,196,359,555,86.44859813,47,78.33333333,13,18,1,45,1,1,2,3,71,2,2,30,1,0,0.21427547,0.8107,13,0,10.0,1,2,14,13,1,1,0,0.0,26,60.46511628,1,0,1,87,9,2,0,14,1217,0,0,0,0,2,0.0,0,0,0,0,93,2,0,6.8,1,0,0,0,0,0,0,1217.0,0.0,0,10,0,6,2,0,0.0,12,9,75.0,2,1,2,73,70.87378641,75,257,385,642,10,0,789,14,3,0.07395234182415776,0.07395234182415776,0.059953163516844696,0.015846172801972064,0.14790468364831552,0.0,0.6655710764174199,0.6655710764174199,3.3278553820870993,3.475760065735415,0.14790468364831552,0.0,0.0,0.18930000000000002,0.78572453,87,0.19608571902465816,1,-1.1560028067001307,-0.7354775914199821,0.18930000000000002,0.739307171,1.1055875102711585,13.854981747499176,0.75,4.237994018687489,0.44954128440366947,0.09031149622768357,0.12515406737880033,0.039652773822986244,0.07666730097428437,0.033736201013538955,0.6311012937334679
Ayden Heaven,Manchester United,D,0,0.0,26,12,60.0,88,245,333,90.73569482,17,62.96296296,10,14,1,33,1,1,1,1,52,1,4,21,0,0,0.16843562,0.3454,5,0,0.0,0,1,12,10,2,0,0,0.0,24,68.57142857,0,0,0,34,1,2,0,8,668,0,1,0,0,0,0.0,0,0,0,0,39,1,0,6.8,0,0,0,0,0,0,0,0.0,0.0,0,3,0,2,0,3,75.0,16,9,56.25,2,4,1,41,66.12903226,20,111,256,367,3,0,471,5,2,0.0,0.1347305389221557,0.04653592814371257,0.022693421856287428,0.2694610778443114,0.40419161676646703,1.2125748502994012,0.1347305389221557,4.446107784431137,2.2904191616766467,0.5389221556886228,0.0,0.0,-0.3454,0.83156438,58,0.1972521305697068,0,-0.49904645188006175,-0.2748860838754961,-0.3454,0.23669506599999995,0.842065868263473,14.821865901817365,0.25,4.246210256312425,0.44954128440366947,0.0,0.22801272455089822,0.07224165530325488,0.05950952042938088,0.0488796823420216,0.6319149975119279
Kobbie Mainoo,Manchester United,M,4,33.33333333,178,15,60.0,398,233,631,89.88603989,13,38.23529412,21,22,2,63,0,0,3,3,19,23,7,72,0,1,0.84820915,0.2363,8,0,0.0,0,2,17,14,3,0,0,0.0,53,50.96153846,0,0,0,71,7,17,0,10,1130,1,0,0,0,0,0.0,0,0,0,0,140,8,0,6.766666667,0,0,0,0,0,0,0,0.0,0.0,0,0,8,3,2,11,44.0,26,11,42.30769231,17,25,12,66,47.82608696,25,449,253,702,8,0,917,16,0,0.0,0.1592920353982301,0.018820353982300884,0.06755648097345132,1.3539823008849556,0.8761061946902655,0.8761061946902655,0.5575221238938053,5.017699115044247,1.0353982300884956,0.5575221238938053,0.0,0.0,-0.2363,1.15179085,30,0.23829533695312358,0,0.7209656630962081,0.36668192355943136,-0.2363,0.5699535949999999,0.5973451327433628,15.22811368781416,0.75,6.438695939674336,0.4250764528440367,0.0,0.2695796460176991,0.36299833523175323,0.0240672161160975,0.14809951394011642,0.8490501348108621
Benjamin eko,Manchester United,F,0,0.0,51,4,80.0,111,67,178,69.26070039,54,50.46728972,53,26,1,30,0,11,8,1,14,24,2,109,0,0,0.22880222,7.1679,15,0,16.98113208,9,10,26,23,3,9,0,0.0,15,21.12676056,1,0,3,79,3,8,1,13,1332,5,0,0,0,0,0.0,0,0,0,0,158,4,0,6.723076923,0,7,0,0,0,0,0,148.0,0.0,0,48,5,17,28,6,25.0,5,3,60.0,8,24,2,69,38.76404494,5,176,81,257,53,1,470,4,2,0.6081081081081081,0.06756756756756757,0.4843175675675676,0.015459609459459461,0.5405405405405406,0.40540540540540543,0.20270270270270271,0.20270270270270271,2.0270270270270268,3.6486486486486487,0.13513513513513514,0.0,0.0,1.8320999999999996,0.77119778,18,0.41012364673935975,2,1.1112566665922845,-2.8521921700105075,1.8320999999999996,2.3719384459999997,0.8412162162162163,11.08891590681081,0.25,3.5264128421432432,0.3930839801834862,0.7426289926289926,0.11434872372372373,0.14491719442214493,0.6193388061899926,0.032881271579370625,0.560629099711498
Manuel Ugarte,Manchester United,M,0,0.0,90,12,50.0,205,173,378,84.75336323,10,45.45454545,12,21,0,50,0,1,3,1,17,11,16,63,0,1,0.18333629,0.4906,22,0,0.0,0,0,21,20,1,0,0,0.0,62,54.86725664,0,0,0,68,18,3,0,7,810,0,0,0,0,0,0.0,0,0,0,0,93,1,0,6.661904762,0,0,0,0,0,0,0,0.0,0.0,0,4,7,7,1,7,77.77777778,43,26,60.46511628,3,9,0,72,53.33333333,24,253,193,446,11,0,617,12,1,0.0,0.0,0.05451111111111111,0.02037069888888889,0.33333333333333337,0.7777777777777777,2.8888888888888893,2.0,5.555555555555555,1.1111111111111112,1.7777777777777777,0.0,0.0,-0.4906,-0.18333629,45,0.12483174260802021,1,-1.7975645389426305,3.7727290567237333,-0.4906,-0.618935403,1.5666666666666669,14.223652714777778,0.25,5.755220258044445,0.3481869812844032,0.0,0.0,0.08936560322698937,0.06970807738650857,0.04374271250069975,0.7813613981876767
Luke Shaw,Manchester United,D,6,13.33333333,266,48,47.52475248,613,667,1280,86.8385346,52,52.0,48,31,1,88,1,0,3,3,70,5,14,114,0,1,1.49265982,0.5033,38,0,0.0,0,1,39,37,2,0,0,0.0,77,53.84615385,0,0,0,194,33,15,0,31,2626,0,0,0,0,0,0.0,0,0,0,0,295,4,0,6.622580645,0,0,0,0,0,0,0,0.0,0.0,0,3,2,0,2,6,40.0,60,35,58.33333333,15,15,45,129,53.08641975,101,727,747,1474,5,0,1945,11,5,0.0,0.03427265803503427,0.01724942878903275,0.051157419573495816,0.5140898705255141,0.20563594821020564,1.1995430312261997,1.130997715156131,3.0159939070830157,1.7821782178217822,0.4798172124904798,0.0,0.0,-0.5033,-0.4926598200000001,124,0.13027762787013858,1,-1.2441528820235257,0.6713188473898605,-0.5033,-0.848161874,1.0436024371667938,13.972499476348059,0.75,3.9920620502870907,0.3193252440366967,0.0,0.058001713632901755,0.1378258541771923,0.022058338059703777,0.11183109750821299,0.6067451612715516
Leny Yoro,Manchester United,D,1,33.33333333,127,35,49.29577465,322,488,810,88.52459016,38,54.28571429,32,28,0,65,0,2,1,1,74,5,7,61,0,2,0.44335457,1.1364,16,0,0.0,0,0,30,27,3,0,0,0.0,35,54.6875,0,0,0,105,25,3,0,17,1624,2,0,0,0,1,0.0,0,0,0,0,131,2,0,6.618518519,0,0,0,0,0,0,0,0.0,0.0,0,7,0,4,2,1,50.0,31,20,64.51612903,3,2,3,73,54.47761194,71,383,532,915,7,0,1135,3,1,0.0,0.0,0.06297783251231527,0.024570142426108374,0.16625615763546797,0.05541871921182266,1.1083743842364533,1.3854679802955665,3.602216748768473,2.105911330049261,0.3879310344827586,0.0,0.0,-1.1364,-0.44335457,112,0.10964259267423886,1,-2.003087486535407,0.6796411483584548,-1.1364,-1.446748199,1.1665640394088672,14.243574901971058,0.25,4.043819919288085,0.31634386715596285,0.0,0.0,0.04457274545188509,0.0805352070966723,0.05303026642074026,0.6118710565406137
Altay Bay?nd?r,Manchester United,G,0,0.0,13,31,31.0,25,82,107,60.4519774,1,100.0,0,6,0,39,1,0,0,0,7,0,1,1,1,0,0.04160964,0.0,0,0,0.0,0,0,11,10,1,0,0,-0.8378,4,80.0,0,4,0,70,0,1,0,6,540,0,0,0,0,0,0.0,0,0,0,0,72,0,1,6.6,0,0,11,2,13,0,2,0.0,0.0,0,0,0,0,0,1,100.0,0,0,0.0,1,1,0,5,83.33333333,100,86,91,177,0,0,225,3,0,0.0,0.0,0.0,0.0069349400000000005,0.16666666666666669,0.16666666666666669,0.0,0.0,6.499999999999999,0.16666666666666669,0.16666666666666669,2.1666666666666665,-0.13963333333333333,0.0,-0.04160964,6,0.09752810831541862,0,-1.5377913562640093,-2.101239551540587,0.0,-0.029126748,0.008333333333333338,10.752863678333332,0.817795,0.817795,0.3027522935779814,0.0,0.0,0.04468280161349469,0.0,0.014027981481874941,0.2923782684712773
Joshua Zirkzee,Manchester United,F,2,40.0,40,2,40.0,91,65,156,75.36231884,17,40.47619048,25,18,1,16,2,4,5,0,8,10,1,47,0,0,0.32748187,2.3854,8,0,9.523809524,2,3,8,7,1,1,1,0.0,17,43.58974359,0,0,0,51,1,10,2,4,550,1,0,0,0,0,0.0,0,0,0,0,99,2,0,6.533333333,0,0,0,0,0,0,0,275.0,0.0,0,18,3,9,7,5,62.5,8,5,62.5,10,8,5,34,41.97530864,5,128,79,207,21,0,331,4,1,0.32727272727272727,0.16363636363636364,0.39033818181818186,0.053587942363636364,1.6363636363636362,0.8181818181818181,0.8181818181818181,0.16363636363636364,2.618181818181818,2.7818181818181817,0.16363636363636364,0.0,0.0,-0.3854000000000002,0.67251813,13,0.34717201136712234,2,2.1474047081346255,-0.8993791105053155,-0.3854000000000002,0.08536269099999982,0.8672727272727273,12.545017538863636,0.0,2.032501921806818,0.25382262972477054,0.3996694214876033,0.27693181818181817,0.4387038703870387,0.49915922883370945,0.11720647909561825,0.41267805252279816
Youri Tielemans,Aston Villa,M,9,30.0,220,42,63.63636364,442,255,697,84.58737864,14,48.27586207,15,18,4,71,4,2,6,2,13,11,16,67,0,1,2.6121743,0.9934,22,0,0.0,0,4,17,15,2,0,0,0.0,75,59.05511811,0,0,0,127,11,27,0,15,1322,1,0,0,0,0,0.0,0,0,0,0,187,7,0,7.15,0,0,0,0,0,0,0,0.0,0.0,0,7,10,7,4,9,69.23076923,40,24,60.0,27,13,30,89,57.05128205,66,540,284,824,17,1,1072,27,0,0.0,0.2723146747352496,0.06762934947049924,0.1778333487140696,1.8381240544629347,0.6127080181543116,1.6338880484114977,0.7488653555219364,4.833585476550681,0.9531013615733737,1.0892586989409985,0.0,0.0,-0.9934,1.3878257,32,0.38666518828211,0,1.4450263921711752,1.8099396312523968,-0.9934,-0.021922009999999936,0.8237518910741299,14.584304921378214,0.5,5.9897035427661125,0.7064220183486238,0.0,0.4608547655068079,0.49279519479935885,0.08648350456257468,0.3919895308427627,0.80458369815922
Boubacar Kamara,Aston Villa,M,0,0.0,198,31,67.39130435,392,330,722,88.26405868,36,64.28571429,20,18,3,65,0,2,3,2,20,15,19,88,0,3,0.86047139,0.4904,17,0,14.28571429,1,4,15,14,1,0,1,0.0,80,54.05405405,0,0,0,96,18,15,1,17,1418,0,0,0,0,0,0.0,0,0,0,0,145,5,0,7.122222222,0,0,0,0,0,0,0,1418.0,0.0,0,5,2,0,4,14,45.16129032,37,17,45.94594595,15,31,2,116,56.8627451,46,461,357,818,7,0,1048,30,5,0.06346967559943582,0.19040902679830748,0.031125528913963328,0.05461383998589562,0.9520451339915373,0.8885754583921016,1.0789844851904091,1.1424541607898449,4.125528913963328,2.2849083215796897,1.2059238363892806,0.0,0.0,0.5096,2.13952861,36,0.33190237856250726,1,0.4944219301082165,1.0443269870284342,0.5096,2.007270027,0.9964739069111425,14.617860287384346,0.5,6.849346907135968,0.6860346583486239,0.07750993717143223,0.322240832157969,0.25524026309542097,0.03980290869155135,0.11947537005670089,0.8897193874670506
Amadou Onana,Aston Villa,M,0,0.0,115,40,64.51612903,307,343,650,86.89839572,42,68.85245902,19,22,0,64,0,3,3,3,56,10,10,62,1,1,0.64819187,1.4001,17,0,12.5,2,2,22,20,2,1,1,0.0,69,61.60714286,1,0,0,98,23,5,0,19,1579,0,0,0,0,0,0.0,0,0,0,0,136,4,0,7.063636364,0,1,0,0,0,0,0,789.5,0.0,0,9,7,7,6,6,50.0,43,27,62.79069767,5,12,0,111,64.16184971,62,381,367,748,16,1,1021,23,2,0.11399620012666245,0.0,0.07980303989867003,0.03694570506649778,0.2849905003166561,0.3419886003799873,1.538948701709943,1.3109563014566181,3.6478784040531984,2.3939202026599116,0.5699810006333123,0.0,0.0,0.5999000000000001,-0.64819187,96,0.24938000662815366,1,-1.3826789657280822,0.9424295919868522,0.5999000000000001,0.14616569100000015,1.3252058264724509,14.055712060390752,0.75,5.945792265850791,0.6430358634862383,0.13921354136680292,0.0,0.07640504392427844,0.10205105651939685,0.08040025110913027,0.8002348984318898
Ross Barkley,Aston Villa,M,0,0.0,82,10,71.42857143,129,89,218,87.5502008,13,68.42105263,6,14,0,25,3,0,3,0,7,6,4,22,0,0,1.15361213,0.6815,3,0,18.18181818,2,2,6,6,0,2,0,0.0,19,54.28571429,1,0,0,31,2,7,1,2,406,0,0,0,0,0,0.0,0,0,0,0,47,1,0,7.021428571,0,0,0,0,0,0,0,203.0,0.0,0,4,7,4,4,6,66.66666667,9,8,88.88888889,7,9,0,32,59.25925926,14,150,99,249,11,1,323,4,0,0.4433497536945813,0.0,0.15107142857142858,0.25572682684729064,1.5517241379310345,1.3300492610837438,1.7733990147783252,0.4433497536945813,5.541871921182266,2.8817733990147785,0.8866995073891626,0.0,0.0,1.3185,-1.15361213,13,0.4006939785144309,0,1.5169867736040308,0.1759968946426125,1.3185,0.5109715090000001,1.1970443349753697,15.12503325528325,0.0,6.4938107727083745,0.6120576667889912,0.541424093148231,0.0,0.41601229088426084,0.19318811558036672,0.5642599451893234,0.8545084905615383
Ezri Konsa,Aston Villa,D,1,20.0,166,51,57.30337079,593,1147,1740,95.13395298,29,58.0,21,30,0,90,1,1,4,8,107,5,4,45,1,1,0.55244841,1.2416,11,0,0.0,0,0,36,32,4,0,0,0.0,57,70.37037037,0,0,1,89,23,5,0,30,2676,0,0,0,0,0,0.0,0,0,0,0,117,3,0,7.006666667,1,0,0,0,0,0,0,0.0,0.0,0,11,0,5,2,7,63.63636364,20,7,35.0,5,11,5,86,65.64885496,89,650,1179,1829,11,0,2134,32,0,0.0,0.0,0.041757847533632285,0.018580103475336323,0.16816143497757846,0.23542600896860988,0.23542600896860988,0.7735426008968609,3.0269058295964126,0.9753363228699552,0.13452914798206278,0.0,0.0,-1.2416,-0.55244841,133,0.1924694416911713,1,-1.5289839267499763,-1.0587657103213688,-1.2416,-1.628313887,0.4893497757847533,15.09032093251009,2.0,3.8219430155483747,0.6012232418348624,0.0,0.0,0.04508354422886235,0.053399375063832424,0.03978260414230571,0.5898972428356547
Emiliano Martínez,Aston Villa,G,0,0.0,37,141,35.33834586,108,624,732,73.4939759,14,93.33333333,1,27,0,224,1,0,0,7,25,0,0,1,3,2,0.08369305,0.0,0,0,0.0,0,0,29,25,4,0,0,3.2959,11,100.0,0,40,0,264,0,1,0,27,2385,0,0,0,0,0,0.0,1,0,1,0,271,0,9,6.937037037,0,0,44,31,76,1,19,0.0,0.0,0,0,0,0,0,0,0.0,0,0,0.0,1,0,0,25,96.15384615,399,316,680,996,0,3,1276,16,2,0.0,0.0,0.0,0.003158228301886793,0.03773584905660377,0.0,0.0,0.0,8.452830188679245,0.5283018867924528,0.0,2.8679245283018866,0.12437358490566038,0.0,-0.08369305,25,0.16655320698296117,0,-1.9484926600419805,-2.0845046781310232,0.0,-0.058585134999999997,0.10566037735849057,13.151301036415092,2.940700566037736,2.940700566037736,0.5501189262385315,0.0,0.0,0.01011686074267804,0.0,0.005675347799389755,0.5026224652988036
Matty Cash,Aston Villa,D,23,21.9047619,272,47,41.22807018,515,457,972,85.3380158,28,56.0,22,28,2,74,4,0,7,8,75,13,25,104,1,1,2.69045206,1.1357,37,0,11.11111111,3,5,27,25,2,1,2,0.0,85,50.89820359,0,0,1,167,18,24,1,28,2446,3,0,0,0,0,0.0,0,0,0,0,351,3,0,6.935714286,0,2,0,0,0,0,0,815.3333333,0.0,0,9,18,11,9,11,61.11111111,51,23,45.09803922,24,18,105,113,52.07373272,114,629,510,1139,27,3,1773,25,7,0.11038430089942763,0.07358953393295176,0.04178781684382665,0.09899455658217499,0.8830744071954211,0.4047424366312347,0.8462796402289453,0.6623058053965658,2.722812755519215,1.0302534750613246,0.919869174161897,0.0,0.0,1.8643,-0.6904520600000001,91,0.2642092892235693,1,-0.05439960046884512,-0.31049805974663053,1.8643,1.380983558,0.5629599345870808,13.815230240543743,2.0,3.9987310545881845,0.549148099816513,0.13480264624990707,0.12454006541291905,0.23674943128000453,0.05343769941554104,0.21762844551652663,0.6074056331622254
John McGinn,Aston Villa,M,16,25.3968254,172,30,55.55555556,312,180,492,82.0,9,39.13043478,14,24,2,73,4,3,5,2,13,41,14,110,0,0,2.12531076,2.5751,25,0,20.0,4,6,22,19,3,1,3,0.0,78,44.82758621,0,0,0,108,11,27,4,23,1735,0,0,0,0,0,0.0,0,0,0,0,252,17,0,6.858333333,0,0,0,0,0,0,0,433.75,0.0,0,9,11,7,8,10,38.46153846,27,15,55.55555556,27,26,63,87,44.16243655,54,396,204,600,20,1,946,41,3,0.207492795389049,0.1037463976945245,0.13357867435158502,0.11024666766570607,1.4005763688760808,0.5187319884726225,0.7780979827089338,0.5706051873198847,3.7867435158501443,0.4668587896253602,0.7262247838616714,0.0,0.0,1.4249,-0.12531076000000008,25,0.3195752449725288,0,0.8360974160686523,-0.4028829081090787,1.4249,1.337182468,0.4279538904899135,13.76444927498559,0.5,6.126243475292219,0.49235473981651356,0.25339271679329317,0.17557636887608072,0.375490056210232,0.17081861622500538,0.2425137874615631,0.8181060747114729
Douglas Luiz,Aston Villa,M,11,26.19047619,126,24,57.14285714,257,240,497,89.38848921,7,53.84615385,6,16,0,48,2,2,3,0,8,3,6,32,0,1,1.39112824,0.4908,12,0,10.0,1,1,13,9,4,1,0,0.0,38,59.375,0,0,0,59,12,18,0,11,823,0,0,0,0,1,0.0,0,0,0,0,120,3,0,6.85625,0,1,0,0,0,0,0,823.0,0.0,0,4,6,3,4,5,45.45454545,21,11,52.38095238,18,11,42,45,58.44155844,42,304,252,556,10,0,733,12,2,0.10935601458080194,0.0,0.05367193195625759,0.15212824009720533,1.968408262454435,0.5467800729040098,1.2029161603888214,1.3122721749696233,5.249088699878493,0.7654921020656136,0.6561360874848117,0.0,0.0,0.5092,-1.39112824,25,0.26665651998690343,1,0.14254411794005734,1.2486213640464838,0.5092,-0.46458976799999996,0.8693803159173754,15.447520508352978,0.0,6.167048359324666,0.4908256880733948,0.13354689053352478,0.0,0.5277239753136918,0.0686349463445007,0.3351397172463411,0.8221472295359216
Pau Torres,Aston Villa,D,0,0.0,121,40,40.81632653,334,517,851,88.92371996,22,57.89473684,16,17,0,71,0,0,1,4,55,3,9,36,2,2,0.34413894,0.5686,4,0,0.0,0,0,15,14,1,0,0,0.0,29,59.18367347,0,0,0,106,11,1,0,15,1389,0,1,0,0,0,0.0,0,0,0,0,130,3,0,6.852941176,0,0,0,0,0,0,0,0.0,0.0,0,7,0,6,0,6,60.0,19,12,63.15789474,1,10,4,51,58.62068966,98,413,544,957,7,0,1113,4,0,0.0,0.0,0.03684233261339093,0.022298419438444923,0.06479481641468682,0.38876889848812096,0.7775377969762419,0.712742980561555,4.600431965442764,1.42548596112311,0.5831533477321814,0.0,0.0,-0.5686,-0.34413894,69,0.1538361986077173,1,-1.6307063907275143,-0.4299861940869639,-0.5686,-0.8094972579999999,0.683585313174946,14.516918775965443,1.0,3.9179562931963283,0.48839719339449505,0.0,0.0,0.01737128356464156,0.047113480546725824,0.048006088919049256,0.5994060192818669
Emiliano Buendía,Aston Villa,M,0,0.0,190,19,55.88235294,277,176,453,81.03756708,20,38.46153846,32,29,2,92,2,2,13,0,17,30,18,130,0,1,1.93559902,2.9224,34,1,12.5,5,7,19,18,1,2,3,0.0,79,44.63276836,0,0,1,106,9,23,1,18,1475,1,0,0,0,0,0.0,0,0,0,0,193,13,0,6.844827586,0,4,0,0,0,0,0,295.0,25.0,4,15,25,18,9,8,29.62962963,38,20,52.63157895,23,27,8,99,43.23144105,34,358,201,559,40,3,879,33,6,0.30508474576271183,0.12203389830508475,0.17831593220338984,0.11810434698305085,1.4033898305084747,0.488135593220339,1.2203389830508473,0.5491525423728814,5.613559322033899,1.2203389830508473,1.0983050847457627,0.0,0.0,2.0776,0.06440098000000005,28,0.3584205141794961,0,0.9886620976733983,-0.006658977907676083,2.0776,2.122680686,0.6711864406779661,14.079737419932204,0.0,6.615204530508476,0.4824422649541287,0.37257318952234203,0.20652542372881358,0.3762443362980366,0.22802802122203797,0.2598919519015468,0.8665308496889833
Morgan Rogers,Aston Villa,M,3,6.818181818,322,34,61.81818182,452,218,670,75.7918552,24,31.57894737,52,31,5,114,10,3,21,7,27,66,19,241,0,2,3.47496349,5.7986,38,1,11.11111111,8,13,37,33,4,5,3,0.0,106,35.93220339,0,0,2,214,11,40,1,31,2757,3,0,0,0,1,0.0,0,0,0,0,513,20,0,6.838709677,0,7,0,0,0,0,0,344.625,25.0,4,41,31,21,30,34,33.66336634,32,18,56.25,40,101,44,130,35.04043127,55,618,266,884,72,3,1504,40,6,0.2611534276387378,0.16322089227421108,0.1892905331882481,0.11343732829162133,1.3057671381936886,1.1099020674646356,0.5875952121871599,0.35908596300326445,3.7214363438520133,0.7834602829162133,0.6202393906420022,0.0,0.0,2.2013999999999996,1.52503651,37,0.35507930786677305,0,1.7210478405059022,-0.8001003064584065,2.2013999999999996,3.2689255569999993,0.37704026115342765,12.7845151964037,1.75,6.496784353592166,0.47795205651376094,0.31892373132851914,0.27622869060573085,0.3500720039359757,0.24206219368972443,0.24957030157851653,0.854802982287697
Lucas Digne,Aston Villa,D,28,31.81818182,159,10,19.23076923,283,224,507,80.34865293,28,56.0,22,26,4,57,2,0,5,5,51,8,12,60,2,0,2.71905613,0.6278,11,0,0.0,0,4,17,14,3,0,0,0.0,44,53.65853659,0,0,1,124,12,21,0,18,1572,3,0,0,0,0,0.0,0,0,0,0,248,1,0,6.769230769,0,0,0,0,0,0,0,0.0,0.0,4,5,7,2,5,4,36.36363636,29,22,75.86206897,21,11,88,72,54.54545455,52,356,275,631,12,0,1041,11,3,0.0,0.22900763358778628,0.035942748091603055,0.155671152480916,1.202290076335878,0.22900763358778628,1.2595419847328244,0.6870229007633587,3.263358778625954,1.6030534351145038,0.6870229007633587,0.0,0.0,-0.6278,1.2809438700000002,73,0.2585460618766712,1,0.5431411038709633,0.8511627617934936,-0.6278,0.26886070900000003,0.8645038167938932,13.327856948994274,1.25,3.8909956336749048,0.4269583625688069,0.0,0.3875636132315522,0.32233013377673647,0.04596310393208162,0.3429752767689438,0.5967359418664113
Ollie Watkins,Aston Villa,F,2,33.33333333,134,3,50.0,203,81,284,72.08121827,33,38.37209302,53,30,1,42,1,15,19,3,12,34,3,143,0,0,1.16067732,10.3301,28,0,14.51612903,9,10,30,26,4,8,1,0.0,68,43.03797468,2,0,2,110,6,16,2,27,2305,18,0,0,0,0,0.0,0,0,0,0,236,13,0,6.736666667,0,5,0,0,0,0,0,256.1111111,0.0,0,53,9,16,27,21,43.75,19,12,63.15789474,16,48,6,101,41.39344262,6,288,106,394,62,2,734,28,3,0.35140997830802606,0.039045553145336226,0.4033444685466377,0.04531928798264642,0.6247288503253796,0.8199566160520607,0.4685466377440347,0.23427331887201736,1.6399132321041214,1.2885032537960954,0.11713665943600868,0.0,0.0,-1.3300999999999998,-0.16067732,27,0.3181221187930448,2,0.7328544387406196,-1.9138394229640112,-1.3300999999999998,-1.4425741239999998,0.4744034707158351,11.452145968135573,0.75,0.6833316492919196,0.4030581042201833,0.42914612502465,0.06607917570498915,0.1674878116878933,0.5157914937664548,0.09891939588352419,0.2790615483944993
Tyrone Mings,Aston Villa,D,0,0.0,65,28,42.42424242,206,363,569,89.32496075,31,57.40740741,23,13,0,29,1,1,4,3,62,2,1,33,0,0,0.3772562,1.0745,5,0,0.0,0,0,15,14,1,0,0,0.0,9,47.36842105,0,0,0,68,8,5,0,11,963,0,0,0,0,0,0.0,0,0,0,0,80,0,0,6.730769231,0,0,0,0,0,0,0,0.0,0.0,0,7,0,3,0,2,50.0,4,2,50.0,5,4,3,40,54.79452055,66,253,384,637,7,0,770,5,0,0.0,0.0,0.10042056074766356,0.03525758878504673,0.4672897196261683,0.18691588785046728,0.18691588785046728,0.7476635514018691,2.710280373831776,2.897196261682243,0.09345794392523364,0.0,0.0,-1.0745,-0.3772562,71,0.151252392252765,1,-1.2546970185485862,-1.0681850319151651,-1.0745,-1.33857934,0.8551401869158879,14.248680005023363,0.75,3.874467212405374,0.39872971082568753,0.0,0.0,0.12527888302848977,0.12841646550785252,0.07666678717555969,0.5950990321940111
Jadon Sancho,Aston Villa,M,3,14.28571429,154,1,50.0,216,69,285,85.07462687,3,42.85714286,4,19,2,21,3,1,6,0,9,9,7,35,0,1,1.88665095,0.6009,3,0,0.0,0,2,5,5,0,0,0,0.0,21,40.38461538,0,0,0,50,2,21,0,8,771,2,0,0,0,0,0.0,0,0,0,0,109,1,0,6.726315789,0,0,0,0,0,0,0,0.0,0.0,0,8,2,1,3,13,52.0,6,3,50.0,21,25,21,24,40.6779661,2,258,77,335,10,0,468,2,0,0.0,0.23346303501945526,0.07014396887159532,0.22023162840466926,2.4513618677042803,1.517509727626459,0.35019455252918286,0.23346303501945526,2.4513618677042803,0.35019455252918286,0.8171206225680935,0.0,0.0,-0.6009,0.11334905000000006,7,0.3052093521587492,0,2.9361228416502603,-0.11201083931330845,-0.6009,-0.521555665,0.1400778210116731,14.287069058223736,0.0,5.534220921491829,0.39546112954128443,0.0,0.3951037613488976,0.657202296105097,0.0896991661081984,0.48575821834942423,0.7594744952767561
Victor Lindelöf,Aston Villa,D,0,0.0,27,11,64.70588235,85,281,366,94.57364341,8,61.53846154,5,12,1,13,1,0,0,1,24,1,2,9,0,0,0.07365166,0.0312,1,0,0.0,0,1,9,7,2,0,0,0.0,4,50.0,0,0,0,21,4,2,0,6,613,0,0,0,0,0,0.0,0,0,0,0,24,0,0,6.716666667,0,0,0,0,0,0,0,0.0,0.0,0,1,0,1,0,0,0.0,4,1,25.0,2,0,0,12,57.14285714,17,95,292,387,1,0,440,0,0,0.0,0.1468189233278956,0.004580750407830342,0.010813457422512234,0.2936378466557912,0.0,0.1468189233278956,0.5872756933115824,1.9086460032626429,1.1745513866231647,0.2936378466557912,0.0,0.0,-0.0312,0.92634834,27,0.17860217448294735,1,-0.6724407129473631,-1.1462145607706096,-0.0312,0.6172438379999999,0.4184339314845024,14.768684623000816,0.25,4.035818090340905,0.3883792051376149,0.0,0.2484706362153344,0.07872336989000694,0.00585780215094958,0.022605770270350854,0.6110785869522037
Donyell Malen,Aston Villa,F,2,28.57142857,40,1,20.0,58,15,73,77.65957447,3,30.0,7,21,1,10,0,5,6,0,2,13,2,36,0,0,0.34406701,4.0372,2,0,14.81481481,4,5,10,8,2,4,0,0.0,18,38.29787234,0,0,1,21,0,7,0,5,680,1,0,0,0,0,0.0,0,0,0,0,65,1,0,6.647619048,0,4,0,0,0,0,0,170.0,0.0,0,22,5,12,9,8,40.0,4,3,75.0,7,20,7,21,36.84210526,5,74,20,94,27,1,206,6,0,0.5294117647058824,0.1323529411764706,0.5343352941176471,0.04553828073529412,0.9264705882352942,1.0588235294117647,0.39705882352941174,0.0,1.3235294117647058,0.39705882352941174,0.2647058823529412,0.0,0.0,-0.037200000000000344,0.6559329899999999,3,0.41332707794899676,2,2.220724442261607,-2.345217173902193,-0.037200000000000344,0.42195309299999956,0.17867647058823527,12.315467799507353,0.0,2.1816526367349263,0.33770205357798133,0.646524064171123,0.2239889705882353,0.24838380896913223,0.683300803698047,0.0994037236236848,0.42744935124092215
Ian Maatsen,Aston Villa,D,10,21.73913043,189,23,67.64705882,287,241,528,85.99348534,15,60.0,10,24,0,73,3,1,5,2,51,20,18,79,0,1,1.8640305,1.0711,11,0,0.0,0,0,20,19,1,0,0,0.0,68,49.6350365,0,0,0,86,13,20,0,13,1265,1,0,0,0,0,0.0,0,0,0,0,224,3,0,6.626086957,0,0,0,0,0,0,0,0.0,0.0,0,11,6,8,4,17,45.94594595,36,28,77.77777778,20,37,46,83,51.2345679,34,342,272,614,17,0,1039,15,2,0.0,0.0,0.07620474308300394,0.13261877075098813,1.4229249011857708,1.2094861660079053,1.992094861660079,0.924901185770751,5.1936758893280635,1.067193675889328,1.2806324110671936,0.0,0.0,-1.0711,-1.8640305,74,0.16353680945835997,1,0.031443978584442485,1.884876126198623,-1.0711,-2.3759213499999996,0.9960474308300393,14.728620181434783,0.5,3.9233953013567193,0.32189868403669664,0.0,0.0,0.3814816264235119,0.09744960283824171,0.29199227475820094,0.5999446772045337
Leon Bailey,Aston Villa,M,4,26.66666667,52,1,50.0,63,19,82,77.35849057,4,50.0,4,9,1,23,0,0,3,0,2,7,4,37,0,0,1.20996422,0.3028,5,0,0.0,0,1,8,7,1,0,0,0.0,15,31.25,0,0,0,24,1,9,0,2,336,1,0,0,0,0,0.0,0,0,0,0,74,3,0,6.6,0,0,0,0,0,0,0,0.0,0.0,0,4,2,2,1,4,19.04761905,7,4,57.14285714,9,21,15,19,33.92857143,2,83,23,106,6,0,194,4,1,0.0,0.26785714285714285,0.08110714285714286,0.32409755892857145,2.4107142857142856,1.0714285714285714,1.0714285714285714,0.26785714285714285,6.1607142857142865,1.0714285714285714,1.0714285714285714,0.0,0.0,-0.3028,-0.20996422000000003,3,0.2888054844004478,0,2.3870023330871284,0.9167797147425314,-0.3028,-0.449774954,0.5089285714285714,14.068726546660713,0.0,5.549366351350001,0.3027522935779814,0.0,0.4533110119047619,0.6463048090523338,0.10371872588250894,0.7154697078946891,0.7609744389327907
Lamare Bogarde,Aston Villa,M,1,50.0,84,6,37.5,184,196,380,89.20187793,8,34.7826087,15,24,0,33,0,0,0,1,20,6,5,45,1,2,0.19126478,0.0,14,0,0.0,0,0,13,11,2,0,0,0.0,39,56.52173913,0,0,0,46,3,2,0,8,857,0,0,0,0,0,0.0,0,0,0,0,72,2,0,6.591304348,0,0,0,0,0,0,0,0.0,0.0,0,0,0,0,0,2,28.57142857,20,13,65.0,2,7,2,47,51.08695652,16,213,213,426,0,0,557,17,5,0.0,0.0,0.0,0.020086149591598598,0.2100350058343057,0.2100350058343057,1.3652275379229872,0.31505250875145857,3.4655775962660447,0.8401400233372228,0.5250875145857643,0.0,0.0,0.0,-0.19126478,31,0.09735750634874246,1,-1.3679029654406853,-0.2522561661289001,0.0,-0.133885346,0.661610268378063,14.325209878006417,0.25,5.80885186647818,0.29637016366972446,0.0,0.0,0.05630971498550088,0.0,0.04311339889805919,0.7866728612221651
Marco Bizot,Aston Villa,G,0,0.0,2,23,38.98305085,13,113,126,77.77777778,1,100.0,0,5,0,41,0,0,0,1,6,0,0,1,1,0,0.00266433,0.0,1,0,0.0,0,0,8,8,0,0,0,-0.4584,1,50.0,0,6,0,36,0,0,0,4,405,0,0,0,0,1,0.0,1,0,0,0,37,0,3,6.54,0,0,8,5,13,0,4,0.0,0.0,0,0,0,0,0,0,0.0,0,0,0.0,0,0,0,2,66.66666667,59,41,121,162,0,1,212,1,2,0.0,0.0,0.0,0.0005920733333333333,0.0,0.0,0.0,0.0,9.11111111111111,0.2222222222222222,0.0,2.8888888888888893,-0.10186666666666666,0.0,-0.00266433,6,0.07761467889908262,0,-2.04022319997627,-2.0664041944361626,0.0,-0.0018650309999999999,0.044444444444444446,13.94459246311111,1.3699022222222224,1.3699022222222224,0.2587155963302754,0.0,0.0,0.0,0.0,0.0,0.34705679084918906
Virgil van Dijk,Liverpool,D,0,0.0,372,126,49.60629921,1000,1086,2086,89.14529915,147,75.77319588,47,31,0,69,0,6,4,9,233,1,1,60,2,1,1.1052885,2.6574,14,0,13.63636364,3,3,42,35,7,3,0,0.0,37,74.0,2,0,0,254,20,11,0,31,2790,1,0,0,0,1,0.0,0,0,0,0,274,1,0,7.261290323,0,0,0,0,0,0,0,930.0,0.0,0,20,2,8,10,2,100.0,20,11,55.0,11,2,1,184,75.40983607,254,1204,1136,2340,22,3,2732,15,4,0.0967741935483871,0.0,0.08572258064516129,0.03565446774193548,0.3548387096774194,0.06451612903225806,0.3548387096774194,0.6451612903225806,2.225806451612903,4.741935483870968,0.03225806451612903,0.0,0.0,0.3426,-1.1052885,263,0.29120810883414416,1,-1.123667420229623,-1.2881859671878357,0.3426,-0.43110194999999984,1.261290322580645,14.061353650725806,2.25,4.207447313729839,0.7881029893577978,0.11818181818181818,0.0,0.09513112601582739,0.10962088578976177,0.07754453078115042,0.6280760685174752
Dominik Szoboszlai,Liverpool,M,53,32.51533742,567,108,59.66850829,962,622,1584,87.36900165,16,51.61290323,15,29,3,160,7,3,17,7,51,20,31,110,1,4,5.1664562,3.8601,28,4,8.620689655,5,8,41,34,7,1,4,0.0,93,49.46808511,0,0,1,229,23,58,0,29,2603,1,0,0,1,0,0.0,0,0,0,0,425,15,0,7.193103448,1,5,0,0,0,0,0,520.6,33.33333333,12,13,45,22,19,23,58.97435897,44,29,65.90909091,58,39,163,109,49.7716895,181,1114,699,1813,58,4,2477,26,7,0.17287744909719555,0.10372646945831732,0.1334648482520169,0.17863275374567808,2.0053784095274683,0.7952362658470995,1.0026892047637341,0.7952362658470995,5.5320783711102575,0.5532078371110257,1.0718401844026124,0.0,0.0,1.1399,-2.1664562,72,0.4070184494186279,0,1.2439746027719527,0.5410992550083455,1.1399,-0.37661933999999997,0.5393776411832499,15.234910472048599,1.75,6.05119198105609,0.7380575765137607,0.21112003632172668,0.17554264310411063,0.5376355537974081,0.17067305693634724,0.3937575073065995,0.8106732706438707
Ryan Gravenberch,Liverpool,M,0,0.0,405,21,31.34328358,855,592,1447,89.32098765,24,57.14285714,18,29,3,116,4,0,12,9,46,22,12,99,0,2,2.03067647,1.6512,30,0,12.90322581,4,7,34,29,5,2,2,0.0,112,58.03108808,0,0,1,173,41,24,1,29,2521,0,0,0,0,0,0.0,0,0,0,0,274,9,0,7.124137931,0,3,0,0,0,0,0,630.25,0.0,0,7,24,10,9,26,57.77777778,50,31,62.0,24,45,5,136,57.87234043,67,978,642,1620,31,3,2048,36,5,0.14280047600158668,0.10710035700119,0.05894803649345498,0.07249539163030544,0.85680285600952,0.9282030940103133,1.1067036890122965,1.4637048790162632,4.141213804046013,0.85680285600952,0.42840142800476,0.0,0.0,2.3487999999999998,0.96932353,106,0.3280742315135554,1,0.07186063691030412,1.0956678241498203,2.3487999999999998,3.027326471,0.9335581118603726,14.751456446022413,2.25,7.29822478918104,0.6874406833027518,0.17438967220799828,0.1812524791749306,0.2297061122216942,0.07538195802490098,0.15902248471594613,0.9341744830181683
Ibrahima Konaté,Liverpool,D,1,33.33333333,212,59,48.36065574,673,883,1556,89.47671075,100,71.94244604,39,29,0,92,2,2,3,7,162,5,8,83,0,3,0.90191554,1.0617,30,0,10.0,1,1,34,28,6,1,0,0.0,83,65.35433071,0,0,0,183,23,7,0,29,2487,0,0,0,0,1,0.0,0,0,0,0,215,1,0,7.103448276,0,1,0,0,0,0,0,2487.0,0.0,0,9,1,4,3,5,71.42857143,47,25,53.19148936,7,7,3,183,68.79699248,122,790,949,1739,10,4,2133,32,6,0.03618817852834741,0.0,0.03842098914354644,0.032638680579010856,0.25331724969843183,0.18094089264173702,0.9047044632086851,0.8323281061519904,3.3293124246079615,3.6188178528347406,0.28950542822677927,0.0,0.0,-0.06170000000000009,-0.90191554,202,0.2278253016951989,1,-1.4692626550196453,-0.2527770566291354,-0.06170000000000009,-0.693040878,1.246682750301568,14.350655426191192,1.75,4.2317173750287385,0.6722556154128441,0.044193442263406074,0.0,0.06791354648130675,0.04913224533298179,0.07087476950473764,0.6304796796937677
Cody Gakpo,Liverpool,M,11,13.0952381,302,14,60.86956522,420,88,508,79.25117005,42,53.84615385,36,29,3,73,9,5,27,5,18,20,11,124,0,0,4.26980968,6.6832,32,0,8.695652174,6,9,29,26,3,6,0,0.0,90,50.56179775,0,0,4,133,10,44,1,25,2159,20,0,0,0,0,0.0,0,0,0,1,328,16,0,6.975862069,0,5,0,0,0,0,0,359.8333333,0.0,0,47,22,26,16,28,51.85185185,23,10,43.47826087,44,54,84,132,51.5625,23,520,121,641,69,1,1111,39,2,0.25011579434923575,0.12505789717461788,0.27859564613246873,0.17799113997220936,1.8341824918943956,1.1672070402964336,0.41685965724872626,0.41685965724872626,3.0430754979157015,1.7508105604446502,0.4585456229735989,0.0,0.0,-0.6832000000000003,-1.2698096799999998,27,0.40166125161351607,2,2.0593183215784423,-0.8238010853004348,-0.6832000000000003,-1.5720667760000002,0.5523390458545623,13.334906039135015,1.25,4.815603514424919,0.5786143625688069,0.30544443976588487,0.2116431218156554,0.49173847444957564,0.35626437370835384,0.39233850441630774,0.6883054607270693
Hugo Ekitiké,Liverpool,F,1,12.5,162,3,60.0,241,66,307,76.75,31,37.80487805,51,28,4,42,3,11,17,2,27,26,3,147,0,0,2.67287125,9.9003,35,0,16.92307692,11,15,25,23,2,11,0,0.0,61,38.85350318,2,0,1,93,3,21,1,21,1810,10,0,0,0,0,0.0,0,0,0,0,216,14,0,6.921428571,0,8,0,0,0,0,0,164.5454545,0.0,0,50,15,29,19,38,52.77777778,11,7,63.63636364,21,72,8,92,38.49372385,5,321,79,400,65,5,745,12,0,0.5469613259668509,0.1988950276243094,0.4922801104972376,0.1329052002762431,1.0441988950276244,1.8895027624309393,0.34806629834254144,0.14917127071823205,2.088397790055249,1.5414364640883977,0.14917127071823205,0.0,0.0,1.0997000000000003,1.32712875,34,0.5008524224660815,2,3.1854997866925867,-1.9004804856295552,1.0997000000000003,2.0286901250000002,0.45248618784530387,12.433295360842541,0.5,3.431760516660911,0.5386631713761467,0.6679558011049724,0.33660220994475143,0.2799463924292982,0.6295211992364937,0.29262574670192865,0.5512551066016524
Florian Wirtz,Liverpool,M,5,16.66666667,503,34,54.83870968,792,234,1026,84.375,5,12.82051282,34,27,2,94,4,6,17,2,10,27,17,124,0,1,4.40544507,5.7297,19,0,9.523809524,4,6,25,21,4,4,0,0.0,83,47.97687861,0,0,1,190,9,51,1,23,2015,2,0,1,0,0,0.0,0,0,0,0,320,15,0,6.866666667,0,3,0,0,0,0,0,503.75,0.0,1,30,12,9,16,35,55.55555556,31,24,77.41935484,50,63,30,88,41.50943396,62,946,270,1216,42,3,1600,17,1,0.17866004962779156,0.08933002481389578,0.2559171215880893,0.1967692587096774,2.2779156327543424,1.5632754342431763,1.0719602977667493,0.40198511166253104,4.198511166253102,0.22332506203473945,0.7593052109181142,0.0,0.0,-1.7297000000000002,-2.40544507,26,0.3586540961971726,0,2.289853382606388,0.28836745204992076,-1.7297000000000002,-3.413511549,0.4265508684863523,14.552340577704715,0.5,4.540841785179157,0.4984709482568803,0.21818181818181817,0.1511786600496278,0.610701913863843,0.3272633808515195,0.43386848064897604,0.6610941424242792
Curtis Jones,Liverpool,M,1,14.28571429,369,37,67.27272727,693,365,1058,92.0,7,26.92307692,19,27,1,95,3,3,5,1,17,21,17,74,0,4,2.36745532,2.0667,10,0,0.0,0,1,26,23,3,0,0,0.0,64,53.78151261,0,0,2,92,8,18,0,11,1368,0,0,0,0,0,0.0,0,0,0,0,158,7,0,6.814814815,0,0,0,0,0,0,0,0.0,0.0,0,12,8,9,6,16,69.56521739,28,17,60.71428571,18,23,7,71,48.96551724,55,762,388,1150,20,0,1387,20,1,0.0,0.06578947368421052,0.1359671052631579,0.1557536394736842,1.1842105263157894,1.0526315789473684,1.118421052631579,0.5263157894736842,6.25,0.4605263157894737,1.118421052631579,0.0,0.0,-2.0667,-1.36745532,25,0.2254020228692466,0,0.13114353301808163,0.4606980370147648,-2.0667,-3.0239187239999996,0.4736842105263158,15.815912094078946,0.25,5.211534190136842,0.4604145431192661,0.0,0.11133954678362573,0.3174830640958833,0.1738729096235913,0.3431577062709115,0.7275168737292025
Alisson,Liverpool,G,0,0.0,20,103,39.92248062,56,569,625,79.61783439,6,85.71428571,1,25,0,221,0,0,0,8,37,0,1,3,0,3,0.03653137,0.0,1,0,0.0,0,0,30,26,4,0,0,-2.552,5,71.42857143,0,16,0,160,0,0,0,25,2250,0,0,0,0,1,0.0,2,0,0,0,167,0,21,6.808,0,0,33,20,56,0,9,0.0,0.0,0,0,0,0,0,0,0.0,0,0,0.0,0,0,0,11,78.57142857,258,172,613,785,0,0,1029,7,1,0.0,0.0,0.0,0.0014612548000000002,0.0,0.0,0.0,0.0,8.84,0.24,0.04,2.2399999999999998,-0.10208,0.0,-0.03653137,36,0.13662385321100892,0,-2.016470666241127,-2.079153909359592,0.0,-0.025571959,0.042,14.1530404722,2.860272,2.860272,0.45541284403669646,0.0,0.0,0.0,0.0,0.0019222951008674683,0.4946571372412989
Mohamed Salah,Liverpool,M,16,16.0,275,13,41.93548387,387,89,476,75.19747235,8,33.33333333,16,22,6,67,10,10,20,4,6,37,5,109,0,0,4.3452983,6.819,10,0,8.771929825,5,11,32,26,6,5,0,0.0,38,29.00763359,0,0,0,157,4,44,2,19,1820,12,0,0,1,0,100.0,0,1,0,0,387,18,0,6.8,0,3,0,0,0,0,0,364.0,0.0,2,47,10,23,14,12,22.64150943,10,8,80.0,44,53,100,46,29.67741935,31,526,107,633,57,0,1056,16,1,0.24725274725274726,0.2967032967032967,0.3372032967032967,0.21487738846153845,2.175824175824176,0.5934065934065934,0.3956043956043956,0.1978021978021978,3.3131868131868134,0.3956043956043956,0.24725274725274726,0.0,0.0,-1.819,1.6547017000000004,13,0.44139605555703043,0,2.8695126137175286,-0.7403771562664706,-1.819,-0.6607088099999998,0.2398351648351648,12.923175364450548,1.0,4.952953654747253,0.44954128440366947,0.30194805194805197,0.5021291208791209,0.5833315199651834,0.4312110507831491,0.4739166989357384,0.7019080770648813
Jeremie Frimpong,Liverpool,M,8,19.04761905,125,6,30.0,204,90,294,84.97109827,5,41.66666667,7,15,1,40,3,0,3,1,11,11,8,37,0,0,1.26384494,0.4308,4,0,0.0,0,1,9,8,1,0,0,0.0,40,57.14285714,0,0,0,52,5,11,0,9,768,3,0,0,0,0,0.0,0,0,0,0,131,6,0,6.78,0,0,0,0,0,0,0,0.0,0.0,0,7,1,4,1,18,72.0,9,9,100.0,11,25,42,45,54.87804878,20,234,112,346,8,0,567,13,1,0.0,0.1171875,0.050484375000000005,0.14810682890625002,1.2890625,2.109375,1.0546875,0.5859375,4.6875,0.5859375,0.9375,0.0,0.0,-0.4308,-0.26384494000000003,17,0.22841833482577345,0,1.3762947832734638,0.7186601562964209,-0.4308,-0.615491458,0.521484375,14.405738322726561,0.25,5.620395620890625,0.4348623853211011,0.0,0.19832356770833334,0.34559354372937295,0.06455874128370499,0.32624590240167695,0.7680088977258339
Alexis Mac Allister,Liverpool,M,9,47.36842105,309,39,50.64935065,659,348,1007,86.36363636,14,42.42424242,19,30,2,92,2,2,18,6,29,25,33,112,0,1,1.32489005,3.2789,23,0,4.545454545,2,4,31,25,6,2,0,0.0,79,45.93023256,0,0,2,159,19,25,0,26,2184,0,0,0,0,0,0.0,0,0,0,0,245,10,0,6.736666667,0,2,0,0,0,0,0,1092.0,0.0,0,28,16,15,11,9,37.5,43,20,46.51162791,25,24,19,93,45.36585366,77,777,389,1166,44,0,1528,27,5,0.08241758241758242,0.08241758241758242,0.13511950549450552,0.054597117445054945,1.0302197802197801,0.3708791208791209,0.8241758241758242,0.782967032967033,3.7912087912087915,0.5769230769230769,1.35989010989011,0.0,0.0,-1.2789000000000001,0.67510995,35,0.23268452769289324,1,-0.11802386893158517,-0.020820773752851594,-1.2789000000000001,-0.8063230350000001,0.4347527472527473,14.276573854240384,1.5,5.475050877146703,0.4030581042201833,0.10064935064935064,0.13948031135531136,0.2761986363471512,0.17278901041365644,0.11943838622816234,0.7536145273871769
Andrew Robertson,Liverpool,D,10,26.31578947,165,14,35.0,274,165,439,84.09961686,11,47.82608696,12,19,0,31,3,0,4,2,19,0,3,22,1,0,1.01686144,0.3195,4,0,0.0,0,0,11,7,4,0,0,0.0,14,58.33333333,0,0,0,83,7,15,0,6,783,5,0,0,0,0,0.0,0,0,0,0,130,2,0,6.666666667,0,0,0,0,0,0,0,0.0,0.0,0,4,1,0,1,3,50.0,11,8,72.72727273,15,6,38,25,53.19148936,40,332,190,522,5,0,699,0,0,0.0,0.0,0.03672413793103448,0.11688062528735634,1.7241379310344827,0.3448275862068965,0.9195402298850576,0.8045977011494253,3.563218390804598,1.264367816091954,0.3448275862068965,0.0,0.0,-0.3195,-1.01686144,31,0.1795362025207033,1,-0.11831990306676571,0.3532205543525709,-0.3195,-1.031303008,0.764367816091954,14.138415558885056,0.5,3.8385291281764364,0.35168195743119224,0.0,0.0,0.4622358787602898,0.0469623347730214,0.2571855501768527,0.5915398660327318
Conor Bradley,Liverpool,D,4,16.66666667,137,10,25.0,251,162,413,83.94308943,15,48.38709677,16,15,1,43,3,0,4,2,29,11,15,75,0,0,0.93808918,0.241,18,0,0.0,0,1,13,9,4,0,0,0.0,46,43.80952381,0,0,1,79,13,4,0,12,932,1,0,0,0,0,0.0,0,0,0,0,150,3,0,6.633333333,0,0,0,0,0,0,0,0.0,0.0,0,4,2,2,0,7,31.81818182,19,15,78.94736842,4,22,24,61,44.85294118,40,310,182,492,6,0,808,20,5,0.0,0.09656652360515021,0.0232725321888412,0.09058801094420602,0.38626609442060084,0.6759656652360515,1.448497854077253,1.255364806866953,4.152360515021459,1.448497854077253,1.448497854077253,0.0,0.0,-0.241,0.06191082000000003,42,0.14935978970464694,1,-0.8595453330040722,1.330963176496083,-0.241,-0.19766242599999997,0.9560085836909871,13.787393679038626,0.5,3.990804206074249,0.32721712513761503,0.0,0.16342542918454936,0.10355670760209068,0.0297606018613897,0.19903639987954355,0.6066205893402826
Milo Kerkez,Liverpool,D,13,17.33333333,284,24,33.33333333,491,338,829,85.46391753,32,50.0,32,28,1,78,3,0,1,3,64,6,10,73,1,1,0.65863119,1.5586,19,0,25.0,2,3,31,28,3,2,0,0.0,72,63.71681416,0,0,0,141,13,24,1,25,2044,4,0,0,0,0,0.0,0,0,0,0,281,2,0,6.614285714,0,1,0,0,0,0,0,1022.0,0.0,0,6,2,5,2,11,55.0,40,26,65.0,24,20,75,104,58.75706215,72,591,379,970,8,1,1470,23,4,0.08806262230919765,0.04403131115459882,0.06862720156555774,0.0290003948630137,1.0567514677103718,0.4843444227005871,1.1448140900195694,0.5724070450097847,3.434442270058708,1.4090019569471623,0.44031311154598823,0.0,0.0,0.4414,0.34136880999999997,93,0.1870330365775534,1,-0.07029845050500495,0.029268407810530885,0.4414,0.680358167,0.7881604696673189,14.055311309429062,0.75,4.088777834207657,0.31323722128440323,0.10754314178971712,0.07451687866927593,0.28331169711883125,0.08775954443123275,0.06282828085347929,0.6163235111690819
Federico Chiesa,Liverpool,F,0,0.0,40,1,25.0,58,17,75,71.42857143,3,37.5,5,23,1,8,2,1,6,0,7,3,4,30,0,0,0.60506798,1.4286,9,0,12.5,2,3,7,5,2,2,0,0.0,15,37.5,0,0,0,30,4,3,0,1,354,2,0,0,0,0,0.0,0,0,0,0,73,0,0,6.6,0,2,0,0,0,0,0,177.0,0.0,0,12,4,6,4,2,18.18181818,8,6,75.0,3,11,14,18,37.5,4,83,22,105,16,0,205,5,3,0.5084745762711864,0.2542372881355932,0.36320338983050854,0.15383084237288136,0.7627118644067796,0.5084745762711864,1.5254237288135593,1.0169491525423728,2.0338983050847457,0.7627118644067796,1.0169491525423728,0.0,0.0,0.5713999999999999,0.39493202000000005,13,0.4092348316580844,2,1.688763716547573,0.34091800227771357,0.5713999999999999,0.8478524139999999,0.8389830508474576,11.52816715390678,0.0,2.449012688670763,0.3027522935779814,0.6209553158705701,0.4302612994350283,0.20448061755328076,0.46445962097049726,0.33890521862755385,0.45392763660711
Alexander Isak,Liverpool,F,0,0.0,25,1,33.33333333,36,8,44,66.66666667,5,27.77777778,13,10,1,11,1,5,2,0,6,4,1,27,0,0,0.0889389,2.047,5,0,13.33333333,2,3,7,5,2,2,0,0.0,7,33.33333333,0,0,0,22,0,2,1,6,519,0,0,0,0,0,0.0,0,0,0,0,49,3,0,6.56,0,1,0,0,0,0,0,259.5,0.0,0,13,2,9,4,1,16.66666667,6,5,83.33333333,2,6,2,12,30.76923077,3,54,12,66,15,0,134,0,0,0.3468208092485549,0.17341040462427745,0.35497109826589596,0.01542293063583815,0.3468208092485549,0.17341040462427745,0.8670520231213872,0.0,1.9075144508670518,0.8670520231213872,0.17341040462427745,0.0,0.0,-0.04700000000000015,0.9110611,10,0.3059388582417441,2,0.7377052392779989,-1.6529066876140162,-0.04700000000000015,0.5907427699999998,0.4508670520231213,10.602121629112716,0.0,2.078462027069219,0.2733944954128438,0.4235417761429322,0.2934730250481696,0.09298155249050917,0.4539322769894764,0.03280015212887978,0.41722976013127044
Joe Gomez,Liverpool,D,2,13.33333333,43,10,47.61904762,93,119,212,80.91603053,9,47.36842105,10,16,2,16,3,0,0,1,21,6,4,31,0,0,0.63065232,0.2293,9,0,0.0,0,2,12,9,3,0,0,0.0,7,25.0,0,0,0,50,9,5,0,6,521,0,0,0,0,0,0.0,0,0,0,0,93,0,0,6.5,0,0,0,0,0,0,0,0.0,0.0,0,3,0,2,1,2,50.0,5,3,60.0,5,4,15,16,34.04255319,21,122,140,262,3,0,396,0,2,0.0,0.345489443378119,0.03961036468330135,0.1089418595009597,0.8637236084452974,0.345489443378119,0.5182341650671786,1.5547024952015356,2.763915547024952,1.5547024952015356,0.690978886756238,0.0,0.0,-0.2293,1.36934768,29,0.2255454709658595,1,0.5809173017108799,1.1276933899617585,-0.2293,0.7292433759999999,0.8550863723608446,13.157922194087332,0.25,3.91191887833834,0.2293577981651369,0.0,0.5846928982725528,0.2315615438703179,0.050653202812602056,0.2396280536546943,0.5988080975193357
Giorgi Mamardashvili,Liverpool,G,0,0.0,7,27,32.92682927,13,125,138,70.76923077,2,66.66666667,1,6,0,46,0,0,0,1,8,0,0,2,0,1,0.00964189,0.0,1,0,0.0,0,0,12,9,3,0,0,-1.9012,1,50.0,0,2,0,57,0,0,0,6,540,0,0,0,0,1,0.0,2,0,1,0,60,0,2,6.466666667,0,0,11,10,21,1,9,0.0,0.0,0,0,0,0,0,0,0.0,0,0,0.0,0,0,0,3,60.0,82,56,139,195,0,0,263,1,0,0.0,0.0,0.0,0.0016069816666666667,0.0,0.0,0.0,0.0,7.666666666666666,0.33333333333333337,0.0,3.5,-0.3168666666666667,0.0,-0.00964189,8,0.061467889981651244,0,-1.91367281532182,-2.1343330034544317,0.0,-0.006749323,0.06666666666666668,12.532453027583331,1.5390966666666668,1.5390966666666668,0.20489296660550416,0.0,0.0,0.0,0.0,0.0022445868806639305,0.36381314150792077
Moisés Caicedo,Chelsea,M,2,28.57142857,326,47,64.38356164,781,683,1464,92.24952741,12,34.28571429,23,26,1,141,3,1,9,5,22,14,23,111,0,3,2.03656957,1.2799,41,0,13.63636364,3,4,32,30,2,1,2,0.0,126,58.87850467,0,0,0,123,52,14,0,25,2185,0,0,1,0,1,0.0,0,0,0,0,177,7,0,7.230769231,1,3,0,0,0,0,0,728.3333333,0.0,0,6,16,6,7,10,50.0,76,42,55.26315789,13,20,7,138,55.42168675,73,868,719,1587,22,1,1943,40,9,0.12356979405034324,0.041189931350114416,0.052718993135011445,0.08388616077803204,0.5766590389016018,0.41189931350114417,1.7299771167048055,2.1418764302059494,5.807780320366132,0.49427917620137296,0.9473684210526315,0.0,0.0,1.7201,-1.0365695700000002,93,0.31131023792896834,1,-1.3993749402151856,2.425818185491644,1.7201,0.9945013009999999,1.2048054919908466,15.5121763954016,1.25,6.843632176958809,0.7657021878899082,0.15090493030996463,0.06970823798627003,0.1546004486032127,0.06741634096768799,0.18421448496850612,0.8891534231229911
Reece James,Chelsea,D,30,24.3902439,295,56,55.44554455,578,554,1132,88.99371069,30,65.2173913,16,27,4,96,8,0,9,4,39,13,10,76,1,3,3.13504645,1.0148,27,1,9.523809524,2,6,20,20,0,1,1,0.0,77,56.20437956,0,0,2,140,32,27,0,20,1896,1,0,0,0,0,0.0,0,0,0,0,285,7,0,7.2,0,2,0,0,0,0,0,948.0,14.28571429,7,4,17,6,6,10,50.0,47,32,68.08510638,27,20,123,107,58.46994536,101,672,600,1272,21,3,1777,20,4,0.09493670886075949,0.18987341772151897,0.04817088607594936,0.1488154960443038,1.2816455696202531,0.47468354430379744,1.5189873417721518,1.5189873417721518,4.556962025316456,1.4240506329113924,0.47468354430379744,0.0,0.0,0.9852000000000001,0.8649535500000001,93,0.37388791387868064,1,0.3471147072385318,1.9905876358834138,0.9852000000000001,1.590667485,1.2009493670886076,14.974076933207279,1.0,4.702688976304984,0.7431192660550456,0.11593785960874567,0.321334388185654,0.343605088356937,0.061600282693091514,0.32781320154445653,0.6771228500839188
Enzo Fernández,Chelsea,M,10,15.38461538,459,72,58.06451613,871,577,1448,86.34466309,23,51.11111111,22,30,3,118,10,8,16,5,27,36,30,147,0,0,5.9721652,10.4153,30,0,13.33333333,8,11,35,32,3,8,0,0.0,98,43.94618834,1,0,3,229,17,52,0,29,2583,1,0,1,2,0,100.0,0,2,0,0,405,8,0,7.123333333,0,7,0,0,0,0,0,322.875,0.0,4,38,22,17,27,11,26.82926829,48,21,43.75,51,41,65,121,45.14925373,124,1048,629,1677,60,1,2153,39,8,0.2787456445993031,0.10452961672473868,0.36290243902439023,0.20808937979094078,1.8118466898954704,0.3832752613240418,0.7317073170731708,0.5923344947735192,4.111498257839721,0.8013937282229966,1.0452961672473868,0.0,0.0,-2.4153000000000002,-2.9721652,35,0.4458073319295818,0,1.249502030289005,-0.4548097006550064,-2.4153000000000002,-4.49581564,0.43728222996515675,14.66574271437108,1.25,4.155427275741463,0.6868501526605497,0.340407559919755,0.17690185830429733,0.48575031719199796,0.46407476911819023,0.4589042345510831,0.6229242090656124
Cole Palmer,Chelsea,M,3,11.11111111,216,31,65.95744681,332,179,511,83.90804598,0,0.0,2,20,1,63,3,4,13,2,9,24,8,76,0,0,1.88739433,8.5893,12,0,20.0,9,10,22,21,1,9,0,0.0,64,46.37681159,0,0,0,98,12,20,9,18,1426,1,0,1,5,0,100.0,0,5,0,0,215,14,0,7.105,0,0,0,0,0,0,0,158.4444444,0.0,3,28,17,13,19,19,38.0,20,11,55.0,19,50,27,64,45.71428571,47,411,198,609,45,2,894,25,4,0.5680224403927069,0.06311360448807854,0.542101683029453,0.11912025925666199,1.262272089761571,1.1991584852734922,0.6942496493688639,0.7573632538569425,3.976157082748948,0.0,0.5049088359046283,0.0,0.0,0.4107000000000003,-0.88739433,24,0.5168844267134401,2,1.801938263935252,-1.0556081535557138,0.4107000000000003,-0.21047603099999967,0.39446002805049085,14.051821463917952,0.5,5.615430178777279,0.6733944954128441,0.6936758893280632,0.10681100981767182,0.3384111202144058,0.6932323576187585,0.2621387591119711,0.7675171399172365
João Pedro,Chelsea,F,1,7.142857143,173,11,52.38095238,310,163,473,76.66126418,65,48.14814815,70,31,5,65,6,11,18,3,26,48,4,182,0,0,1.91265602,13.538,32,0,22.22222222,14,19,27,25,2,14,0,0.0,97,46.41148325,3,0,0,144,5,28,5,27,2323,14,0,0,0,0,0.0,0,0,0,3,332,14,0,7.1,0,6,0,0,0,0,0,165.9285714,0.0,0,55,8,18,27,27,45.0,25,16,64.0,28,60,14,162,47.09302326,21,422,195,617,63,3,1088,46,4,0.5424020662935859,0.19371502367628068,0.5245027981058975,0.07410204123977615,1.0848041325871718,1.0460611278519156,0.6198880757640981,0.19371502367628068,2.518295307791649,2.518295307791649,0.15497201894102453,0.0,0.0,0.46199999999999974,3.08734398,43,0.5427791732519303,2,2.4983743879110567,-1.65409886052568,0.46199999999999974,2.6231407859999996,0.7554885923374947,12.526970410663367,0.75,3.921950010333254,0.6697247706422012,0.6623879779282276,0.3278357727077056,0.2908325270753507,0.6707271397436927,0.16257577570469728,0.5998015412802271
Trevoh Chalobah,Chelsea,D,1,20.0,169,48,41.73913043,571,1396,1967,93.26695116,65,52.84552846,58,29,0,108,1,2,2,9,165,5,9,93,0,1,1.03034358,1.2914,20,0,21.42857143,3,3,31,28,3,3,0,0.0,59,62.76595745,2,0,0,142,34,4,1,29,2552,2,0,0,0,0,0.0,0,0,0,0,168,4,0,6.996551724,1,0,0,0,0,0,0,850.6666667,0.0,0,10,4,7,5,7,77.77777778,35,23,65.71428571,4,9,5,124,57.14285714,115,658,1451,2109,14,3,2486,18,3,0.10579937304075236,0.0,0.04554310344827587,0.036336568260188086,0.14106583072100312,0.2468652037617555,0.8111285266457681,1.1990595611285266,3.8087774294670846,2.292319749216301,0.31739811912225707,0.0,0.0,1.7086,-1.03034358,213,0.221937584160001,1,-1.5529472962195283,-0.08209609325945982,1.7086,0.9873594939999999,1.0544670846394983,15.000694214184168,2.25,4.530957728429741,0.5937994304587155,0.1292034767740097,0.0,0.037819299171296436,0.058239909531894854,0.07905307477894714,0.660115264415797
Pedro Neto,Chelsea,M,30,18.63354037,344,27,71.05263158,517,175,692,87.26355612,7,25.0,21,29,4,74,11,3,18,5,11,21,19,119,0,0,5.6440867,4.3505,10,1,12.5,5,9,23,22,1,4,1,0.0,75,43.35260116,1,0,2,101,6,45,3,25,2219,5,0,1,0,0,0.0,0,0,0,0,362,12,0,6.989285714,1,1,0,0,0,0,0,443.8,100.0,1,27,13,11,11,40,45.45454545,15,9,60.0,44,88,161,82,40.7960199,38,599,194,793,40,2,1285,20,2,0.20279405137449302,0.16223524109959442,0.1764511041009464,0.22891744164037853,1.8251464623704372,1.6223524109959442,0.3650292924740874,0.24335286164939163,3.0013519603424967,0.28391167192429023,0.7706173952230735,0.0,0.0,0.6494999999999997,-1.6440867,7,0.3893274566858094,0,2.538848852580292,-0.8333744745129654,0.6494999999999997,-0.50136069,0.14195583596214514,14.535902030325373,1.25,5.642207703322579,0.5884665790825689,0.2476545536482445,0.2745606128886886,0.4893159437620193,0.22564330406936986,0.5049678965010834,0.770169080366742
Tosin Adarabioyo,Chelsea,D,0,0.0,28,20,44.44444444,190,447,637,90.48295455,38,70.37037037,16,15,0,19,1,0,1,2,65,1,2,23,1,0,0.3998622,0.1073,5,0,0.0,0,0,12,10,2,0,0,0.0,15,68.18181818,0,0,0,67,9,1,0,7,751,1,0,0,0,0,0.0,0,0,0,0,73,0,0,6.957142857,0,0,0,0,0,0,0,0.0,0.0,0,2,0,1,0,0,0.0,15,8,53.33333333,1,0,0,53,69.73684211,45,228,476,704,2,1,818,0,2,0.0,0.0,0.01285885486018642,0.04791957123834886,0.11984021304926765,0.0,0.9587217043941412,1.0785619174434087,2.2769640479360853,4.553928095872171,0.2396804260985353,0.0,0.0,-0.1073,-0.3998622,80,0.17592633733514731,1,-1.8307789263308565,0.0523142787906766,-0.1073,-0.38720354,1.5339547270306257,14.195608161860854,0.5,4.4111943456835885,0.5648754913761467,0.0,0.0,0.032128778789996176,0.016443731038038752,0.10467022232771189,0.6482543712052675
Wesley Fofana,Chelsea,D,1,50.0,99,20,44.44444444,329,558,887,92.2037422,61,64.89361702,33,19,1,64,1,0,2,3,101,5,4,65,0,1,0.58867985,0.5968,19,0,0.0,0,1,15,15,0,0,0,0.0,38,54.28571429,0,0,0,75,26,3,0,14,1277,1,0,0,0,0,0.0,0,0,0,0,96,2,0,6.947368421,1,0,0,0,0,0,0,0.0,0.0,0,6,0,4,0,10,71.42857143,16,10,62.5,3,14,2,99,60.36585366,45,374,588,962,6,2,1213,12,4,0.0,0.07047768206734534,0.0420610806577917,0.04148879130775255,0.21143304620203604,0.7047768206734535,0.7047768206734535,1.8324197337509789,4.510571652310102,4.299138606108066,0.28191072826938135,0.0,0.0,-0.5968,0.41132015,133,0.2050466090083207,1,-1.3988680211916613,1.0573012668608932,-0.5968,-0.308875895,1.6139389193422082,15.042578007075175,0.75,4.682676469124118,0.5577015933944951,0.0,0.11927368833202819,0.05668452514789459,0.053787145513823284,0.09044781051910515,0.6751408902803091
Robert Sánchez,Chelsea,G,0,0.0,49,175,33.84912959,115,633,748,67.93823797,11,91.66666667,1,29,1,251,2,0,0,9,23,1,0,3,1,2,0.06359803,0.0,2,0,0.0,0,1,34,31,3,0,0,2.1411,10,83.33333333,0,34,0,353,1,5,0,29,2525,0,0,0,0,0,0.0,1,0,0,0,363,0,6,6.934482759,1,0,57,21,80,0,14,0.0,0.0,0,0,0,0,0,0,0.0,2,0,0.0,5,0,0,21,87.5,517,394,707,1101,0,0,1407,11,3,0.0,0.03564356435643565,0.0,0.002266860475247525,0.1782178217821782,0.0,0.0,0.03564356435643565,8.946534653465347,0.3920792079207921,0.0,2.8514851485148514,0.07631643564356436,0.0,0.93640197,24,0.18370456888955475,0,-1.7023090639099816,-1.9005423018585956,0.0,0.655481379,0.08910891089108912,12.490312311608912,3.4173048118811877,3.4173048118811877,0.5482442267889907,0.0,0.060321782178217834,0.04777962944809332,0.0,0.0037039850035506345,0.5498234705978611
Alejandro Garnacho,Chelsea,F,8,14.28571429,181,12,100.0,261,100,361,88.48039216,3,21.42857143,11,20,4,39,6,7,6,1,5,7,8,54,0,0,3.58825317,3.1113,8,0,3.571428571,1,5,16,15,1,1,0,0.0,43,50.0,0,0,2,47,4,26,1,14,1132,1,0,0,0,0,0.0,0,0,0,0,165,9,0,6.835,0,0,0,0,0,0,0,1132.0,0.0,0,20,8,15,7,11,35.48387097,13,10,76.92307692,26,31,56,46,46.0,12,300,108,408,28,1,639,19,2,0.07950530035335689,0.31802120141342755,0.24736484098939931,0.28528514602473504,2.067137809187279,0.8745583038869258,0.7950530035335689,0.31802120141342755,3.100706713780919,0.2385159010600707,0.6360424028268551,0.0,0.0,-2.1113,0.4117468299999998,11,0.3892450009095438,0,2.6298695458801684,0.28186721643582713,-2.1113,-1.8230772190000002,0.32597173144876324,14.84205502216696,0.25,0.8915975122199201,0.475229357798165,0.09709283649212977,0.5382067137809188,0.5541930518140153,0.31632683918775767,0.6296315785291181,0.2996873782846221
Estêvão,Chelsea,M,5,31.25,105,4,50.0,154,55,209,81.00775194,3,21.42857143,11,20,2,34,4,2,11,0,5,16,10,85,0,0,2.1868853,2.8314,11,0,7.692307692,2,4,9,7,2,2,0,0.0,47,38.84297521,0,0,1,49,4,15,1,10,769,4,0,0,0,0,0.0,0,0,0,1,141,5,0,6.810526316,0,1,0,0,0,0,0,384.5,0.0,0,21,5,8,7,29,43.28358209,11,5,45.45454545,15,67,16,50,37.03703704,8,194,64,258,26,0,465,7,3,0.2340702210663199,0.2340702210663199,0.33137321196358904,0.25594236280884264,1.7555266579973994,3.3940182054616383,0.5851755526657997,0.4681404421326398,3.979193758127438,0.3511053315994799,1.1703511053315994,0.0,0.0,-0.8313999999999999,-0.18688530000000014,4,0.40084194806407236,0,4.033114052859941,0.11830421289360045,-0.8313999999999999,-0.9622197100000001,0.2399219765929779,13.82438115153316,0.0,5.192848971931859,0.4572670209174312,0.2858493911809907,0.39613133940182055,0.47065109631899477,0.4237556166538197,0.5647366278371267,0.7256663633923787
Andrey Santos,Chelsea,M,0,0.0,105,11,47.82608696,278,302,580,89.36825886,14,46.66666667,16,23,0,38,1,3,1,1,17,2,10,40,0,1,0.81119123,1.7006,11,0,0.0,0,0,14,13,1,0,0,0.0,49,67.12328767,0,0,1,69,18,7,0,10,1028,1,0,0,0,0,0.0,0,0,0,0,89,7,0,6.795652174,0,0,0,0,0,0,0,0.0,0.0,0,6,2,6,1,2,40.0,28,13,46.42857143,7,5,1,63,61.16504854,23,316,333,649,8,0,805,19,4,0.0,0.0,0.1488852140077821,0.07101868745136188,0.6128404669260701,0.17509727626459143,1.1381322957198443,1.575875486381323,3.3268482490272375,1.2256809338521402,0.8754863813229572,0.0,0.0,-1.7006,-0.81119123,38,0.17758939331219364,1,-1.5724216007665823,1.1018087764988291,-1.7006,-2.268433861,0.9849221789883269,14.469199726543774,0.25,5.077290782015175,0.446350219449541,0.0,0.0,0.16430057402627424,0.19039241373390192,0.1557565830400854,0.7142219358989683
Marc Cucurella,Chelsea,D,9,34.61538462,272,39,50.0,538,541,1079,88.00978793,34,53.125,30,27,3,90,5,0,6,9,78,6,16,88,0,1,2.95181287,1.7238,35,0,6.25,1,4,23,21,2,1,0,0.0,64,52.45901639,1,0,0,147,23,31,0,24,2080,1,0,0,0,0,0.0,0,0,0,0,207,3,0,6.733333333,1,0,0,0,0,0,0,2080.0,0.0,0,12,4,6,4,1,33.33333333,44,32,72.72727273,31,3,26,98,52.68817204,78,636,590,1226,16,2,1678,20,5,0.04326923076923077,0.12980769230769232,0.0745875,0.12772267225961537,1.341346153846154,0.04326923076923077,1.3846153846153846,0.9951923076923077,3.894230769230769,1.4711538461538463,0.6923076923076923,0.0,0.0,-0.7238,0.04818713000000008,117,0.24080975460198745,1,-0.0531206158569323,1.1143633453537753,-0.7238,-0.6900690089999999,0.9735576923076924,14.67642770371875,2.25,4.149731189964303,0.4006116205504586,0.05284090909090909,0.2196814903846154,0.3596106245239909,0.09538149408600871,0.28116398802605885,0.6223600911894156
Malo Gusto,Chelsea,D,5,13.15789474,246,29,50.0,451,416,867,86.87374749,11,45.83333333,13,28,3,98,3,1,3,3,29,13,16,66,0,1,1.88576535,1.4572,15,0,18.18181818,2,5,23,21,2,2,0,0.0,66,55.46218487,1,0,0,131,24,18,1,20,1744,1,0,0,0,0,0.0,0,0,0,0,246,9,0,6.685714286,1,0,0,0,0,0,0,872.0,0.0,0,6,5,3,5,10,50.0,43,22,51.1627907,18,20,38,77,53.84615385,58,537,461,998,11,1,1419,13,2,0.10321100917431193,0.1548165137614679,0.07519954128440368,0.09731587241972477,0.9288990825688074,0.5160550458715597,1.1353211009174313,1.2385321100917432,5.057339449541285,0.5676605504587157,0.8256880733944955,0.0,0.0,0.5428,1.11423465,59,0.2405819302059871,1,-0.00754999454436156,1.0333307287623632,0.5428,1.322764255,0.7586009174311927,14.644840632889334,0.75,4.314785346931049,0.36566186128440314,0.12604253544620517,0.26200544724770647,0.24903488055227543,0.0961641642673225,0.21391584180241704,0.6387064041011512
Benoît Badiashile,Chelsea,D,0,0.0,25,19,55.88235294,100,308,408,92.93849658,8,47.05882353,9,8,0,16,0,0,0,0,27,0,1,15,1,1,0.06794814,0.0,6,0,0.0,0,0,10,8,2,0,0,0.0,9,60.0,0,0,0,31,10,0,0,6,471,0,0,0,0,0,0.0,0,0,0,0,35,1,0,6.6625,0,0,0,0,0,0,0,0.0,0.0,0,0,0,0,0,0,0.0,7,4,57.14285714,0,0,0,17,53.125,34,116,323,439,0,0,499,2,2,0.0,0.0,0.0,0.012983721019108281,0.0,0.0,0.7643312101910827,1.9108280254777068,3.057324840764331,1.5286624203821655,0.19108280254777069,0.0,0.0,0.0,-0.06794814,40,0.10458715596330252,1,-2.372352614674032,0.8080480803840526,0.0,-0.047563698,1.1178343949044582,14.708351627445861,0.0,4.3406539891041405,0.3486238532110084,0.0,0.0,0.0,0.0,0.027405558622174423,0.6412683324241577
Jamie Gittens,Chelsea,M,3,23.07692308,49,3,75.0,87,31,118,79.19463087,3,30.0,7,16,2,15,2,1,6,1,3,4,3,27,0,0,0.9303351,0.8183,6,0,0.0,0,2,7,5,2,0,0,0.0,29,59.18367347,0,0,0,31,2,9,0,5,495,2,0,0,0,0,0.0,0,0,0,0,68,2,0,6.646666667,0,0,0,0,0,0,0,0.0,0.0,0,5,5,2,2,13,61.9047619,8,3,37.5,9,21,13,32,54.23728814,4,112,37,149,10,0,255,8,0,0.0,0.36363636363636365,0.14878181818181818,0.16915183636363637,1.6363636363636362,2.3636363636363638,0.5454545454545454,0.36363636363636365,2.7272727272727275,0.5454545454545454,0.5454545454545454,0.0,0.0,-0.8183,1.0696649,5,0.30901332539736726,0,3.3921748533571656,0.42195206020893844,-0.8183,-0.06953457000000007,0.32727272727272727,13.176028044136363,0.25,5.3080519351090905,0.3370030583486239,0.0,0.6154040404040405,0.4387038703870387,0.19026019253916157,0.3727893645951335,0.7370756106301418
Josh Acheampong,Chelsea,D,1,100.0,33,4,26.66666667,128,279,407,92.5,10,58.82352941,7,12,0,23,0,0,1,1,19,5,3,20,2,3,0.13243274,0.6039,2,0,33.33333333,1,1,12,12,0,1,0,0.0,24,64.86486486,1,0,0,33,10,2,0,7,587,1,0,0,0,0,0.0,0,0,0,0,51,2,0,6.566666667,0,0,0,0,0,0,0,587.0,0.0,0,3,0,0,2,10,76.92307692,9,6,66.66666667,2,13,1,34,62.96296296,15,144,296,440,3,1,539,5,1,0.15332197614991483,0.0,0.09259114139693357,0.02030484940374787,0.30664395229982966,1.533219761499148,0.9199318568994889,1.533219761499148,3.526405451448041,1.533219761499148,0.45996592844974443,0.0,0.0,0.3961,-0.13243274,32,0.15446787324482172,1,-0.46072926971597544,0.6216140815416075,0.3961,0.30339708200000004,1.0195911413969334,14.869002958517887,0.25,4.374514986767632,0.27828746201834864,0.18723865572247175,0.0,0.0822102653195473,0.11840430910767107,0.04359707876650765,0.6446217921217677
Jorrel Hato,Chelsea,D,4,57.14285714,64,4,23.52941176,153,225,378,90.64748201,12,54.54545455,10,16,0,27,1,0,0,0,24,3,8,36,0,2,0.51275121,0.3071,10,0,0.0,0,0,16,15,1,0,0,0.0,25,49.01960784,0,0,0,39,11,7,0,6,657,0,0,0,0,0,0.0,0,0,0,0,62,2,0,6.53125,0,0,0,0,0,0,0,0.0,0.0,0,3,1,4,0,4,44.44444444,20,11,55.0,7,9,7,37,50.68493151,17,173,244,417,4,0,561,1,4,0.0,0.0,0.04206849315068493,0.07023989178082192,0.958904109589041,0.547945205479452,1.506849315068493,1.506849315068493,3.698630136986301,1.643835616438356,1.095890410958904,0.0,0.0,-0.3071,-0.51275121,38,0.1196296057311404,1,-0.9937761155755808,1.6558997140813887,-0.3071,-0.666025847,1.1438356164383559,14.874956247047946,0.0,4.305136554575,0.25229357798165086,0.0,0.0,0.25707913257079135,0.053796624510264485,0.15403418655618767,0.6377508257505611
Liam Delap,Chelsea,F,0,0.0,49,1,50.0,80,23,103,69.59459459,22,45.83333333,26,22,0,19,0,4,8,0,9,15,5,65,0,1,0.19590058,3.9219,17,0,3.225806452,1,1,13,10,3,1,0,0.0,26,40.0,0,0,1,45,1,2,1,9,815,2,0,0,0,0,0.0,0,0,0,1,100,4,0,6.518181818,0,0,0,0,0,0,0,815.0,0.0,0,26,5,12,11,7,77.77777778,4,3,75.0,2,9,6,48,42.47787611,2,119,29,148,31,0,292,15,2,0.11042944785276074,0.0,0.4330932515337423,0.02163319288343558,0.22085889570552147,0.7730061349693252,0.3312883435582822,0.11042944785276074,2.098159509202454,2.4294478527607364,0.5521472392638037,0.0,0.0,-2.9219,-0.19590058,8,0.17079023921049505,2,-0.4382942927906369,-1.8987050349165708,-2.9219,-3.0590304059999998,0.5521472392638038,11.046437977518405,0.0,-0.5820923839458588,0.2427022517431192,0.13485778025655326,0.0,0.059211565328311976,0.5538338382417418,0.04653486363790574,0.1537389416000355
Caoimhin Kelleher,Brentford,G,0,0.0,44,213,36.41025641,150,525,675,64.34699714,4,66.66666667,2,30,0,229,0,0,0,8,36,0,1,5,1,1,0.24497656,0.0,2,0,0.0,0,0,39,36,3,0,0,-2.7681,8,72.72727273,0,17,0,374,1,3,0,30,2700,0,0,1,0,2,0.0,7,0,3,0,383,0,24,6.993333333,0,0,46,33,82,1,14,0.0,0.0,0,0,0,0,0,2,100.0,1,0,0.0,2,2,0,12,70.58823529,585,475,574,1049,0,1,1339,6,1,0.0,0.0,0.0,0.008165885333333334,0.1,0.06666666666666667,0.0,0.03333333333333333,7.633333333333334,0.13333333333333333,0.03333333333333333,2.7333333333333334,-0.09227,0.0,-0.24497656,36,0.18145264473237033,0,-1.7859787849714681,-2.0498295216958082,0.0,-0.171483592,0.03166666666666667,11.597424375666666,3.061038833333334,3.061038833333334,0.5914373086238527,0.0,0.0,0.026809680968096813,0.0,0.016750359114680355,0.5145402928083903
Vitaly Janelt,Brentford,M,16,30.18867925,145,40,49.38271605,304,317,621,86.4902507,23,65.71428571,12,22,4,74,6,1,3,4,30,5,16,56,1,0,1.87983045,0.9081,17,0,8.333333333,1,5,16,15,1,1,0,0.0,38,46.34146341,1,0,1,97,29,19,0,13,1267,0,0,0,0,0,0.0,0,0,0,0,160,5,0,6.986363636,0,0,0,0,0,0,0,1267.0,0.0,0,6,6,6,3,4,40.0,24,15,62.5,19,10,53,61,52.13675214,81,374,344,718,12,2,964,12,7,0.07103393843725335,0.2841357537490134,0.06450591949486978,0.13353176045777426,1.3496448303078137,0.2841357537490134,1.0655090765588002,2.0599842146803473,5.256511444356748,1.6337805840568271,1.1365430149960536,0.0,0.0,0.09189999999999998,2.12016955,58,0.3562797684507336,1,0.3886036494290466,2.36149974932922,0.09189999999999998,1.5760186849999998,1.1471981057616416,14.793424096811366,1.0,6.777216733876875,0.5863219346788986,0.08674750663700939,0.4808602999210734,0.3618354732079364,0.08248930422406536,0.2940114568367466,0.8825758995104983
Igor Thiago,Brentford,F,5,41.66666667,120,8,47.05882353,216,145,361,68.63117871,95,38.61788618,151,31,1,80,5,17,13,7,51,33,11,263,0,2,1.70313738,17.5142,59,0,26.76056338,19,20,40,38,2,19,0,0.0,75,40.10695187,2,0,2,165,9,19,6,30,2654,20,0,0,7,0,85.71428571,0,6,0,0,318,15,0,6.983870968,0,11,0,0,0,0,0,139.6842105,0.0,0,67,4,21,37,26,57.77777778,29,18,62.06896552,19,45,12,170,39.26096998,17,346,180,526,71,6,998,21,6,0.6443104747550867,0.03391107761868877,0.5939253956292389,0.057755223888470236,0.6443104747550867,0.881688018085908,0.6103993971363979,0.30519969856819895,2.712886209495102,3.2215523737754332,0.3730218538055765,0.0,0.0,1.4858000000000011,-0.70313738,67,0.48539665426574086,2,1.364101052620237,-2.243057732608755,1.4858000000000011,0.9936038340000011,0.8935568952524492,11.212845831010174,1.75,2.5164854396767717,0.5844924535779814,0.7868397615948484,0.05738978899773926,0.1727375827258687,0.7595038258520613,0.12642290301437145,0.46060987182752955
Mikkel Damsgaard,Brentford,M,25,29.41176471,213,24,36.36363636,349,166,515,75.29239766,13,36.11111111,23,26,4,101,10,2,4,2,12,27,36,126,0,1,4.14142951,1.8527,16,0,15.0,3,7,26,25,1,3,0,0.0,74,41.8079096,1,0,1,169,19,32,0,18,1588,3,0,0,0,0,0.0,0,0,0,0,333,19,0,6.976923077,0,2,0,0,0,0,0,529.3333333,0.0,1,12,8,7,9,13,33.33333333,44,26,59.09090909,32,39,85,87,40.84507042,66,487,197,684,20,1,1062,18,0,0.17002518891687657,0.22670025188916876,0.10500188916876575,0.23471577827455922,1.81360201511335,0.7367758186397985,1.473551637279597,1.0768261964735517,5.724181360201512,0.7367758186397985,2.040302267002519,0.0,0.0,1.1473,-0.14142951000000004,21,0.3888195064743127,0,1.4851558679363752,1.607793722464864,1.1473,1.048299343,0.6801007556675065,13.418344638908689,0.5,5.922677743896978,0.5793930840366972,0.20763682161667046,0.3836586901763224,0.48622091428286407,0.1342750068144176,0.5177915869875034,0.7979457273161429
Mathias Jensen,Brentford,M,25,26.88172043,211,59,55.66037736,380,243,623,80.90909091,6,24.0,19,29,1,80,8,2,8,2,27,19,25,87,0,0,3.99358633,2.0787,15,0,8.695652174,2,3,23,21,2,1,1,0.0,54,44.26229508,0,0,1,147,13,22,0,19,1681,2,0,2,0,0,0.0,0,0,0,0,292,7,0,6.893103448,0,2,0,0,0,0,0,840.5,0.0,2,8,15,9,6,15,62.5,31,20,64.51612903,20,24,93,60,40.81632653,106,496,274,770,23,0,1130,8,3,0.10707911957168352,0.05353955978584176,0.11129268292682926,0.21381485407495537,1.1778703152885188,0.8030933967876264,1.0707911957168352,0.6960142772159429,4.283164782867341,0.32123735871505055,1.338488994646044,0.0,0.0,-0.07869999999999999,-2.99358633,35,0.2677749105549143,0,0.24153457584475524,0.20760723035542214,-0.07869999999999999,-2.1742104309999997,0.44705532421177874,13.672863156086557,0.5,4.688872154876979,0.517874090275229,0.130766318749662,0.09060826888756693,0.31578327374676796,0.14231958945401585,0.4715667815431542,0.6757544865682199
Michael Kayode,Brentford,D,14,27.45098039,153,30,44.11764706,331,462,793,85.17722879,37,60.6557377,24,30,0,140,3,0,3,6,90,24,17,124,1,2,2.58646108,0.6257,22,0,14.28571429,1,1,39,37,2,1,0,0.0,143,58.84773663,1,0,0,138,32,30,0,30,2634,1,1,1,0,2,0.0,0,0,0,0,420,5,0,6.89,0,0,0,0,0,0,0,2634.0,0.0,0,6,1,2,2,43,52.43902439,57,39,68.42105263,29,82,51,180,59.21052632,68,413,518,931,7,0,1793,43,6,0.03416856492027335,0.0,0.021379271070615033,0.08837566332574032,1.0250569476082005,1.469248291571754,1.3325740318906607,1.0933940774487472,4.783599088838269,1.2642369020501139,0.5808656036446469,0.0,0.0,0.37429999999999997,-2.58646108,144,0.20906679259806346,1,-0.0768137613581479,1.1334590976552885,0.37429999999999997,-1.4362227559999998,0.9601366742596812,14.353347938203871,1.5,3.9489855757067764,0.5155963302752289,0.04172706564506109,0.0,0.27481449739506986,0.027339524949690563,0.19414353785764385,0.6024790370759272
Dango Ouattara,Brentford,F,11,14.86486486,94,11,36.66666667,160,64,224,61.03542234,45,52.94117647,40,25,3,71,10,9,11,0,43,23,14,143,0,0,3.33558038,5.3221,21,0,13.88888889,5,8,26,24,2,5,0,0.0,66,39.05325444,0,0,0,143,20,20,5,19,1718,7,0,0,0,0,0.0,0,0,0,4,334,7,0,6.844,0,0,0,0,0,0,0,343.6,0.0,0,30,6,13,12,17,26.98412698,18,10,55.55555556,20,63,74,111,43.7007874,30,272,95,367,36,2,805,31,4,0.26193247962747385,0.15715948777648428,0.2788061699650757,0.1747393679860303,1.0477299185098954,0.8905704307334109,0.5238649592549477,1.0477299185098954,3.719441210710128,2.3573923166472643,0.7334109429569267,0.0,0.0,-0.32209999999999983,-0.3355803800000001,59,0.35550067571167465,0,0.9937116503948513,-0.20062898545886568,-0.32209999999999983,-0.5570062659999999,0.8591385331781142,10.495563967152501,0.0,1.2424937488906866,0.48183486238532147,0.31987511906021804,0.26597060535506406,0.2808930485598036,0.3565335887604036,0.38514683547501943,0.33443875801101336
Kevin Schade,Brentford,M,5,29.41176471,125,6,40.0,209,91,300,67.87330317,71,51.07913669,68,28,3,78,7,11,8,4,26,40,9,195,0,0,1.87961208,9.9541,39,0,15.55555556,7,10,26,23,3,7,0,0.0,87,40.65420561,2,0,3,142,18,25,1,26,2217,9,0,1,1,0,0.0,0,0,0,1,319,9,0,6.821428571,1,4,0,0,0,0,0,316.7142857,0.0,0,44,1,16,21,18,30.0,33,18,54.54545455,24,60,17,158,44.7592068,15,321,121,442,45,1,902,36,6,0.28416779431664413,0.12178619756427606,0.4040906630581868,0.07630360270635994,1.0148849797023003,0.7307171853856562,0.7307171853856562,0.7307171853856562,3.1664411366711773,2.8822733423545333,0.3653585926928281,0.0,0.0,-2.9541000000000004,1.12038792,53,0.3600468219511032,2,0.9083870178761736,-0.5204610171606929,-2.9541000000000004,-2.1698284560000003,0.9966170500676589,11.346891403240189,1.0,3.8701485889096072,0.46526867596330224,0.3470291548775987,0.20610622462787553,0.2720874252513208,0.5167457172943962,0.16744478290718934,0.594671332750949
Jordan Henderson,Brentford,M,16,35.55555556,189,69,37.5,387,456,843,77.69585253,11,37.93103448,18,29,3,94,8,0,2,3,34,6,8,50,0,0,2.39206751,0.3319,13,0,16.66666667,1,4,26,23,3,1,0,0.0,34,51.51515152,0,0,0,242,17,18,0,21,1831,1,0,0,0,0,0.0,0,0,0,0,301,6,0,6.820689655,0,1,0,0,0,0,0,1831.0,0.0,0,2,4,3,1,3,37.5,26,12,46.15384615,18,8,45,45,47.36842105,184,581,504,1085,6,0,1303,7,4,0.049153468050245765,0.1474604041507373,0.01631403604587657,0.11757841392681595,0.8847624249044238,0.1474604041507373,0.5898416166029492,0.835608956854178,4.620425996723102,0.5406881485527034,0.3932277444019661,0.0,0.0,0.6681,0.60793249,55,0.24200237366998398,1,-0.262130658993359,-0.08328603261774528,0.6681,1.093652743,0.5062807209175314,13.148545830879026,0.75,5.7981355737351175,0.46472635229357717,0.060026810982572856,0.2495562534134353,0.23720198344247315,0.020862170372095982,0.2587287902648154,0.7856115618423066
Nathan Collins,Brentford,D,1,100.0,100,79,39.10891089,328,843,1171,82.93201133,74,57.36434109,55,28,2,108,4,3,2,7,167,9,5,87,1,2,1.21228533,1.6536,16,0,7.142857143,1,3,34,31,3,1,0,0.0,42,56.75675676,1,0,0,241,27,9,0,25,2342,2,1,0,0,1,0.0,0,0,0,1,272,1,0,6.8,0,0,0,0,0,0,0,2342.0,0.0,0,14,0,6,6,3,50.0,24,11,45.83333333,9,6,1,116,57.14285714,202,501,911,1412,14,1,1797,15,5,0.03842869342442357,0.07685738684884715,0.06354568744662681,0.046586541289496165,0.34585824081981215,0.11528608027327071,0.4227156276686592,1.0375747224594363,4.150298889837745,2.8437233134073443,0.19214346712211783,0.0,0.0,-0.6536,0.78771467,200,0.19464353327657927,1,-1.1971881833422442,-0.3673038877490065,-0.6536,-0.10219973100000002,0.9991460290350127,13.610073441568742,1.75,3.9866760181631933,0.44954128440366947,0.0469295862122506,0.13007045260461145,0.09272349096566361,0.08126137236643932,0.10172207278902429,0.6062117498866593
Sepp van den Berg,Brentford,D,0,0.0,73,47,53.40909091,265,778,1043,88.69047619,118,68.20809249,55,26,1,95,4,4,3,6,167,3,5,75,2,0,0.83709842,2.6323,13,0,0.0,0,1,36,33,3,0,0,0.0,25,55.55555556,0,0,0,133,26,5,0,25,2303,0,0,0,0,0,0.0,0,0,0,0,148,1,0,6.784615385,0,0,0,0,0,0,0,0.0,0.0,0,19,1,11,6,1,100.0,15,6,40.0,5,1,0,143,65.59633028,88,354,822,1176,20,0,1496,9,1,0.0,0.03907946157186279,0.1028688666956144,0.03271335553625706,0.19539730785931395,0.03907946157186279,0.2344767694311767,1.0160660008684326,3.7125488493269647,4.611376465479809,0.19539730785931395,0.0,0.0,-2.6323,0.16290158,194,0.1657148012159871,1,-1.621512294141574,-0.6900471070696994,-2.6323,-2.5182688939999998,1.2798523664785064,14.308276037466564,1.5,3.967240095153745,0.4382498238532113,0.0,0.06613656100738169,0.05238539485733203,0.13154732629947596,0.07103992178878527,0.6042868927059653
Ethan Pinnock,Brentford,D,0,0.0,9,9,50.0,23,87,110,82.70676692,13,56.52173913,10,4,0,11,0,0,0,1,27,1,3,14,0,0,0.06031063,0.0106,0,0,0.0,0,0,5,5,0,0,0,0.0,7,63.63636364,0,0,0,23,5,0,0,4,321,0,1,0,0,0,0.0,0,0,0,0,27,0,0,6.725,0,0,0,0,0,0,0,0.0,0.0,0,1,0,0,1,1,100.0,5,4,80.0,0,1,0,20,58.82352941,18,40,93,133,1,0,196,2,1,0.0,0.0,0.0029719626168224302,0.01690952242990654,0.0,0.2803738317757009,1.1214953271028036,1.4018691588785046,3.08411214953271,3.644859813084112,0.8411214953271028,0.0,0.0,-0.0106,-0.06031063,33,0.11872867444447657,1,-1.9489291066867198,0.6754893356608729,-0.0106,-0.05281744099999999,1.4158878504672896,13.181270455990656,0.25,4.136927708128038,0.39449541284403633,0.0,0.0,0.0,0.00380050591265678,0.03608792140643545,0.6210920848313723
Keane Lewis-Potter,Brentford,D,13,30.95238095,94,13,26.0,143,125,268,75.92067989,9,33.33333333,18,29,2,60,4,0,6,4,23,15,8,70,0,0,1.30736884,2.2218,12,0,14.28571429,3,5,22,19,3,3,0,0.0,52,50.0,1,0,1,85,8,13,1,15,1362,3,0,0,0,0,0.0,0,0,0,0,175,6,0,6.686206897,0,1,0,0,0,0,0,454.0,0.0,5,13,8,8,7,11,39.28571429,16,10,62.5,13,28,42,61,46.5648855,50,208,145,353,21,1,633,25,1,0.19823788546255508,0.13215859030837004,0.1468149779735683,0.0863900114537445,0.8590308370044053,0.7268722466960352,0.6607929515418502,0.5286343612334802,3.9647577092511015,0.5947136563876653,0.5286343612334802,0.0,0.0,0.7782,0.6926311599999999,33,0.26838167848289385,0,0.6260683391537435,-0.6504935839458881,0.7782,1.263041812,0.4295154185022026,12.701549706627754,1.0,3.6225529495582602,0.36602341064220134,0.2420905086103324,0.22366005873715125,0.23030342681845278,0.18774502367452192,0.18975203963552437,0.5701504368777612
Yehor Yarmolyuk,Brentford,M,7,29.16666667,164,51,48.57142857,385,483,868,83.94584139,20,51.28205128,19,31,2,149,1,0,4,4,27,17,37,131,0,1,1.23755103,1.176,35,0,6.666666667,1,3,34,33,1,1,0,0.0,74,39.78494624,0,0,1,166,25,14,0,24,2147,1,0,1,0,0,0.0,0,0,0,0,258,9,0,6.677419355,0,1,0,0,0,0,0,2147.0,0.0,0,7,8,7,4,11,32.35294118,54,34,62.96296296,13,34,24,94,41.77777778,105,508,526,1034,15,0,1376,9,7,0.04191895668374476,0.08383791336748952,0.049296693060083836,0.05187684802049372,0.5868653935724266,0.46110852352119236,1.425244527247322,1.047973917093619,6.24592454587797,0.8383791336748952,1.5510013972985561,0.0,0.0,-0.17599999999999993,0.7624489699999999,49,0.1789514468213131,1,-0.8888009870907699,1.0679938470157146,-0.17599999999999993,0.35771427899999997,0.748253376804844,14.371729444724965,1.0,6.041428164850956,0.35957383853210967,0.051191938010754966,0.14188402421984164,0.1573367397289333,0.06303994955683155,0.11342219652737688,0.8097063007847962
Kristoffer Ajer,Brentford,D,1,14.28571429,54,23,29.48717949,146,346,492,78.97271268,55,57.89473684,40,24,1,50,1,1,2,4,102,5,7,80,0,0,0.71224566,0.7805,22,0,0.0,0,1,27,26,1,0,0,0.0,42,51.2195122,0,0,0,131,15,4,0,18,1638,0,0,0,0,1,0.0,0,0,0,0,168,2,0,6.6375,0,0,0,0,0,0,0,0.0,0.0,0,8,2,5,3,2,22.22222222,35,20,57.14285714,4,9,7,97,54.80225989,78,248,375,623,10,0,915,5,3,0.0,0.054945054945054944,0.04288461538461538,0.039134376923076926,0.21978021978021978,0.10989010989010989,1.098901098901099,0.8241758241758242,2.7472527472527473,3.021978021978022,0.38461538461538464,0.0,0.0,-0.7805,0.28775434,130,0.1320023270849435,1,-1.315484610057713,0.09999284350317988,-0.7805,-0.579071962,1.1785714285714286,12.619426759967032,1.0,3.775138752834615,0.33027522935779796,0.0,0.09298687423687424,0.058922375754058925,0.05484027067120429,0.0852407514518764,0.5852619332016397
Aaron Hickey,Brentford,D,0,0.0,34,8,40.0,95,127,222,83.45864662,9,50.0,9,18,0,33,0,1,1,0,20,5,6,32,0,0,0.13420014,0.4147,6,0,0.0,0,0,8,6,2,0,0,0.0,20,46.51162791,0,0,0,44,7,0,0,7,617,0,0,0,0,0,0.0,0,0,0,0,78,0,0,6.558823529,0,0,0,0,0,0,0,0.0,0.0,0,3,2,3,1,0,0.0,12,6,50.0,0,7,4,29,47.54098361,20,121,145,266,5,0,414,8,1,0.0,0.0,0.06049108589951378,0.019575385089141004,0.0,0.0,0.8752025931928687,1.0210696920583469,4.813614262560778,1.312803889789303,0.8752025931928687,0.0,0.0,-0.4147,-0.13420014,27,0.08949482802748318,1,-2.1340074147544574,-0.0349906831773528,-0.4147,-0.508640098,0.7439222042139384,13.727094404912478,0.0,3.8018309090564824,0.2725310304587154,0.0,0.0,0.0,0.07735518889868569,0.04198378426817456,0.5879054191089923
Rico Henry,Brentford,D,3,12.0,75,23,38.98305085,171,199,370,76.92307692,19,47.5,21,25,1,72,1,0,1,3,41,9,8,68,1,3,0.54618954,0.1792,15,0,0.0,0,1,22,21,1,0,0,0.0,47,50.0,0,0,0,111,8,4,0,14,1334,2,0,0,0,1,0.0,0,0,0,0,218,3,0,6.433333333,0,0,0,0,0,0,0,0.0,0.0,0,1,4,4,0,15,50.0,15,11,73.33333333,4,30,25,66,49.25373134,59,239,242,481,5,0,817,17,2,0.0,0.06746626686656672,0.012089955022488757,0.03684936926536732,0.2698650674662669,1.0119940029985008,0.7421289355322339,0.5397301349325337,4.857571214392804,1.2818590704647677,0.5397301349325337,0.0,0.0,-0.1792,0.45381046,52,0.0893624393341198,0,-0.5921004470264408,-0.3443512794463641,-0.1792,0.13846732199999998,0.5970764617691156,12.856519457527735,0.75,3.593145839743403,0.18042813431192606,0.0,0.1141772863568216,0.07234996363204536,0.0154604722437087,0.08018719336957511,0.5672380726713858
James Garner,Everton,M,40,23.95209581,398,50,49.01960784,729,530,1259,87.79637378,23,65.71428571,12,31,6,152,11,0,11,11,75,12,31,97,0,1,4.77386,1.9142,28,0,4.87804878,2,8,35,32,3,1,1,0.0,139,62.05357143,0,0,1,175,50,44,0,31,2784,0,0,0,0,0,0.0,0,0,0,0,387,10,0,7.274193548,0,2,0,0,0,0,0,1392.0,0.0,10,14,27,18,12,16,51.61290323,93,53,56.98924731,44,31,167,162,62.54826255,102,842,592,1434,41,2,2145,30,7,0.06465517241379311,0.1939655172413793,0.06188146551724138,0.15432737068965519,1.4224137931034484,0.5172413793103449,1.7133620689655173,1.6163793103448274,4.913793103448276,0.7435344827586208,1.0021551724137931,0.0,0.0,0.0858000000000001,1.22614,147,0.3897783423556017,1,0.373127077969037,2.4799244859355314,0.0858000000000001,0.9440980000000001,1.0829741379310345,14.934331013120689,2.75,6.567966432834483,0.7975732462385325,0.0789576802507837,0.3282596982758621,0.38134459997723913,0.07913318769587813,0.34000334829020845,0.8618525747510805
Jack Grealish,Everton,M,10,25.64102564,238,18,56.25,347,135,482,84.11867365,4,17.39130435,19,20,6,87,5,4,12,5,11,30,10,104,0,2,3.56887946,2.1457,13,0,7.692307692,2,8,23,21,2,1,1,0.0,102,54.54545455,0,0,1,91,12,40,1,18,1631,0,0,2,0,0,0.0,0,0,0,0,227,16,0,7.23,1,1,0,0,0,0,0,815.5,0.0,0,19,7,6,8,23,40.35087719,21,15,71.42857143,38,57,39,106,50.47619048,32,416,157,573,26,3,932,58,3,0.1103617412630288,0.33108522378908645,0.11840159411404047,0.196933875781729,2.2072348252605765,1.2691600245248313,0.8277130594727161,0.6621704475781729,4.800735744941753,0.2207234825260576,0.5518087063151441,0.0,0.0,-0.14570000000000016,2.43112054,28,0.479202139080331,0,2.887402792825873,0.8883616784171662,-0.14570000000000016,1.556084378,0.4497240956468423,14.639750641522072,1.25,6.568278826938198,0.7651376146788991,0.13477509614848668,0.5603157572041693,0.5917526148690897,0.15141036968342356,0.4342325502975587,0.8618835130313695
Kiernan Dewsbury-Hall,Everton,M,14,15.05376344,288,21,42.85714286,471,198,669,83.31257783,16,45.71428571,19,24,3,96,8,1,9,5,24,36,9,100,0,1,4.064386,3.316,25,0,20.0,6,9,25,23,2,6,0,0.0,99,55.0,0,0,1,134,9,27,4,23,2013,1,0,0,0,1,0.0,0,0,0,0,303,16,0,7.195833333,0,2,0,0,0,0,0,335.5,0.0,0,22,8,10,11,21,58.33333333,40,19,47.5,27,36,93,115,53.48837209,49,574,229,803,30,3,1240,39,6,0.26825633383010433,0.13412816691505217,0.1482563338301043,0.18171621460506704,1.2071535022354696,0.9388971684053652,0.8494783904619971,0.40238450074515647,4.292101341281669,0.7153502235469449,0.40238450074515647,0.0,0.0,2.684,-1.0643859999999998,43,0.41682040031696593,0,1.3029757535942628,-0.5546022970404595,2.684,1.9389298000000004,0.5007451564828614,14.037844789254098,1.25,6.490858866998212,0.7400611618348627,0.3275978864652486,0.22699329359165427,0.3236340027445368,0.18958821020183578,0.40057693677102585,0.8542161454591125
James Tarkowski,Everton,D,2,28.57142857,123,82,40.7960199,352,668,1020,80.44164038,125,71.02272727,51,30,1,71,1,4,4,11,204,1,12,87,1,6,1.27448334,2.297,23,0,6.666666667,1,2,33,30,3,1,0,0.0,70,66.03773585,1,0,0,248,27,15,0,30,2700,2,0,1,0,1,0.0,0,0,0,0,275,3,0,7.183333333,0,0,0,0,0,0,0,2700.0,0.0,0,15,0,4,7,4,57.14285714,39,23,58.97435897,14,7,7,195,69.14893617,201,546,722,1268,15,3,1715,30,5,0.03333333333333333,0.03333333333333333,0.07656666666666667,0.042482778,0.5,0.13333333333333333,0.7666666666666667,0.9,2.3666666666666667,4.166666666666666,0.4,0.0,0.0,-1.2970000000000002,-0.27448333999999996,242,0.27062373336875056,1,-1.0648632749783666,-0.23169145471674965,-1.2970000000000002,-1.489138338,1.3116666666666665,12.843533418166665,2.75,3.774512603841666,0.7308868499082566,0.040707070707070706,0.05641203703703704,0.13404840484048405,0.09791242586025899,0.09264612677654038,0.5851999218742292
Jordan Pickford,Everton,G,0,0.0,125,301,40.67567568,224,501,725,62.07191781,4,66.66666667,2,31,0,253,0,0,0,11,40,0,1,3,3,0,0.17797788,0.0,0,0,0.0,0,0,35,32,3,0,0,5.1314,8,88.88888889,0,10,0,443,0,0,0,31,2790,0,0,0,0,0,0.0,3,0,1,0,450,0,14,7.093548387,0,0,58,28,86,0,18,0.0,0.0,0,0,0,0,0,0,0.0,2,1,50.0,0,0,0,12,80.0,740,622,546,1168,0,4,1432,6,2,0.0,0.0,0.0,0.005741221935483871,0.0,0.0,0.03225806451612903,0.0,8.161290322580646,0.12903225806451613,0.03225806451612903,2.774193548387097,0.1655290322580645,0.0,-0.17797788,40,0.19949689255045858,0,-1.9576575564112042,-2.0733807599093597,0.0,-0.12458451599999999,0.03225806451612903,11.352545557629032,3.9176125806451614,3.9176125806451614,0.664989641834862,0.0,0.0,0.0,0.0,0.01138793624939144,0.5993719793460281
Jarrad Branthwaite,Everton,D,0,0.0,58,16,50.0,127,105,232,82.85714286,24,77.41935484,7,8,0,19,0,0,1,0,28,1,2,17,0,1,0.09595555,0.2882,3,0,20.0,1,1,6,5,1,1,0,0.0,9,47.36842105,1,0,0,48,8,2,0,5,512,0,0,0,0,0,0.0,0,0,0,1,65,0,0,7.025,0,0,0,0,0,0,0,512.0,0.0,0,5,0,2,2,0,0.0,8,4,50.0,2,4,3,33,66.0,32,160,120,280,5,0,365,1,1,0.17578125,0.0,0.050660156250000005,0.0168671865234375,0.3515625,0.0,0.703125,1.40625,3.33984375,4.21875,0.3515625,0.0,0.0,0.7118,-0.09595555,38,0.25868648851697895,1,-1.4216253461305242,-0.11142587508009406,0.7118,0.644631115,1.458984375,13.390796038130858,0.0,4.319784301782715,0.6146788990825689,0.21466619318181818,0.0,0.09425278465346534,0.06478352798733907,0.03599429066450498,0.6392014808792139
Michael Keane,Everton,D,0,0.0,67,53,50.47619048,246,523,769,85.92178771,88,62.41134752,53,27,0,76,0,3,6,7,174,3,10,82,0,0,0.22328213,1.945,14,0,14.28571429,3,3,30,28,2,3,0,0.0,41,58.57142857,1,0,2,126,33,1,0,24,2153,0,0,0,0,0,0.0,0,0,0,0,147,1,0,6.973076923,1,1,0,0,0,0,0,717.6666667,0.0,0,17,4,9,6,5,62.5,30,20,66.66666667,1,8,1,129,61.13744076,105,336,559,895,21,2,1263,6,0,0.12540640966093825,0.0,0.08130515559684162,0.009333670088248956,0.04180213655364608,0.2090106827682304,0.8360427310729216,1.3794705062703205,3.1769623780771017,3.6785880167208544,0.4180213655364608,0.0,0.0,1.055,-0.22328213,217,0.22333626961245237,1,-1.6473283641430312,0.04767293826573432,1.055,0.8987025089999999,1.3794705062703205,13.699472916335115,1.75,4.387355909195971,0.5765702187155961,0.15314782755563064,0.0,0.011207019447880693,0.10397194191683817,0.01933304984076197,0.645893506448425
Iliman Ndiaye,Everton,M,7,16.27906977,252,6,31.57894737,414,226,640,83.66013072,10,27.77777778,26,25,3,149,6,1,8,5,15,53,22,176,0,1,4.17730815,5.08,26,0,19.35483871,6,9,29,27,2,6,0,0.0,144,48.97959184,0,0,2,125,12,23,2,25,2156,9,0,0,2,0,100.0,0,2,0,0,335,21,0,6.96,0,4,0,0,0,0,0,359.3333333,0.0,0,20,11,7,16,55,52.88461538,57,36,63.15789474,23,104,43,154,46.66666667,19,517,248,765,31,0,1274,32,2,0.2504638218923933,0.12523191094619665,0.21205936920222634,0.17437742741187384,0.9601113172541744,2.295918367346939,1.50278293135436,0.5009276437847866,6.219851576994434,0.4174397031539889,0.9183673469387754,0.0,0.0,0.9199999999999999,-1.17730815,41,0.3546749148437484,0,1.7693775468271367,0.6070219590777431,0.9199999999999999,0.09588429499999995,0.6219851576994434,14.483615820140539,1.25,5.956197077596105,0.5669724770642199,0.30586945522010456,0.21193761595547309,0.257402781094436,0.27117867564196263,0.3843463621340791,0.8012653499618737
Idrissa Gueye,Everton,M,4,22.22222222,237,18,45.0,487,344,831,87.19832109,13,61.9047619,8,22,2,103,1,0,10,4,18,8,16,62,0,2,1.02784436,1.4961,18,0,7.692307692,2,4,22,20,2,2,0,0.0,75,58.13953488,0,0,2,122,27,12,0,22,1851,0,0,0,0,0,0.0,0,0,0,0,181,4,0,6.822727273,1,2,0,0,0,0,0,925.5,0.0,0,8,18,10,6,6,31.57894737,42,19,45.23809524,12,19,18,88,58.66666667,40,569,384,953,26,0,1222,27,1,0.09724473257698542,0.09724473257698542,0.07274392220421394,0.04997622495948136,0.5834683954619124,0.2917341977309562,0.9238249594813613,1.312803889789303,5.008103727714749,0.6320907617504052,0.7779578606158833,0.0,0.0,0.5039,0.97215564,48,0.2352366052544198,1,-0.8124845797346054,0.611263551484328,0.5039,1.184408948,0.7269043760129659,14.548482090080224,1.0,6.438537290434684,0.4662218517431187,0.11875644614704582,0.1645732036736899,0.15642601537301218,0.09302395154032927,0.1092187493314866,0.8490344228157072
Tim Iroegbunam,Everton,M,0,0.0,76,8,53.33333333,173,124,297,81.36986301,13,48.14814815,14,23,2,63,3,0,3,3,5,19,6,78,1,1,0.60829198,0.4691,22,0,0.0,0,2,10,9,1,0,0,0.0,78,54.92957746,0,0,0,68,19,6,0,13,1128,0,0,0,0,0,0.0,0,0,0,1,127,4,0,6.780952381,0,0,0,0,0,0,0,0.0,0.0,0,4,5,5,1,8,30.76923077,51,36,70.58823529,6,26,2,91,53.84615385,15,225,140,365,9,0,588,19,8,0.0,0.1595744680851064,0.037428191489361703,0.048533934574468085,0.4787234042553191,0.6382978723404256,2.8723404255319145,1.5159574468085106,5.026595744680851,1.0372340425531914,0.4787234042553191,0.0,0.0,-0.4691,1.39170802,54,0.20871783849945072,1,-0.709307081617491,3.4940524227903262,-0.4691,0.505095614,1.5957446808510634,13.641815062803191,0.75,5.97791320689149,0.43556138055045857,0.0,0.2700576241134752,0.12834421740046345,0.0478626690154859,0.10602895773161286,0.803416029782471
Jake O'Brien,Everton,D,12,28.57142857,147,36,31.03448276,318,368,686,74.08207343,91,66.42335766,46,30,1,97,0,0,3,9,122,17,4,93,0,2,0.82524926,0.864,15,0,0.0,0,1,33,30,3,0,0,0.0,64,57.65765766,0,0,1,240,11,13,0,28,2556,3,0,0,0,1,0.0,0,0,0,0,402,4,0,6.773333333,1,0,0,0,0,0,0,0.0,0.0,0,9,0,3,3,5,29.41176471,49,29,59.18367347,13,17,42,155,62.5,116,474,452,926,9,1,1531,11,2,0.0,0.035211267605633804,0.030422535211267605,0.02905807253521127,0.4577464788732394,0.17605633802816903,1.0211267605633803,0.3873239436619718,3.415492957746479,3.204225352112676,0.14084507042253522,0.0,0.0,-0.864,0.17475074000000002,158,0.1632073101805355,1,-1.0138970646194705,-0.42316471009407486,-0.864,-0.741674482,1.0933098591549297,12.133660039676055,2.25,3.5781497531119717,0.42996941871559624,0.0,0.0595901799687011,0.12272037062861214,0.03890392977824585,0.06295584168047211,0.5657529193796802
Vitaliy Mykolenko,Everton,D,19,25.67567568,236,39,30.0,436,314,750,79.28118393,37,52.85714286,33,26,1,88,1,0,3,9,112,8,24,104,1,0,2.30670203,0.2937,25,0,0.0,0,1,32,29,3,0,0,0.0,68,48.92086331,0,0,0,196,26,19,0,26,2330,0,1,1,0,0,0.0,0,0,0,0,382,9,0,6.746153846,0,0,0,0,0,0,0,0.0,0.0,0,1,8,4,2,9,34.61538462,37,20,54.05405405,18,26,74,105,50.23923445,130,570,376,946,9,0,1595,22,5,0.0,0.03862660944206008,0.011344635193133048,0.08910007841201716,0.7339055793991417,0.34763948497854075,0.7725321888412017,1.004291845493562,3.3991416309012874,1.4291845493562232,0.9270386266094421,0.0,0.0,-0.2937,-1.3067020299999998,134,0.1670447841389656,1,-0.8877508948761911,0.15022253078499212,-0.2937,-1.2083914209999997,0.7184549356223175,13.021104969618024,2.25,3.5050904906278966,0.4100211713761466,0.0,0.06537017167381974,0.19675774444397232,0.014507367247618516,0.1957456654049383,0.558517418089604
Dwight McNeil,Everton,M,9,28.125,75,5,35.71428571,122,94,216,81.81818182,6,37.5,10,18,1,50,1,1,7,3,11,15,9,50,0,1,0.85182373,1.0821,10,0,0.0,0,1,5,3,2,0,0,0.0,31,43.66197183,0,0,1,48,6,12,0,11,960,1,0,0,0,0,0.0,0,0,0,0,118,10,0,6.655555556,0,0,0,0,0,0,0,0.0,0.0,0,9,8,5,5,7,53.84615385,18,13,72.22222222,12,13,32,37,42.52873563,14,154,110,264,17,0,451,6,1,0.0,0.09375,0.10144687500000002,0.0798584746875,1.125,0.65625,1.21875,0.5625,4.6875,0.5625,0.84375,0.0,0.0,-1.0821,0.14817627,21,0.19300410178052055,0,0.043403252017962704,0.5084316110820428,-1.0821,-0.9783766110000001,0.5812499999999999,13.858316891671876,0.75,5.268226112268751,0.3435270135779813,0.0,0.15865885416666667,0.3016089108910891,0.12972890240129467,0.17530679245942157,0.7331314181658061
Harrison Armstrong,Everton,M,0,0.0,55,5,62.5,99,46,145,78.80434783,6,46.15384615,7,11,0,25,0,1,1,1,8,8,3,29,0,0,0.20377204,0.7874,6,0,0.0,0,0,10,9,1,0,0,0.0,28,56.0,0,0,0,39,4,4,0,6,508,2,0,0,0,0,0.0,0,0,0,0,67,5,0,6.64,0,0,0,0,0,0,0,0.0,0.0,0,5,0,2,2,1,14.28571429,13,10,76.92307692,4,7,1,34,53.96825397,8,133,51,184,5,0,267,14,0,0.0,0.0,0.13949999999999999,0.03610134566929134,0.7086614173228346,0.17716535433070865,1.7716535433070866,0.7086614173228346,4.429133858267717,1.0629921259842519,0.5314960629921259,0.0,0.0,-0.7874,-0.20377204,19,0.14597058009257227,1,-1.2092919850876729,0.8984624797860011,-0.7874,-0.930040428,0.9655511811023622,13.184992471547243,0.25,5.095091053639369,0.332110091743119,0.0,0.0,0.18998986512824512,0.17839072800399816,0.07853285287887805,0.7159848046156987
Beto,Everton,F,0,0.0,40,0,0.0,65,37,102,60.35502959,79,46.19883041,92,31,1,25,1,8,8,0,32,21,2,164,0,1,0.20447977,7.1656,28,0,18.75,6,7,14,13,1,6,0,0.0,36,33.33333333,2,0,1,67,1,8,1,12,1241,7,0,0,0,0,0.0,0,0,0,0,180,7,0,6.58,0,3,0,0,0,0,0,206.8333333,0.0,0,31,1,11,13,11,30.55555556,14,3,21.42857143,8,36,2,115,41.21863799,0,115,54,169,32,2,449,11,2,0.43513295729250606,0.072522159548751,0.5196647864625302,0.014829314504431909,0.580177276390008,0.7977437550362612,0.21756647864625303,0.072522159548751,1.8130539887187753,5.72925060435133,0.145044319097502,0.0,0.0,-1.1656000000000004,0.7955202299999999,34,0.3336017523626996,2,1.111776578832097,-2.5260355650748716,-1.1656000000000004,-0.6087358390000005,1.2219983883964545,9.713287311042304,0.0,1.1226410562459908,0.288073394495413,0.5313896417844847,0.12273368251410154,0.15554367684955442,0.664540355377011,0.03148730156204212,0.3225690199002732
Tyler Dibling,Everton,M,1,14.28571429,29,3,75.0,50,38,88,86.2745098,2,28.57142857,5,14,0,22,0,0,3,1,4,10,6,46,0,0,0.15515412,0.1993,11,0,0.0,0,0,2,2,0,0,0,0.0,31,43.05555556,0,0,0,14,6,4,0,4,371,0,0,0,0,0,0.0,0,0,0,0,59,2,0,6.561538462,0,0,0,0,0,0,0,0.0,0.0,0,3,1,1,0,13,48.14814815,7,3,42.85714286,4,27,7,33,41.7721519,4,61,41,102,4,0,207,11,2,0.0,0.0,0.04834770889487871,0.03763846576819407,0.9703504043126685,3.1536388140161726,0.7277628032345014,1.4555256064690028,5.336927223719677,0.48517520215633425,1.4555256064690028,0.0,0.0,-0.1993,-0.15515412,7,0.1275619098348977,0,0.8383428073291391,1.2530563856175994,-0.1993,-0.307907884,0.5700808625336927,14.624440533881401,0.25,5.840629232459299,0.274523641834862,0.0,0.0,0.26014784766886395,0.06182640134109528,0.08193237133259906,0.7898199662535322
Merlin Röhl,Everton,M,2,50.0,25,1,25.0,43,39,82,73.87387387,12,48.0,13,12,0,20,0,1,2,2,6,11,4,44,0,0,0.17880975,0.6411,9,0,0.0,0,0,6,6,0,0,0,0.0,24,43.63636364,0,0,1,29,2,5,0,2,375,1,0,0,0,0,0.0,0,0,0,0,63,1,0,6.509090909,0,0,0,0,0,0,0,0.0,0.0,0,5,2,5,0,3,30.0,18,9,50.0,5,10,4,36,45.0,4,62,49,111,7,0,210,3,0,0.0,0.0,0.153864,0.042914339999999995,1.2000000000000002,0.72,2.16,0.48,4.800000000000001,2.88,0.96,0.0,0.0,-0.6411,-0.17880975,13,0.1387423550736924,1,-0.30337536296120443,1.367423729181522,-0.6411,-0.766266825,1.332,12.711809665499999,0.5,5.0446171362,0.23603002495412806,0.0,0.0,0.32171617161716176,0.19675921844879696,0.09360057593374808,0.7109860668467901
Thierno Barry,Everton,F,1,33.33333333,76,1,33.33333333,130,59,189,60.38338658,110,46.0251046,129,31,0,28,2,9,7,0,20,18,10,207,0,0,0.40212842,6.1423,37,0,18.75,6,6,24,22,2,6,0,0.0,18,18.75,1,0,1,124,5,9,2,19,1662,11,0,0,0,0,0.0,0,0,0,0,238,8,0,6.483870968,0,2,0,0,0,0,0,277.0,0.0,0,31,1,15,10,8,30.76923077,3,2,66.66666667,9,26,3,128,38.20895522,3,227,86,313,32,0,583,7,3,0.3249097472924188,0.0,0.33261552346570394,0.021775907220216606,0.48736462093862815,0.4332129963898917,0.10830324909747292,0.27075812274368233,1.5162454873646207,5.956678700361011,0.5415162454873647,0.0,0.0,-0.14229999999999965,-0.40212842,17,0.22658548517442267,2,0.06400521203254313,-2.4361112474697695,-0.14229999999999965,-0.4237898939999996,1.2292418772563176,9.612590952974728,0.0,1.246970410171841,0.21751997651376076,0.396783721693469,0.0,0.13066090002502057,0.425344267931741,0.04685049286027033,0.334882108893211
Carlos Alcaraz,Everton,M,2,40.0,72,11,64.70588235,135,95,230,80.98591549,13,44.82758621,16,16,1,41,2,1,7,0,5,8,12,51,0,2,0.44115557,1.1118,8,0,0.0,0,1,8,8,0,0,0,0.0,29,45.3125,0,0,1,54,3,9,0,6,696,1,0,0,0,0,0.0,0,0,0,0,102,2,0,6.48,0,0,0,0,0,0,0,0.0,0.0,0,12,6,6,5,6,46.15384615,13,8,61.53846154,9,13,5,42,45.16129032,17,176,108,284,18,0,416,11,3,0.0,0.12931034482758622,0.14376724137931032,0.057045978879310344,1.1637931034482758,0.7758620689655172,1.0344827586206897,0.3879310344827586,5.301724137931034,1.6810344827586208,1.5517241379310345,0.0,0.0,-1.1118,0.55884443,4,0.17335777412100048,0,0.372190804204421,0.2210260888421928,-1.1118,-0.7206088989999999,0.581896551724138,13.894907438909481,0.0,5.386098726308621,0.21467889908256854,0.0,0.21883979885057475,0.3120092181631956,0.18384761901635627,0.12485432584296517,0.7448050570988027
Harry Wilson,Fulham,M,25,26.04166667,225,31,56.36363636,365,172,537,80.50974513,3,15.0,17,29,6,71,7,0,23,2,40,19,17,75,0,0,4.17840427,5.0745,11,1,15.15151515,10,16,32,29,3,7,3,0.0,68,53.96825397,0,0,1,130,13,31,9,27,2276,10,0,0,0,0,0.0,0,0,0,0,267,9,0,7.210344828,0,1,0,0,0,0,0,227.6,20.0,5,39,27,19,24,13,54.16666667,24,16,66.66666667,31,24,96,71,48.63013699,55,463,204,667,66,6,1071,31,6,0.39543057996485065,0.23725834797891038,0.20066124780316344,0.16522688238137082,1.2258347978910369,0.5140597539543058,0.632688927943761,0.5140597539543058,2.8075571177504393,0.11862917398945519,0.672231985940246,0.0,0.0,4.9255,1.8215957300000003,52,0.5012017056008107,2,1.9203822989914163,-0.8909090107648645,4.9255,6.200617011,0.2985500878734622,13.248699948794815,0.5,7.839436801492619,0.7507118003669726,0.4829046173510146,0.4015268014059754,0.3286423985105013,0.25660291095194987,0.36410887599685,0.9877739867653994
Alex Iwobi,Fulham,M,25,31.64556962,314,66,62.26415094,565,493,1058,85.32258065,7,50.0,7,25,3,108,4,0,11,1,17,19,9,65,0,1,4.0198539,1.3565,7,0,14.28571429,4,7,37,33,4,2,2,0.0,44,43.1372549,0,0,0,182,11,39,1,25,2144,1,0,0,0,0,0.0,0,0,0,0,323,8,0,7.072,0,3,0,0,0,0,0,536.0,0.0,0,13,15,6,11,14,37.83783784,22,15,68.18181818,39,37,79,51,43.96551724,106,693,547,1240,28,3,1565,9,3,0.16791044776119401,0.1259328358208955,0.056942630597014925,0.16874386707089553,1.6371268656716418,0.5876865671641791,0.6296641791044776,0.46175373134328357,4.5335820895522385,0.29384328358208955,0.37779850746268656,0.0,0.0,2.6435,-1.0198539000000002,34,0.3617586495370658,0,1.0999106298914538,-0.4466771439279951,2.6435,1.9296022699999997,0.36100746268656714,14.546962989640859,0.25,6.662827596393657,0.6491743119266049,0.2050542740841248,0.21312383395522388,0.43890848972957,0.07281747187572928,0.3718870934321879,0.871247250360626
Joachim Andersen,Fulham,D,4,28.57142857,196,149,46.27329193,565,1174,1739,86.47439085,64,70.32967033,27,28,1,102,3,2,2,6,204,3,15,74,2,0,1.56980184,1.3096,28,0,0.0,0,1,39,35,4,0,0,0.0,51,52.04081633,0,0,0,272,28,6,0,28,2472,0,0,0,0,0,0.0,0,0,0,0,305,1,0,7.042857143,0,0,0,0,0,0,0,0.0,0.0,0,9,3,7,3,6,85.71428571,37,20,54.05405405,6,7,14,115,60.84656085,322,768,1243,2011,12,3,2430,10,7,0.0,0.03640776699029127,0.04767961165048544,0.05715297961165048,0.21844660194174756,0.21844660194174756,0.7281553398058251,1.0194174757281553,3.713592233009709,2.330097087378641,0.5461165048543689,0.0,0.0,-1.3096,-0.56980184,237,0.21554046583909592,1,-1.4929691811574386,-0.07308478043121606,-1.3096,-1.708461288,0.9447815533980581,13.990301241334953,1.5,3.808175049172573,0.6277850590825684,0.0,0.06161508899676377,0.05856483706623089,0.06097204755038001,0.1250909703084247,0.5885337177316947
Samuel Chukwueze,Fulham,F,7,24.13793103,94,14,73.68421053,137,92,229,72.92993631,6,40.0,9,17,4,46,4,2,5,0,9,12,5,45,0,1,2.96481143,1.8749,5,0,14.28571429,3,7,16,14,2,3,0,0.0,33,47.82608696,0,0,3,85,6,18,3,7,805,3,0,0,0,0,0.0,0,0,0,0,154,7,0,7.0,0,0,0,0,0,0,0,268.3333333,0.0,0,14,7,10,6,17,53.125,6,4,66.66666667,18,32,29,39,46.42857143,19,204,110,314,21,1,485,10,0,0.3354037267080745,0.4472049689440994,0.209616149068323,0.33146960086956523,2.0124223602484475,1.9006211180124224,0.4472049689440994,0.670807453416149,5.142857142857142,0.670807453416149,0.5590062111801242,0.0,0.0,1.1251,1.0351885699999999,14,0.5403993503641383,0,4.288440955878904,0.26200330271249855,1.1251,1.8497319989999998,0.40807453416149064,13.012419958518635,0.0,3.379969446443944,0.5963302752293576,0.40959909655561827,0.756832298136646,0.5395240145132526,0.26805431852109496,0.7317738292433746,0.5461259232150699
Kenny Tete,Fulham,D,13,38.23529412,145,36,46.75324675,328,420,748,84.42437923,27,60.0,18,22,0,82,1,0,6,5,68,16,13,87,0,0,1.42077464,0.9581,27,0,6.25,1,1,25,23,2,0,1,0.0,104,60.11560694,0,0,0,138,27,11,0,21,1802,1,0,0,0,0,0.0,0,0,0,0,237,2,0,6.913636364,0,1,0,0,0,0,0,1802.0,0.0,0,10,6,7,3,8,36.36363636,65,38,58.46153846,11,22,34,131,60.09174312,77,402,484,886,16,0,1407,31,2,0.049944506104328525,0.0,0.047851831298557156,0.07095988768035517,0.5493895671476138,0.3995560488346282,1.897891231964484,1.3485016648168702,4.095449500554939,1.3485016648168702,0.6492785793562708,0.0,0.0,0.04190000000000005,-1.42077464,120,0.20334411167690006,1,-1.3224452752621496,1.6676799108602438,0.04190000000000005,-0.952642248,1.2411209766925637,13.897545580060488,1.25,4.07616264383066,0.532944120366972,0.06099283624255877,0.0,0.14728959022428326,0.061192279725262484,0.15562654056210692,0.6150741524547476
Jorge Cuenca,Fulham,D,1,50.0,44,26,35.13513514,149,402,551,88.30128205,17,54.83870968,14,14,0,40,1,0,0,2,74,0,4,30,0,0,0.55975008,0.0501,9,0,0.0,0,0,11,11,0,0,0,0.0,19,54.28571429,0,0,0,73,15,3,0,11,952,1,0,0,0,0,0.0,0,0,0,0,81,0,0,6.892307692,0,0,0,0,0,0,0,0.0,0.0,0,1,0,1,0,2,40.0,16,9,56.25,3,5,2,36,54.54545455,74,199,425,624,1,0,769,1,5,0.0,0.0,0.004736344537815126,0.052917549579831934,0.28361344537815125,0.18907563025210083,0.8508403361344538,1.4180672268907561,3.781512605042017,1.607142857142857,0.37815126050420167,0.0,0.0,-0.0501,-0.55975008,94,0.16719807111921056,1,-1.823304920076475,0.49080725985774537,-0.0501,-0.441925056,0.9879201680672267,14.303064552037815,0.5,4.10222948044979,0.5172900491743118,0.0,0.0,0.07603585988850986,0.006056773836405739,0.11572382810340792,0.6176557091742263
Bernd Leno,Fulham,G,0,0.0,18,129,32.4120603,71,813,884,76.47058824,16,94.11764706,1,31,0,260,0,0,0,6,35,0,0,1,1,3,0.02208478,0.0,0,0,0.0,0,0,44,40,4,0,0,-5.7629,7,100.0,0,21,0,272,1,0,0,31,2790,0,1,0,0,0,0.0,4,0,0,0,284,0,25,6.883870968,0,0,49,27,77,0,14,0.0,0.0,0,0,0,0,0,0,0.0,4,1,25.0,0,0,0,23,95.83333333,398,297,859,1156,0,1,1460,5,3,0.0,0.0,0.0,0.0007124122580645161,0.0,0.0,0.03225806451612903,0.03225806451612903,8.387096774193548,0.5161290322580645,0.0,2.4838709677419355,-0.1859,0.0,-0.02208478,37,0.15332938744954133,0,-1.9917416150257323,-2.024506275250977,0.0,-0.015459345999999997,0.12419354838709677,13.567540532612902,2.428483387096774,2.428483387096774,0.5110979581651378,0.0,0.0,0.0,0.0,0.00026614341691103514,0.4518944955244809
Sander Berge,Fulham,M,3,25.0,259,50,62.5,648,740,1388,89.66408269,47,61.84210526,29,31,1,119,3,2,5,3,47,16,10,97,1,1,1.17470282,1.2863,31,0,0.0,0,1,42,38,4,0,0,0.0,70,50.72463768,0,0,0,160,20,16,0,30,2596,0,1,0,0,1,0.0,0,0,0,0,226,6,0,6.848387097,0,0,0,0,0,0,0,0.0,0.0,0,6,4,2,3,8,42.10526316,51,36,70.58823529,16,19,12,117,54.6728972,80,749,799,1548,10,1,1855,11,5,0.0,0.03466872110939908,0.04459437596302004,0.040725444453004626,0.5546995377503853,0.27734976887519264,1.2480739599383668,0.6933744221879815,4.1255778120184905,1.6294298921417565,0.34668721109399075,0.0,0.0,-1.2863,-0.17470282000000004,93,0.18526046951888472,1,-1.0566693562049172,0.28925507331287453,-1.2863,-1.408591974,0.9187211093990755,14.685333055830508,0.75,5.494440654612019,0.48505475009174237,0.0,0.05867199537750386,0.14871317640238602,0.057026689555033275,0.08875958087383676,0.7555348144951279
Antonee Robinson,Fulham,D,14,22.95081967,133,23,43.39622642,223,211,434,79.34186472,12,60.0,8,15,0,63,1,0,1,3,41,6,16,47,0,1,1.2890423,0.217,10,0,0.0,0,0,12,12,0,0,0,0.0,44,53.01204819,0,0,0,113,16,17,0,12,1045,2,0,0,0,0,0.0,0,0,0,0,220,1,0,6.82,0,0,0,0,0,0,0,0.0,0.0,0,1,1,1,0,7,46.66666667,32,17,53.125,17,15,61,56,54.36893204,53,284,263,547,2,1,902,5,3,0.0,0.0,0.018688995215311005,0.11101799712918661,1.464114832535885,0.6028708133971292,1.464114832535885,1.3779904306220097,5.425837320574162,1.0334928229665072,1.3779904306220097,0.0,0.0,-0.217,-1.2890423,58,0.20053465601605167,1,-0.5905332679521651,1.7167812582875828,-0.217,-1.1193296099999999,0.9258373205741626,13.797933728813398,0.75,3.837086383047847,0.4642201834862387,0.0,0.0,0.39252451560945567,0.023899236287616983,0.24421967156708788,0.5913969822438154
Kevin,Fulham,M,12,29.26829268,115,17,77.27272727,171,60,231,77.77777778,7,33.33333333,14,23,1,40,1,1,5,0,7,20,18,103,0,0,1.40882206,1.114,12,0,4.545454545,1,2,15,14,1,0,1,0.0,70,44.02515723,0,0,0,66,9,13,0,8,904,2,0,0,0,0,0.0,0,0,0,1,188,6,0,6.77826087,0,1,0,0,0,0,0,904.0,0.0,0,9,13,8,9,36,48.0,19,9,47.36842105,13,75,41,77,42.77777778,22,223,74,297,22,0,588,15,1,0.09955752212389381,0.09955752212389381,0.1109070796460177,0.14025883340707965,1.2942477876106195,3.584070796460177,0.8960176991150443,0.8960176991150443,3.982300884955752,0.6969026548672567,1.7920353982300885,0.0,0.0,-0.1140000000000001,-0.4088220600000001,7,0.26039866077057006,0,2.55612841314263,0.8937923869805439,-0.1140000000000001,-0.40017544200000016,0.45298672566371684,13.150293322254424,0.0,5.190644497234514,0.43358595963302715,0.12158085277554304,0.16848727876106195,0.3469837027950583,0.14182648515305024,0.30888915484291807,0.7254480409104065
Oscar Bobb,Fulham,M,3,37.5,122,2,50.0,203,67,270,86.81672026,5,50.0,5,16,1,33,1,1,3,1,1,19,7,52,0,1,1.53361508,1.0585,8,0,0.0,0,1,10,9,1,0,0,0.0,47,50.0,0,0,0,41,7,16,0,8,777,0,0,0,0,0,0.0,0,0,0,0,98,5,0,6.76875,0,0,0,0,0,0,0,0.0,0.0,0,7,0,3,1,22,61.11111111,14,7,50.0,16,36,8,52,50.0,4,235,76,311,7,0,479,11,1,0.0,0.11583011583011582,0.12260617760617762,0.17763881235521234,1.8532818532818531,2.5482625482625485,0.8108108108108109,0.8108108108108109,3.8223938223938223,0.5791505791505791,0.8108108108108109,0.0,0.0,-1.0585,-0.5336150799999999,8,0.257394484390147,0,2.1842845542458558,0.9313416776928634,-1.0585,-1.432030556,0.5212355212355212,14.671164846335907,0.25,5.399900820381468,0.4266055045871555,0.0,0.19602638352638352,0.49685895230449684,0.1567871346304912,0.39155929123928146,0.7461719620753156
Calvin Bassey,Fulham,D,3,33.33333333,120,44,38.26086957,357,798,1155,87.89954338,31,51.66666667,29,23,0,91,0,0,4,4,81,12,7,78,2,3,0.29304262,1.6432,22,0,10.0,1,1,33,29,4,1,0,0.0,81,62.30769231,1,0,0,159,15,6,0,21,1914,0,0,0,0,1,0.0,0,0,0,1,205,2,0,6.743478261,0,0,0,0,0,0,0,1914.0,0.0,0,8,2,4,2,7,43.75,45,23,51.11111111,6,16,9,112,58.94736842,115,462,852,1314,10,1,1633,29,5,0.047021943573667714,0.0,0.07726645768025078,0.013779433542319747,0.28213166144200624,0.329153605015674,1.0815047021943573,0.7053291536050156,4.278996865203762,1.457680250783699,0.329153605015674,0.0,0.0,-0.6432,-0.29304262,112,0.1579996943167549,1,-1.3374167399904873,-0.13819002792045565,-0.6432,-0.848329834,0.8322884012539186,14.356871663191223,1.0,3.9613414814501566,0.408057439266055,0.05742376745511542,0.0,0.07563859834259287,0.09880730921770647,0.029165368677644573,0.6037027172624849
Raúl Jiménez,Fulham,F,1,20.0,101,15,65.2173913,183,126,309,64.50939457,77,40.95744681,111,30,3,49,2,9,18,2,28,25,15,197,1,0,0.89899303,10.9614,41,0,14.0625,9,12,25,23,2,9,0,0.0,70,44.87179487,4,0,2,170,8,22,0,25,1993,18,0,0,4,0,100.0,0,4,0,2,272,7,0,6.733333333,0,5,0,0,0,0,0,221.4444444,0.0,4,53,11,28,18,10,40.0,32,18,56.25,22,25,5,147,42.73255814,23,310,169,479,64,1,843,29,5,0.40642247867536374,0.1354741595584546,0.49499548419468137,0.04059677506271952,0.9934771700953337,0.4515805318615153,0.8128449573507275,0.3612644254892122,2.212744606121425,3.477170095333668,0.6773707977922729,0.0,0.0,-1.9613999999999994,2.1010069700000003,39,0.39337130756467814,2,1.29819694735464,-1.206001733837239,-1.9613999999999994,-0.49069512099999923,0.986703462117411,10.587461540329402,0.5,1.318768236511152,0.4006116205504586,0.49632805729142904,0.2292711991971902,0.26634805979343545,0.6329935826822995,0.08847501367117283,0.3419926825212432
Tom Cairney,Fulham,M,2,33.33333333,107,18,75.0,222,226,448,92.75362319,8,72.72727273,3,20,0,33,0,0,5,0,5,2,7,24,0,0,0.36510169,0.9395,8,0,8.333333333,1,1,9,8,1,0,1,0.0,15,41.66666667,0,0,0,35,2,5,1,4,592,0,0,0,0,0,0.0,0,0,0,0,55,2,0,6.73,0,0,0,0,0,0,0,592.0,0.0,0,6,6,6,1,2,33.33333333,4,3,75.0,5,6,6,23,48.93617021,24,248,235,483,12,0,552,9,3,0.15202702702702703,0.0,0.1428293918918919,0.05550532449324324,0.7601351351351352,0.30405405405405406,0.4560810810810811,0.30405405405405406,5.016891891891892,1.2162162162162162,1.0641891891891893,0.0,0.0,0.0605,-0.36510169,3,0.21469715498985242,0,-0.5399089085407908,-1.380538887728877,0.0605,-0.19507118299999998,0.33445945945945943,15.44719007989358,0.0,6.167739450649325,0.3981651376146793,0.18565724815724816,0.0,0.20378980465614133,0.18264830967715376,0.12144699090538931,0.8222156724958025
Emile Smith Rowe,Fulham,M,1,10.0,239,7,63.63636364,409,255,664,91.08367627,5,33.33333333,10,30,0,57,1,4,7,0,11,24,3,55,0,1,0.99267375,4.2618,4,0,10.71428571,3,3,23,21,2,3,0,0.0,42,48.27586207,1,0,1,65,20,17,0,16,1481,2,0,0,0,0,0.0,0,0,0,0,147,7,0,6.686666667,0,2,0,0,0,0,0,493.6666667,0.0,0,22,6,12,9,11,44.0,22,14,63.63636364,17,25,10,47,46.07843137,11,453,276,729,28,0,958,9,1,0.18230925050641458,0.0,0.2589885212694125,0.060324535786630655,1.0330857528696826,0.6684672518568535,0.8507765023632681,1.2153950033760972,3.463875759621877,0.3038487508440243,0.18230925050641458,0.0,0.0,-1.2618,-0.99267375,42,0.24023197731148266,1,-0.22535541706597628,0.18361406089406207,-1.2618,-1.956671625,0.6958136394328156,14.905181527856517,0.0,5.31856668902917,0.3663608565137615,0.22263826652753052,0.0,0.27696699447122297,0.3311910455478815,0.1321052327278378,0.7381169503996222
Saa Luki?,Fulham,M,16,34.04255319,109,8,61.53846154,219,196,415,85.04098361,19,39.58333333,29,20,2,50,1,2,4,2,25,7,5,81,0,2,1.35667654,1.8434,38,0,7.692307692,1,3,17,15,2,1,0,0.0,59,53.15315315,1,0,0,73,11,22,0,15,1239,0,0,0,0,0,0.0,0,0,0,0,129,3,0,6.625,0,0,0,0,0,0,0,1239.0,0.0,0,9,4,6,3,2,40.0,37,20,54.05405405,22,5,47,78,49.05660377,13,266,222,488,13,0,719,20,6,0.07263922518159806,0.14527845036319612,0.13390314769975786,0.09854793268765133,1.5980629539951574,0.14527845036319612,1.452784503631961,0.7990314769975787,3.631961259079903,1.3801452784503632,0.3631961259079903,0.0,0.0,-0.8433999999999999,0.64332346,51,0.24906866251575602,1,0.5124190844085331,1.0223117935642625,-0.8433999999999999,-0.393073578,0.9697336561743339,14.248096873340192,0.5,5.735956049370944,0.32110091743119273,0.08870790226722429,0.24586359967715898,0.42843557963544543,0.17123354838843513,0.21664068524171806,0.7794535469177601
Timothy Castagne,Fulham,D,9,25.0,112,23,54.76190476,194,256,450,84.90566038,19,44.18604651,24,23,0,38,1,1,3,0,50,1,4,46,0,1,0.67282634,1.1143,14,0,0.0,0,0,24,22,2,0,0,0.0,31,58.49056604,0,0,0,80,23,10,0,13,1249,0,0,0,0,0,0.0,0,0,0,0,131,2,0,6.6,0,0,0,0,0,0,0,0.0,0.0,0,9,0,2,4,1,25.0,26,16,61.53846154,10,4,36,50,52.08333333,42,241,289,530,9,1,831,4,3,0.0,0.0,0.08029383506805446,0.04848228230584468,0.7205764611689351,0.07205764611689351,1.1529223378702962,1.657325860688551,2.7381905524419534,1.3690952762209767,0.28823058446757405,0.0,0.0,-1.1143,-0.67282634,85,0.13007119350856997,1,-1.5362175134313403,1.2054333641092398,-1.1143,-1.585278438,1.1313050440352281,13.684719027096076,0.0,3.862171017495156,0.3027522935779814,0.0,0.0,0.1931842503705935,0.10267867879586519,0.10591472277984353,0.5938812655329351
Joshua King,Fulham,M,0,0.0,87,2,40.0,147,83,230,79.58477509,3,15.78947368,16,25,2,51,0,3,5,0,12,17,6,64,1,0,0.5129454,2.3101,11,0,4.166666667,1,3,16,15,1,1,0,0.0,62,56.36363636,0,0,0,59,2,12,0,14,1147,2,0,0,0,0,0.0,0,0,0,0,144,4,0,6.588,0,1,0,0,0,0,0,1147.0,0.0,0,17,7,9,10,15,46.875,24,12,50.0,12,32,11,65,50.3875969,5,191,98,289,24,0,507,23,3,0.07846556233653008,0.15693112467306017,0.18126329555361814,0.04024854925893635,0.941586748038361,1.176983435047951,0.941586748038361,0.15693112467306017,4.001743679163034,0.23539668700959024,0.4707933740191805,0.0,0.0,-1.3100999999999998,1.4870546,20,0.22630125416854155,0,1.0181273711042367,-0.3393622800741243,-1.3100999999999998,-0.2691617799999999,0.35309503051438534,13.277769682418917,0.0,5.274062167070444,0.29394495412844,0.09582309582309582,0.26558413251961643,0.25243640318696214,0.23179706992267976,0.08770487212734177,0.733709398022307
Rodrigo Muniz,Fulham,F,0,0.0,17,2,28.57142857,27,4,31,44.28571429,42,46.66666667,48,14,1,10,1,4,5,0,18,6,0,69,0,0,0.06003637,1.9389,11,0,4.761904762,1,2,9,9,0,1,0,0.0,18,46.15384615,0,0,0,39,2,6,1,5,580,3,1,0,0,0,0.0,0,0,0,0,79,3,0,6.571428571,0,0,0,0,0,0,0,580.0,0.0,0,19,2,12,4,4,40.0,4,1,25.0,6,10,1,60,46.51162791,7,62,8,70,21,0,200,10,1,0.15517241379310345,0.15517241379310345,0.3008637931034483,0.009315988448275862,0.9310344827586207,0.6206896551724138,0.15517241379310345,0.3103448275862069,1.5517241379310345,6.517241379310345,0.0,0.0,0.0,-0.9389000000000001,0.93996363,21,0.2603460554066808,2,0.9399748413038824,-1.4696209084651015,-0.9389000000000001,-0.2809254590000001,1.4508620689655174,7.358979244060345,0.0,1.0382389992556034,0.28178243743119236,0.18949843260188087,0.2626077586206897,0.2496073745305565,0.38474058123131494,0.01929394485382992,0.31421017296594866
Ryan Sessegnon,Fulham,D,6,13.04347826,126,20,37.73584906,242,237,479,76.39553429,19,44.18604651,24,24,1,66,3,1,5,3,62,17,12,96,0,1,1.7595031,1.165,31,0,15.38461538,2,3,29,25,4,2,0,0.0,53,42.4,0,0,0,148,21,12,2,18,1639,3,0,0,0,2,0.0,0,0,0,0,304,3,0,6.534782609,0,0,0,0,0,0,0,819.5,0.0,0,11,2,5,3,7,31.81818182,43,25,58.13953488,12,22,46,72,42.85714286,53,322,305,627,13,0,1136,3,0,0.10982306284319707,0.05491153142159853,0.0639719341061623,0.09661700976205004,0.6589383770591825,0.3843807199511898,1.3727882855399633,1.1531421598535694,3.624161073825503,1.043319097010372,0.6589383770591825,0.0,0.0,0.835,-0.7595031000000001,96,0.1632607740960743,1,-0.6738149116525787,0.8132151617728794,0.835,0.30334783,0.936241610738255,12.620153096367602,0.75,3.7622854150348535,0.25488631853210997,0.13411725553275278,0.0929301403294692,0.17665927666592163,0.08180645087471035,0.21237022639925,0.5839889893055494
Issa Diop,Fulham,D,0,0.0,21,12,33.33333333,82,211,293,87.20238095,14,70.0,6,10,0,14,0,0,0,0,33,0,3,15,0,1,0.03717088,0.0194,7,0,0.0,0,0,11,10,1,0,0,0.0,10,52.63157895,0,0,0,43,4,0,0,6,606,0,0,0,0,0,0.0,0,0,0,0,54,1,0,6.533333333,0,0,0,0,0,0,0,0.0,0.0,0,1,0,1,0,1,100.0,6,4,66.66666667,0,1,1,24,61.53846154,36,110,226,336,1,0,415,3,2,0.0,0.0,0.002881188118811881,0.005520427722772277,0.0,0.1485148514851485,0.594059405940594,0.594059405940594,2.0792079207920793,2.0792079207920793,0.44554455445544555,0.0,0.0,-0.0194,-0.03717088,38,0.07651523138770451,1,-1.5896490147871762,-0.9706982755701528,-0.0194,-0.045419616,0.7351485148514851,13.601539229628713,0.0,3.8346609739180697,0.25382262972477054,0.0,0.0,0.0,0.0036844247027334872,0.010899624372444622,0.5911567792867806
Jan Paul van Hecke,Brighton &amp; Hove Albion,D,9,47.36842105,260,107,48.1981982,666,1066,1732,87.16658279,86,56.95364238,65,29,2,85,2,2,7,6,154,3,16,105,1,0,1.2089526,2.1632,22,0,15.78947368,3,5,35,28,7,3,0,0.0,77,65.81196581,1,0,1,255,32,10,0,29,2581,3,1,0,0,1,0.0,0,0,0,0,286,3,0,7.313793103,0,2,0,0,0,0,0,860.3333333,0.0,0,14,5,3,9,3,60.0,43,24,55.81395349,10,5,19,163,60.82089552,222,864,1123,1987,19,5,2404,34,7,0.10461061604029447,0.06974041069352964,0.07543122820612165,0.042156425416505224,0.3487020534676482,0.10461061604029447,0.8368849283223557,1.1158465710964742,2.9639674544750094,2.9988376598217745,0.5579232855482371,0.0,0.0,0.8368000000000002,0.7910474000000001,194,0.32720320225900734,1,-1.014130299462467,-0.005533763018692496,0.8368000000000002,1.3905331800000003,1.1437427353738863,13.948564107186556,1.5,4.38196664502097,0.8266371398165138,0.12775175231587477,0.11802595893064705,0.09348590806387885,0.09646044239373307,0.09192436038313885,0.645359774973935
Pascal Groß,Brighton &amp; Hove Albion,M,24,33.33333333,142,24,52.17391304,252,264,516,83.76623377,8,40.0,12,12,1,47,2,1,4,2,19,3,8,40,0,1,2.26388549,0.7924,10,0,9.090909091,1,2,8,7,1,1,0,0.0,36,56.25,0,0,0,100,8,21,0,11,1006,4,0,0,0,0,0.0,0,0,0,0,173,10,0,7.108333333,0,1,0,0,0,0,0,1006.0,0.0,0,5,6,3,4,6,42.85714286,19,11,57.89473684,21,14,72,44,52.38095238,46,329,287,616,11,0,822,11,2,0.08946322067594432,0.08946322067594432,0.07089065606361829,0.20253448717693834,1.878727634194831,0.536779324055666,0.9840954274353877,0.7157057654075546,4.204771371769383,0.7157057654075546,0.7157057654075546,0.0,0.0,0.2076,-1.2638854899999998,30,0.3449640357019634,0,0.8134565611301836,0.4244619452940642,0.2076,-0.6771198429999998,0.5949304174950298,14.324316202204772,0.5,5.577864627180915,0.6758409783486234,0.10925356949213806,0.15140407554671967,0.5036808849871071,0.09065401966931838,0.4466189486041879,0.7637967958048503
Bart Verbruggen,Brighton &amp; Hove Albion,G,0,0.0,39,159,35.33333333,78,879,957,76.37669593,9,90.0,1,31,0,275,0,0,0,7,26,0,0,3,2,2,0.10016064,0.0,2,0,0.0,0,0,37,30,7,0,0,1.0935,5,71.42857143,0,16,0,296,0,1,0,31,2790,0,1,0,0,1,0.0,6,0,1,0,301,0,12,7.077419355,0,0,61,23,87,0,15,0.0,0.0,0,0,0,0,0,1,100.0,1,1,100.0,1,1,0,14,82.35294118,450,328,925,1253,0,2,1512,3,3,0.0,0.0,0.0,0.003230988387096774,0.03225806451612903,0.03225806451612903,0.03225806451612903,0.0,8.870967741935484,0.2903225806451613,0.0,2.8064516129032255,0.035274193548387095,0.0,-0.10016064,27,0.1972427886825343,0,-1.9668657365310607,-2.0229819797529123,0.0,-0.070112448,0.06935483870967743,13.68634439466129,2.884926612903226,2.884926612903226,0.6531518201834858,0.0,0.0,0.008648284183257035,0.0,0.005836265122988746,0.4970988328922303
Lewis Dunk,Brighton &amp; Hove Albion,D,1,20.0,164,75,48.38709677,544,1498,2042,92.14801444,68,61.26126126,43,29,0,121,1,0,5,6,132,4,19,79,1,2,0.5215836,1.1728,14,0,0.0,0,0,35,28,7,0,0,0.0,45,55.55555556,0,0,0,174,29,6,0,28,2565,1,0,0,0,1,0.0,0,0,0,1,198,2,0,6.951724138,0,0,0,0,0,0,0,0.0,0.0,2,16,3,12,2,4,100.0,33,21,63.63636364,6,4,5,113,58.85416667,155,652,1564,2216,19,1,2552,8,10,0.0,0.0,0.04115087719298246,0.01830117894736842,0.2105263157894737,0.14035087719298245,0.736842105263158,1.0175438596491229,4.245614035087719,2.3859649122807016,0.6666666666666667,0.0,0.0,-1.1728,-0.5215836,163,0.1819980689687683,1,-1.7861016609751281,-0.1295680468139112,-1.1728,-1.53790852,0.9403508771929824,14.961865180035087,1.5,4.073990543324562,0.5608984499082572,0.0,0.0,0.05644143361704592,0.05262318953734241,0.03916573036601511,0.6148590361850279
Olivier Boscagli,Brighton &amp; Hove Albion,D,3,27.27272727,49,18,48.64864865,139,225,364,87.08133971,11,55.0,9,8,1,34,0,0,0,1,23,1,1,18,0,0,0.30799734,0.0382,7,0,0.0,0,1,5,5,0,0,0,0.0,17,65.38461538,0,0,0,54,7,2,0,5,459,0,0,0,0,0,0.0,0,0,0,0,71,1,0,6.925,0,0,0,0,0,0,0,0.0,0.0,0,1,0,1,0,2,100.0,10,4,40.0,2,2,11,28,60.86956522,37,173,245,418,1,0,509,5,2,0.0,0.19607843137254904,0.007490196078431372,0.06039163529411765,0.3921568627450981,0.3921568627450981,0.7843137254901962,1.3725490196078431,6.666666666666666,2.156862745098039,0.19607843137254904,0.0,0.0,-0.0382,0.69200266,33,0.2454806602900716,1,-0.8247415458186109,0.9581814722238495,-0.0382,0.44620186199999995,1.0882352941176472,14.881220433950979,0.25,4.4401765642583335,0.5412844036697244,0.0,0.3318355119825709,0.1051360037964581,0.009578362231713726,0.1322536310306773,0.6511246558585316
Yankuba Minteh,Brighton &amp; Hove Albion,M,25,24.50980392,149,10,41.66666667,236,79,315,66.73728814,14,35.8974359,25,27,4,79,8,3,12,1,13,27,17,138,0,1,3.95487343,3.1502,22,0,5.714285714,2,6,27,22,5,2,0,0.0,114,50.22026432,0,0,0,157,13,37,1,20,1837,10,0,2,0,0,0.0,0,0,0,1,389,14,0,6.848148148,0,1,0,0,0,0,0,918.5,0.0,0,29,6,13,10,56,54.36893204,39,27,69.23076923,35,103,102,128,48.12030075,24,368,104,472,35,0,989,19,2,0.09798584648884051,0.19597169297768102,0.15433750680457267,0.19376081039738707,1.8127381600435493,2.743603701687534,1.3228089275993467,0.6369080021774632,3.8704409363092,0.6859009254218835,0.8328796951551443,0.0,0.0,-1.1502,0.045126569999999866,36,0.3343450335621547,0,2.997463919157505,1.2937935337531286,-1.1502,-1.118611401,0.6663037561241153,11.66110201369189,0.25,4.350256996301579,0.48487937467889886,0.1196615034394022,0.3316548720740338,0.4859893174946237,0.19736473259634224,0.4272149500875075,0.6422193763931661
Joël Veltman,Brighton &amp; Hove Albion,D,2,16.66666667,69,11,31.42857143,134,131,265,79.10447761,18,64.28571429,10,19,0,34,0,0,1,1,39,2,7,30,0,0,0.13175198,0.952,9,0,33.33333333,1,1,12,11,1,1,0,0.0,50,71.42857143,0,0,0,70,17,4,1,8,859,2,0,0,0,0,0.0,0,0,0,0,124,4,0,6.823529412,0,0,0,0,0,0,0,859.0,0.0,0,3,0,1,1,2,50.0,29,17,58.62068966,4,4,12,68,69.3877551,35,181,154,335,3,0,602,19,4,0.10477299185098952,0.0,0.09974388824214203,0.013804049126891734,0.4190919674039581,0.20954598370197905,1.7811408614668218,1.7811408614668218,3.5622817229336436,1.8859138533178115,0.7334109429569267,0.0,0.0,0.04800000000000004,-0.13175198,66,0.20163938268284165,1,-1.5881460243318042,1.8199813077773737,0.04800000000000004,-0.04422638599999995,1.4249126891734576,12.90637527310652,0.25,4.074907473880704,0.4668105776146785,0.1279500476240872,0.0,0.11235721942392145,0.12755114578828067,0.02921980888310499,0.6149498453719304
Ferdi Kad?o?lu,Brighton &amp; Hove Albion,D,21,22.10526316,299,38,45.23809524,520,392,912,85.23364486,24,46.15384615,28,30,0,110,0,2,6,7,63,16,28,93,0,0,2.42653624,1.5519,15,0,0.0,0,0,32,27,5,0,0,0.0,94,59.11949686,0,0,2,158,19,17,0,27,2504,6,0,1,0,0,0.0,0,0,0,0,325,8,0,6.82,0,0,0,0,0,0,0,0.0,0.0,0,9,12,6,9,11,55.0,51,35,68.62745098,16,20,95,118,55.92417062,84,624,446,1070,21,1,1633,33,6,0.0,0.0,0.05577915335463259,0.08721575942492013,0.6110223642172524,0.3953674121405751,1.2579872204472844,0.6829073482428115,3.953674121405751,0.8626198083067093,1.0063897763578273,0.0,0.0,-1.5519,-2.42653624,89,0.17097099029855192,1,-1.0726342383978753,0.2529252880115701,-1.5519,-3.250475368,0.6667332268370608,14.009127026683705,1.75,3.414750387573163,0.4642201834862387,0.0,0.0,0.1638131464903679,0.07132963279125136,0.19157827654969792,0.5495704904862682
Yasin Ayari,Brighton &amp; Hove Albion,M,5,21.73913043,129,38,60.31746032,325,428,753,86.55172414,8,34.7826087,15,24,2,112,2,0,10,5,21,17,23,102,0,4,1.10845911,2.6179,20,0,7.5,3,5,21,15,6,2,1,0.0,81,48.21428571,0,0,1,117,23,14,0,18,1739,0,0,1,0,0,0.0,0,0,0,0,215,13,0,6.808333333,0,3,0,0,0,0,0,579.6666667,0.0,2,15,25,20,10,14,33.33333333,43,22,51.1627907,13,42,23,89,46.59685864,63,402,468,870,40,1,1194,24,1,0.15526164462334674,0.10350776308223117,0.13548648648648648,0.05736706147211041,0.7245543415756183,0.7245543415756183,1.138585393904543,1.1903392754456585,5.796434732604946,0.4140310523289247,1.1903392754456585,0.0,0.0,0.3820999999999999,0.8915408899999999,43,0.2655970370047556,1,-0.2098340418404905,0.7691797595971722,0.3820999999999999,1.0061786229999998,0.6598619896492237,14.69980308907073,1.25,6.414365082758137,0.45565749211009177,0.1896074023733598,0.1751725129384704,0.1942507074169177,0.17325830078156404,0.12556443704388667,0.846640502676344
Kaoru Mitoma,Brighton &amp; Hove Albion,M,8,22.22222222,178,10,66.66666667,272,101,373,80.91106291,13,43.33333333,17,20,1,47,3,7,4,1,13,22,12,103,0,2,2.4957071,3.2703,24,0,8.695652174,2,3,16,12,4,1,1,0.0,51,37.22627737,1,0,2,88,9,27,0,16,1426,4,0,1,0,0,0.0,0,0,0,0,205,6,0,6.775,0,1,0,0,0,0,0,713.0,0.0,0,18,5,8,11,23,43.39622642,12,7,58.33333333,26,53,36,64,38.32335329,15,336,125,461,23,0,741,16,3,0.12622720897615708,0.06311360448807854,0.20640042075736326,0.15751307082748947,1.7040673211781205,1.4516129032258065,0.44179523141654975,0.5680224403927069,2.9663394109396912,0.820476858345021,0.7573632538569425,0.0,0.0,-1.2703000000000002,-1.4957071000000002,17,0.2841800102101985,0,1.4759209636099648,-0.4631768983375385,-1.2703000000000002,-2.3172949700000003,0.37552594670406736,13.514046119354136,0.25,4.553805649082468,0.431192660550459,0.1541501976284585,0.10681100981767182,0.45685501228944775,0.26394208830994675,0.347048891715423,0.6623780323898703
Maxim De Cuyper,Brighton &amp; Hove Albion,D,22,36.06557377,105,10,30.3030303,207,246,453,83.11926606,8,33.33333333,16,24,0,57,6,1,3,0,22,4,12,54,0,1,2.19376041,1.7056,15,0,18.18181818,2,2,18,12,6,2,0,0.0,41,51.89873418,1,0,1,92,10,20,0,14,1183,1,0,1,0,1,0.0,0,0,0,0,164,8,0,6.773913043,0,1,0,0,0,0,0,591.5,0.0,3,5,6,2,6,4,33.33333333,19,10,52.63157895,19,12,61,49,47.57281553,33,273,272,545,11,1,795,18,2,0.1521555367709214,0.0,0.12975824175824174,0.16689639636517328,1.521555367709214,0.3043110735418428,0.760777683854607,0.760777683854607,4.33643279797126,0.6086221470836856,0.9129332206255283,0.0,0.0,0.2944,-2.19376041,30,0.25335394544162854,0,-0.0012034051942433537,-0.2556967869212463,0.2944,-1.2412322869999999,0.47928994082840226,14.126266586282334,0.0,3.632955768017625,0.4303948939449542,0.18581418581418582,0.0,0.40792413983579257,0.16593309829226913,0.3678011988028124,0.5711806910005642
Diego Gómez,Brighton &amp; Hove Albion,M,5,26.31578947,150,17,48.57142857,307,230,537,78.50877193,49,56.97674419,37,28,1,95,4,6,9,0,27,26,28,153,0,2,1.57617349,5.3338,44,0,14.28571429,5,6,25,23,2,5,0,0.0,100,46.2962963,0,0,1,147,15,21,1,23,1944,1,0,0,0,1,0.0,0,0,0,0,267,17,0,6.771428571,0,4,0,0,0,0,0,388.8,0.0,2,21,14,12,14,18,47.36842105,74,48,64.86486486,21,38,19,149,49.33774834,35,418,266,684,35,1,1092,9,9,0.23148148148148148,0.0462962962962963,0.24693518518518517,0.07297099490740741,0.9722222222222222,0.8333333333333333,2.2222222222222223,0.6944444444444444,4.398148148148148,2.2685185185185186,1.2962962962962963,0.0,0.0,-0.3338000000000001,-0.57617349,62,0.2855886280433709,1,0.3160815413369616,1.2069621838031321,-0.3338000000000001,-0.737121443,1.2453703703703705,13.234373353041665,0.0,5.247974838090741,0.42857142825688044,0.28268799102132436,0.07835005144032924,0.260649676078719,0.31577740111102,0.160074336239007,0.7311258118202367
Danny Welbeck,Brighton &amp; Hove Albion,F,0,0.0,124,5,55.55555556,191,132,323,79.16666667,17,36.17021277,30,30,0,41,3,8,7,1,21,17,12,92,1,1,1.28737527,10.3551,23,1,27.90697674,12,12,22,17,5,10,2,0.0,36,36.73469388,2,0,1,85,8,18,3,20,1826,4,0,0,3,0,33.33333333,0,1,0,0,163,10,0,6.716666667,0,7,0,0,0,0,0,152.1666667,50.0,2,33,10,16,20,8,40.0,20,11,55.0,18,20,2,53,36.55172414,9,264,144,408,43,1,642,8,5,0.5914567360350492,0.0,0.5103828039430449,0.06345223127053669,0.887185104052574,0.39430449069003287,0.5421686746987953,0.39430449069003287,2.0208105147864184,0.8378970427163198,0.5914567360350492,0.0,0.0,1.6448999999999998,-1.28737527,28,0.3980320878137748,2,0.9453422811785998,-2.210197750200432,1.6448999999999998,0.7437373109999998,0.38691128148959475,12.70658047343264,0.25,2.502481182413855,0.3883792051376149,0.7222941352185601,0.0,0.2378514959929728,0.6526706806890441,0.13902249216823453,0.45922294540578423
James Milner,Brighton &amp; Hove Albion,M,6,42.85714286,95,18,40.0,204,178,382,86.42533937,6,37.5,10,19,1,38,1,0,2,2,18,3,7,32,1,0,0.62365316,1.0195,11,0,12.5,1,2,14,11,3,1,0,0.0,18,45.0,0,0,0,60,6,8,0,6,743,1,0,0,1,0,100.0,0,1,0,0,80,2,0,6.711111111,0,1,0,0,0,0,0,743.0,0.0,0,5,3,4,2,1,50.0,14,9,64.28571429,8,2,14,24,42.85714286,45,253,189,442,8,0,543,3,2,0.12113055181695828,0.12113055181695828,0.12349259757738898,0.07554345141318977,0.9690444145356663,0.12113055181695828,1.0901749663526246,0.7267833109017496,4.602960969044414,0.7267833109017496,0.847913862718708,0.0,0.0,-0.019500000000000073,0.37634683999999996,26,0.24803309649357436,1,-0.1202537428679307,0.18639029834190207,-0.019500000000000073,0.24394278799999985,0.6177658142664872,14.472592555701883,0.5,6.010167300334051,0.3843017328440368,0.14792609812798238,0.20499663526244954,0.2597977159761737,0.15792067659451758,0.16576362061505837,0.8066103480219242
Mats Wieffer,Brighton &amp; Hove Albion,D,2,22.22222222,171,36,53.73134328,340,304,644,84.29319372,39,50.0,39,21,3,91,4,2,5,4,66,19,32,127,0,1,1.79489258,1.6736,26,0,0.0,0,3,20,16,4,0,0,0.0,82,48.23529412,0,0,1,120,24,19,0,18,1581,2,0,0,0,0,0.0,0,0,0,0,201,10,0,6.680952381,0,0,0,0,0,0,0,0.0,0.0,0,11,5,7,4,7,38.88888889,58,36,62.06896552,19,18,9,121,48.79032258,67,417,347,764,16,1,1238,18,7,0.0,0.17077798861480076,0.09527134724857685,0.10217604819734345,1.081593927893738,0.3984819734345351,2.049335863377609,1.366223908918406,5.180265654648956,2.22011385199241,1.821631878557875,0.0,0.0,-1.6736,1.20510742,94,0.22213262510858953,1,-0.21695645839002423,2.544826170459172,-1.6736,-0.830024806,1.2979127134724857,14.343147358474384,1.0,4.240030746802088,0.3621668851376141,0.0,0.28901802656546494,0.28997188143861824,0.12183172038419593,0.22466468130828066,0.6313030032552951
Charalampos Kostoulas,Brighton &amp; Hove Albion,F,0,0.0,33,1,25.0,50,21,71,73.19587629,15,44.11764706,19,16,1,22,2,2,3,0,4,10,3,52,0,0,0.24313162,1.7236,6,0,13.33333333,2,3,7,6,1,2,0,0.0,26,44.06779661,1,0,0,26,1,6,0,2,319,2,0,0,0,0,0.0,0,0,0,0,76,5,0,6.68,0,1,0,0,0,0,0,159.5,0.0,0,14,1,6,6,8,34.7826087,11,7,63.63636364,6,23,5,41,44.08602151,4,68,29,97,15,0,217,7,2,0.5642633228840125,0.28213166144200624,0.48628213166144196,0.06859512789968653,1.6927899686520378,2.25705329153605,1.974921630094044,0.28213166144200624,6.206896551724138,4.231974921630094,0.8463949843260189,0.0,0.0,0.2764,0.75686838,9,0.5064652446926916,0,4.049491779517042,0.7687084437426567,0.2764,0.8062078659999999,1.4952978056426334,13.140730852434169,0.0,2.7252953079293887,0.3614678899082566,0.689085209461385,0.4774686520376175,0.45383159005555734,0.6218510643901127,0.15039660145797382,0.48128957786003645
Georginio Rutter,Brighton &amp; Hove Albion,M,2,13.33333333,132,15,60.0,189,80,269,69.32989691,17,39.53488372,26,25,2,53,6,2,11,2,25,53,13,148,0,0,2.22185193,2.3688,27,0,5.714285714,2,4,17,12,5,2,0,0.0,84,40.77669903,0,0,0,119,9,21,1,19,1626,10,1,0,0,0,0.0,0,0,0,1,315,17,0,6.636,0,1,0,0,0,0,0,813.0,0.0,0,22,13,12,12,25,45.45454545,27,16,59.25925926,21,55,15,101,40.562249,25,281,107,388,35,0,820,32,2,0.11070110701107011,0.11070110701107011,0.13111439114391144,0.12298073413284133,1.1623616236162362,1.3837638376383763,0.8856088560885609,0.49815498154981547,2.9335793357933584,0.940959409594096,0.7195571955719556,0.0,0.0,-0.3687999999999998,-0.22185193000000014,37,0.23352947553972905,0,1.1617315975835274,-0.09819479919711203,-0.3687999999999998,-0.5240963509999998,0.5396678966789668,11.570451122247231,0.5,4.526475487834686,0.3291743119266055,0.13518953371351894,0.18734624846248463,0.31162544298710315,0.16766732392805256,0.2706766447274584,0.6596713609803495
Brajan Gruda,Brighton &amp; Hove Albion,M,3,21.42857143,90,7,53.84615385,154,40,194,78.22580645,8,72.72727273,3,18,1,40,1,2,4,0,2,17,5,69,1,0,0.88002119,1.7211,11,0,6.25,1,2,11,10,1,1,0,0.0,48,42.10526316,0,0,0,54,2,16,0,8,740,2,0,0,0,0,0.0,0,0,0,0,148,3,0,6.633333333,0,1,0,0,0,0,0,740.0,0.0,1,8,8,6,6,20,37.73584906,14,5,35.71428571,16,53,14,56,44.8,13,198,50,248,16,0,442,14,2,0.12162162162162163,0.12162162162162163,0.209322972972973,0.10702960418918919,1.945945945945946,2.4324324324324325,0.6081081081081081,0.24324324324324326,4.864864864864865,0.972972972972973,0.6081081081081081,0.0,0.0,-0.7211000000000001,0.11997880999999999,4,0.28148535358769167,0,2.6753943318065683,-0.1729296675313811,-0.7211000000000001,-0.637114833,0.3891891891891892,13.657925665844592,0.0,5.2861621709756745,0.32721712513761503,0.14852579852579853,0.20582770270270273,0.5217018999197217,0.267679408864587,0.23539888039410756,0.7349077346998131
Jack Hinshelwood,Brighton &amp; Hove Albion,M,0,0.0,99,9,37.5,200,198,398,82.40165631,9,36.0,16,20,3,47,2,3,7,1,20,7,9,62,0,2,1.56727369,2.1903,27,0,4.347826087,1,4,17,14,3,0,1,0.0,24,34.28571429,0,0,0,85,4,11,0,13,1179,2,1,0,0,0,0.0,0,0,0,0,126,5,0,6.563157895,0,1,0,0,0,0,0,1179.0,0.0,0,17,6,9,7,2,28.57142857,14,11,78.57142857,11,7,4,33,34.73684211,24,261,222,483,23,0,635,8,0,0.07633587786259542,0.22900763358778628,0.16719847328244278,0.11963921297709923,0.8396946564885497,0.15267175572519084,0.8396946564885497,0.3053435114503817,3.587786259541985,0.6870229007633587,0.6870229007633587,0.0,0.0,-1.1903000000000001,1.43272631,26,0.2386809976036155,0,0.49683549666621646,-0.38076603618613986,-1.1903000000000001,-0.18739158300000014,0.41984732824427473,13.580997944400764,0.25,5.441412010209161,0.2757122165137611,0.09322229932916956,0.3875636132315522,0.2251194585107366,0.2138111639427384,0.26328648514230074,0.7502830666408227
Carlos Baleba,Brighton &amp; Hove Albion,M,0,0.0,77,23,54.76190476,193,280,473,85.6884058,17,51.51515152,16,25,0,74,0,1,6,1,23,13,13,76,0,4,0.30724084,0.5347,26,0,0.0,0,0,17,15,2,0,0,0.0,53,46.90265487,0,0,0,79,24,4,0,19,1303,0,0,0,0,1,0.0,0,0,0,0,127,8,0,6.541666667,0,0,0,0,0,0,0,0.0,0.0,0,2,13,8,1,9,52.94117647,28,14,50.0,4,17,0,70,47.94520548,42,253,299,552,15,0,773,16,5,0.0,0.0,0.03693246354566385,0.021221546891788182,0.2762854950115119,0.6216423637759018,0.9669992325402916,1.6577129700690714,5.11128165771297,1.1742133537989254,0.8979278587874137,0.0,0.0,-0.5347,-0.30724084,48,0.0938152142929402,1,-1.735125580646176,1.0516793888571925,-0.5347,-0.749768588,0.9359171143514965,14.233086594405219,0.25,5.580510625432387,0.2599388381651373,0.0,0.0,0.07407125977371337,0.04722873877342006,0.045624461031105804,0.764058845038734
Granit Xhaka,Sunderland,M,18,24.32432432,308,109,54.22885572,611,491,1102,82.48502994,52,67.53246753,25,27,5,128,7,0,5,7,76,13,15,81,0,3,2.35954313,0.7067,18,0,7.142857143,1,6,27,23,4,0,1,0.0,74,56.92307692,0,0,1,234,23,28,1,25,2273,0,0,0,0,0,0.0,0,0,0,0,338,6,0,7.240740741,0,0,0,0,0,0,0,2273.0,0.0,2,4,10,4,5,7,36.84210526,38,24,63.15789474,28,19,74,126,60.86956522,201,796,540,1336,14,2,1723,31,5,0.03959524857017158,0.1979762428508579,0.027981962164540256,0.09342669674439066,1.1086669599648042,0.27716673999120106,0.9502859656841178,0.9106907171139462,5.068191816981963,2.058952925648922,0.5939287285525737,0.0,0.0,0.2933,2.64045687,108,0.35916703345732887,0,0.18543893404881795,0.6693924430750928,0.2933,2.141619809,0.9285085789705235,14.05119255541927,1.75,6.662826661561813,0.7730207273394489,0.04835419749630045,0.33504729432468106,0.2972300749652616,0.035782957716936695,0.20531448105806194,0.8712471577785661
Robin Roefs,Sunderland,G,0,0.0,69,160,28.88086643,127,576,703,63.96724295,21,100.0,0,28,0,278,1,0,0,8,33,0,2,2,2,2,0.13439179,0.0,0,0,0.0,0,0,34,28,6,0,0,0.2134,8,80.0,0,42,0,396,0,4,0,28,2520,0,0,0,0,0,0.0,3,0,1,0,406,0,21,7.032142857,0,0,55,29,85,0,16,0.0,0.0,0,0,0,0,0,1,100.0,0,0,0.0,4,1,0,29,93.5483871,554,477,622,1099,0,3,1407,11,3,0.0,0.0,0.0,0.004799706785714286,0.14285714285714285,0.03571428571428571,0.0,0.0,9.928571428571429,0.75,0.07142857142857142,3.0357142857142856,0.007621428571428571,0.0,-0.13439179,31,0.19172134051675468,0,-1.9565007214479608,-1.972608155908249,0.0,-0.094074253,0.13928571428571432,12.128429226339286,3.2169532142857147,3.2169532142857147,0.6199213629357798,0.0,0.0,0.038299544240138296,0.0,0.009305666862383601,0.5299814383410087
Nordi Mukiele,Sunderland,D,10,16.94915254,145,38,38.38383838,310,379,689,76.98324022,69,63.30275229,40,25,4,101,7,2,5,7,129,12,11,96,1,2,1.84345323,1.0051,23,0,6.25,1,5,28,22,6,1,0,0.0,81,59.12408759,0,0,0,206,32,20,0,25,2165,2,1,0,0,0,0.0,0,0,0,0,418,3,0,6.976,0,1,0,0,0,0,0,2165.0,0.0,0,13,3,9,2,7,41.17647059,57,38,66.66666667,20,17,59,150,60.97560976,99,443,452,895,16,1,1549,20,4,0.04157043879907621,0.16628175519630484,0.041782448036951504,0.07663315967667436,0.8314087759815242,0.2909930715935335,1.579676674364896,1.3302540415704387,4.1986143187066975,2.868360277136259,0.4572748267898384,0.0,0.0,-0.0051000000000001044,2.1565467700000003,188,0.2813658044747182,1,-0.3308763723439207,1.7024980708948776,-0.0051000000000001044,1.504482739,1.457043879907621,12.907290974189376,1.75,4.326721482341917,0.5787155963302748,0.05076632374553852,0.28140877598152425,0.22289804038140534,0.053430833857354865,0.168173636171769,0.639888511889095
Daniel Ballard,Sunderland,D,0,0.0,88,57,37.74834437,241,604,845,82.11856171,101,58.72093023,71,26,0,66,3,7,4,6,180,5,6,106,0,3,0.60034332,2.3805,25,0,8.0,2,2,28,22,6,2,0,0.0,58,62.3655914,1,0,0,184,19,15,0,22,2007,3,0,0,0,0,0.0,0,0,0,1,205,1,0,6.973076923,0,1,0,0,0,0,0,1003.5,0.0,0,24,1,12,9,2,50.0,31,17,54.83870968,15,4,0,159,60.0,151,382,647,1029,25,3,1397,28,3,0.08968609865470852,0.0,0.10674887892376682,0.026921225112107625,0.6726457399103138,0.08968609865470852,0.7623318385650224,0.852017937219731,2.9596412556053813,4.5291479820627805,0.26905829596412556,0.0,0.0,-0.38050000000000006,-0.60034332,210,0.24105353323430403,1,-0.9999042692136333,-0.40381742704250834,-0.38050000000000006,-0.8007403240000001,1.3878923766816147,13.299850885647981,1.5,4.037587098820964,0.5765702187155961,0.10952575078135615,0.0,0.1803341769154494,0.1365090338696876,0.058229957051930306,0.6112537825770216
Omar Alderete,Sunderland,D,2,22.22222222,103,68,40.23668639,305,584,889,82.16266174,73,57.48031496,54,27,1,86,1,2,6,7,189,12,7,103,0,3,0.86830449,1.3983,26,0,5.263157895,1,2,31,26,5,1,0,0.0,48,49.48453608,1,0,3,193,28,9,0,26,2356,4,0,0,0,0,0.0,0,0,0,0,237,3,0,6.903703704,0,0,0,0,0,0,0,2356.0,0.0,0,14,5,5,8,15,78.94736842,27,15,55.55555556,9,19,9,121,54.01785714,169,450,632,1082,19,1,1488,7,6,0.038200339558573854,0.038200339558573854,0.05341553480475383,0.033169526358234294,0.3438030560271647,0.5730050933786078,0.5730050933786078,1.0696095076400678,3.285229202037351,2.7886247877758916,0.26740237691001695,0.0,0.0,-0.3983000000000001,0.13169551000000002,225,0.20294524393224186,1,-0.9961071588393994,-0.18556237857363644,-0.3983000000000001,-0.3061131430000001,1.0390492359932089,13.274330012708404,1.75,3.896095073323026,0.5256540946788988,0.04665071770334928,0.06464876910016978,0.09217250247945,0.06830706910783468,0.07204879619519482,0.5972409702625123
Lutsharel Geertruida,Sunderland,D,2,28.57142857,95,23,46.93877551,224,294,518,85.05747126,10,47.61904762,11,25,0,60,1,1,4,2,43,3,12,44,0,2,0.73477277,0.8655,14,0,0.0,0,0,21,19,2,0,0,0.0,45,57.69230769,0,0,0,91,16,7,0,14,1432,1,0,0,0,0,0.0,0,0,0,0,131,5,0,6.804,0,0,0,0,0,0,0,0.0,0.0,0,3,5,2,2,6,60.0,34,19,55.88235294,7,10,7,55,55.55555556,49,278,331,609,8,0,833,5,1,0.0,0.0,0.0543959497206704,0.04617985286312849,0.4399441340782123,0.3770949720670391,1.1941340782122905,1.005586592178771,3.770949720670391,0.6284916201117318,0.7541899441340782,0.0,0.0,-0.8655,-0.73477277,66,0.16039134313826897,1,-1.3663039776394514,0.49068911910638385,-0.8655,-1.3798409390000002,0.7321927374301676,13.866883529310753,0.5,3.6990603839357887,0.45247706422018386,0.0,0.0,0.1179476187842248,0.06956081054580125,0.10082263440985105,0.5777274315163218
Enzo Le Fée,Sunderland,M,20,27.02702703,219,25,54.34782609,403,297,700,81.58508159,16,25.80645161,46,29,4,118,5,1,8,6,31,23,30,151,1,3,3.3913288,4.5432,26,0,16.66666667,4,8,31,26,5,4,0,0.0,105,50.0,0,0,1,158,23,36,0,26,2315,3,0,0,4,0,75.0,0,3,0,0,332,14,0,6.8,0,4,0,0,0,0,0,578.75,0.0,3,12,12,10,6,10,27.77777778,69,44,63.76811594,36,36,74,121,44.48529412,46,523,335,858,24,0,1353,26,5,0.15550755939524838,0.15550755939524838,0.1766254859611231,0.1318443161987041,1.3995680345572354,0.38876889848812096,1.7105831533477323,0.8941684665226781,4.587473002159827,0.6220302375809935,1.1663066954643628,0.0,0.0,-0.5431999999999997,0.6086711999999999,68,0.3138438925150089,1,0.6377123389390412,1.299083684603282,-0.5431999999999997,-0.11713015999999982,0.8164146868250539,13.907440380184665,1.5,5.679407025438877,0.44954128440366947,0.1899077164735912,0.2631749460043197,0.3752197249962577,0.22586630125207677,0.29027947915821023,0.7738531545554337
Noah Sadiki,Sunderland,M,4,23.52941176,166,32,48.48484848,375,366,741,85.27042578,9,33.33333333,18,26,0,84,0,0,5,6,37,19,12,85,0,1,0.99449572,0.6462,24,0,0.0,0,0,30,24,6,0,0,0.0,87,56.49350649,0,0,0,128,29,10,0,26,2295,1,0,0,0,0,0.0,0,0,0,0,217,8,0,6.784615385,0,0,0,0,0,0,0,0.0,0.0,0,6,6,3,4,20,57.14285714,38,20,52.63157895,10,35,17,96,53.03867403,66,467,402,869,12,0,1219,30,7,0.0,0.0,0.025341176470588235,0.03899983215686274,0.3921568627450981,0.7843137254901962,0.7843137254901962,1.1372549019607845,3.294117647058824,0.3529411764705882,0.47058823529411764,0.0,0.0,-0.6462,-0.99449572,74,0.15048594336633964,1,-1.1166396192382249,0.20545341850000728,-0.6462,-1.342347004,0.615686274509804,13.761098138764705,1.5,5.090637708807844,0.4382498238532113,0.0,0.0,0.1051360037964581,0.03240595640907545,0.0849431901774365,0.7155437629027375
Bertrand Traoré,Sunderland,F,1,7.692307692,61,3,37.5,96,47,143,79.44444444,6,33.33333333,12,12,0,18,2,0,4,0,6,9,7,44,0,0,0.24192858,0.5182,11,0,7.692307692,1,1,9,7,2,1,0,0.0,36,52.94117647,0,0,0,37,2,8,1,9,638,1,0,0,0,0,0.0,0,0,0,0,91,3,0,6.745454545,0,0,0,0,0,0,0,638.0,0.0,0,9,4,3,6,14,63.63636364,11,4,36.36363636,8,22,13,42,48.8372093,8,124,56,180,13,0,318,11,1,0.14106583072100312,0.0,0.07310031347962383,0.03412785611285267,1.128526645768025,1.974921630094044,0.5642633228840125,0.28213166144200624,2.5391849529780566,0.8463949843260189,0.987460815047022,0.0,0.0,0.4818,-0.24192858,5,0.2206513314697055,2,1.2257537796639228,-0.9347511496799913,0.4818,0.312449994,0.3032915360501568,12.954979194291536,0.0,2.207913528248746,0.40950792293577987,0.17227130236534624,0.0,0.3025543933703715,0.09347969992079266,0.07416825302091763,0.4300501263920292
Habib Diarra,Sunderland,M,1,5.555555556,83,3,23.07692308,155,110,265,81.03975535,8,50.0,8,14,0,32,0,1,2,3,13,11,3,49,0,1,0.50289065,2.2814,14,0,11.11111111,2,2,11,10,1,2,0,0.0,36,46.75324675,0,0,0,62,3,2,0,12,1102,1,0,0,1,0,100.0,0,1,0,1,116,4,0,6.714285714,0,2,0,0,0,0,0,551.0,0.0,0,12,6,9,7,4,23.52941176,13,6,46.15384615,2,17,18,44,47.31182796,13,201,126,327,18,0,483,19,4,0.16333938294010888,0.0,0.18632123411978221,0.041070924228675136,0.16333938294010888,0.32667876588021777,0.4900181488203267,0.24500907441016334,2.613430127041742,0.6533575317604355,0.24500907441016334,0.0,0.0,-0.2814000000000001,-0.50289065,19,0.1962526480965381,2,-0.7978519266454024,-1.7476632405665251,-0.2814000000000001,-0.6334234550000001,0.3389292196007259,12.87675734934664,0.75,4.965119401658802,0.3866317166972477,0.19947203431776933,0.0,0.04379076746150114,0.238265093886963,0.08952364925965625,0.7031129246705143
Trai Hume,Sunderland,D,11,13.75,169,36,39.13043478,342,303,645,73.798627,59,50.42735043,58,31,1,87,1,4,9,8,87,8,28,131,0,3,1.48587137,1.8893,25,0,0.0,0,1,33,28,5,0,0,0.0,93,56.02409639,0,0,3,229,22,19,0,29,2583,1,0,0,0,1,0.0,0,0,0,0,394,8,0,6.712903226,0,0,0,0,0,0,0,0.0,0.0,0,14,14,14,5,3,20.0,57,41,71.92982456,19,15,80,152,53.71024735,92,509,365,874,28,0,1468,34,8,0.0,0.03484320557491289,0.06582926829268293,0.051772521602787454,0.662020905923345,0.10452961672473868,1.4285714285714284,0.7665505226480837,3.0313588850174216,2.0557491289198606,0.975609756097561,0.0,0.0,-1.8893,-0.4858713699999999,122,0.1625195836157867,1,-1.0269446611171906,0.5400613285478066,-1.8893,-2.229409959,0.9947735191637629,12.072284218728221,2.0,3.2805236723303133,0.3856170466055042,0.0,0.058967286101432446,0.1774856928201531,0.08418158490825967,0.11319146661729618,0.5362772058529335
Brian Brobbey,Sunderland,F,0,0.0,57,1,33.33333333,92,40,132,69.84126984,51,45.13274336,62,24,1,36,2,7,5,0,8,21,3,110,0,0,0.47247249,3.8162,19,0,25.0,6,7,19,16,3,6,0,0.0,33,40.74074074,2,0,1,57,0,10,1,15,1381,8,0,0,0,1,0.0,0,0,0,1,130,4,0,6.658333333,0,3,0,0,0,0,0,230.1666667,0.0,0,23,1,7,12,2,25.0,7,1,14.28571429,10,8,1,84,43.29896907,3,138,51,189,24,2,373,25,4,0.39102099927588707,0.06517016654598116,0.24870238957277332,0.030791110861694424,0.6517016654598117,0.13034033309196233,0.06517016654598116,0.0,2.3461259956553224,3.3236784938450397,0.19551049963794354,0.0,0.0,2.1838,0.52752751,6,0.3031195102244555,2,0.5257760850978067,-2.7840442758054644,2.1838,2.553069257,0.6582186821144098,11.298515335540188,0.0,3.6754011112924694,0.3455657489908255,0.47751958396418936,0.11029145546705285,0.17471913737354908,0.31803727836717566,0.06678865589979753,0.5753843104401911
Dennis Cirkin,Sunderland,D,1,33.33333333,16,0,0.0,35,38,73,77.65957447,4,44.44444444,5,7,0,8,0,0,0,1,12,4,2,15,0,0,0.02549436,0.075,3,0,0.0,0,0,2,2,0,0,0,0.0,13,56.52173913,0,0,0,21,5,0,0,3,311,0,0,0,0,0,0.0,0,0,0,0,36,0,0,6.65,0,0,0,0,0,0,0,0.0,0.0,0,1,0,1,0,3,75.0,8,5,62.5,0,4,3,17,53.125,3,49,45,94,1,0,164,2,1,0.0,0.0,0.02170418006430868,0.007377789067524116,0.0,0.8681672025723474,1.4469453376205788,1.4469453376205788,2.315112540192926,1.157556270096463,0.5787781350482315,0.0,0.0,-0.075,-0.02549436,20,0.10461036380639784,1,-1.473430471584743,1.1829913025086716,-0.075,-0.092846052,1.085209003215434,12.229558752815112,0.25,3.6945881823330384,0.3394495412844041,0.0,0.0,0.0,0.027755014210766232,0.015007393291229364,0.5772845223030891
Reinildo Mandava,Sunderland,D,3,16.66666667,97,18,37.5,232,265,497,85.83765112,24,52.17391304,22,18,1,67,0,0,2,4,63,12,9,78,0,0,0.55222309,0.1459,26,0,0.0,0,1,19,15,4,0,0,0.0,65,53.71900826,0,0,0,82,23,4,0,17,1429,1,0,0,0,1,0.0,0,0,0,1,155,4,0,6.647058824,1,0,0,0,0,0,0,0.0,0.0,0,3,1,2,0,12,54.54545455,27,14,51.85185185,4,22,18,89,53.29341317,48,280,299,579,4,0,928,28,7,0.0,0.06298110566829951,0.009188943317004898,0.03477962078376488,0.25192442267319803,0.7557732680195941,0.8817354793561931,1.4485654303708886,4.219734079776067,1.5115465360391882,0.5668299510146956,0.0,0.0,-0.1459,0.44777691,91,0.1338107086339082,1,-1.1700573498615663,0.8036521927730366,-0.1459,0.16754383699999995,0.9604618614415674,14.027449641075577,1.0,4.108271102683835,0.3372908799999994,0.0,0.10658677396780966,0.06754013399940414,0.011750697404358263,0.07560970579212992,0.6182540476186926
Chemsdine Talbi,Sunderland,M,6,15.38461538,87,12,60.0,162,110,272,81.68168168,1,8.333333333,11,23,1,51,0,2,4,2,15,9,12,52,2,0,0.97699652,1.9934,4,0,18.18181818,4,5,12,8,4,2,2,0.0,24,36.92307692,0,0,0,61,2,12,0,14,1327,1,0,0,0,0,0.0,0,0,0,0,156,4,0,6.643478261,0,4,0,0,0,0,0,331.75,0.0,0,15,7,9,9,15,48.38709677,8,4,50.0,12,31,39,25,32.46753247,20,207,126,333,22,0,530,1,0,0.2712886209495102,0.06782215523737754,0.13519668425018838,0.06626200964581763,0.8138658628485306,1.0173323285606632,0.2712886209495102,0.1356443104747551,3.458929917106255,0.06782215523737754,0.8138658628485306,0.0,0.0,2.0065999999999997,0.023003479999999965,9,0.2561980335754393,2,0.8844321347185774,-1.8429697285136082,2.0065999999999997,2.022702436,0.027128862094951023,13.418403285685004,0.5,6.181868061092992,0.3346629438532114,0.3313009522504624,0.11477957799547853,0.2181948413379394,0.1728877055707368,0.14523664124120056,0.8236149143662554
Chris Rigg,Sunderland,M,4,50.0,33,8,53.33333333,69,39,108,71.05263158,4,36.36363636,7,13,0,24,1,0,2,0,7,5,3,25,0,1,0.9160666,0.5865,6,0,0.0,0,0,4,4,0,0,0,0.0,23,56.09756098,0,0,0,44,3,7,0,8,569,1,0,0,0,0,0.0,0,0,0,0,69,2,0,6.618181818,0,0,0,0,0,0,0,0.0,0.0,0,6,2,5,1,4,50.0,11,8,72.72727273,7,8,8,27,51.92307692,15,95,57,152,8,0,237,8,0,0.0,0.0,0.09276801405975396,0.1448962987697715,1.1072056239015817,0.632688927943761,1.265377855887522,0.47451669595782076,3.796133567662566,0.632688927943761,0.47451669595782076,0.0,0.0,-0.5865,-0.9160666,15,0.15121781761065223,1,-0.3432850152680289,0.2204619776719381,-0.5865,-1.22774662,0.640597539543058,12.030674171973637,0.0,4.449290528698066,0.3160967471559628,0.0,0.0,0.2968382954288399,0.11863049149537383,0.31914544456954186,0.65202726696107
Wilson Isidor,Sunderland,F,0,0.0,29,0,0.0,41,20,61,57.00934579,22,26.82926829,60,26,0,19,0,2,11,1,15,14,5,104,0,0,0.18955727,3.7419,13,0,10.52631579,4,4,15,12,3,4,0,0.0,19,30.15873016,1,0,0,46,0,0,0,11,1073,11,0,0,0,0,0.0,0,0,0,0,93,3,0,6.575,0,3,0,0,0,0,0,268.25,0.0,0,35,3,13,14,6,30.0,9,6,66.66666667,0,20,0,41,28.27586207,5,80,27,107,38,0,249,4,1,0.33550792171481825,0.0,0.31385927306616956,0.015899491425908668,0.0,0.5032618825722274,0.5032618825722274,0.0,1.5936626281453867,1.8452935694315007,0.4193849021435228,0.0,0.0,0.2581000000000002,-0.18955727,16,0.22788858876934298,2,-0.19263486550796233,-2.468102326297888,0.2581000000000002,0.12540991100000023,0.4822926374650513,8.953792398392823,0.25,1.4853555567554286,0.28440366972477094,0.4097263407608235,0.0,0.0,0.4013590266170584,0.03385412130234975,0.3584908338788554
Eliezer Mayenda,Sunderland,F,0,0.0,22,1,33.33333333,43,13,56,65.88235294,15,34.09090909,29,19,0,14,2,1,5,1,5,21,3,80,0,0,0.21361966,2.145,6,0,15.38461538,2,2,9,8,1,2,0,0.0,27,34.61538462,1,0,0,29,1,4,1,8,769,3,0,0,0,0,0.0,0,0,0,0,100,2,0,6.517647059,0,0,0,0,0,0,0,384.5,0.0,0,11,2,2,6,11,34.375,5,1,20.0,4,32,1,42,34.42622951,3,72,13,85,13,0,228,11,0,0.2340702210663199,0.0,0.2510403120936281,0.025001000520156046,0.4681404421326398,1.2873862158647593,0.11703511053315994,0.11703511053315994,1.6384915474642392,1.7555266579973994,0.3511053315994799,0.0,0.0,-0.14500000000000002,-0.21361966,4,0.1950840203013756,2,0.5116672351292376,-2.2515041280539325,-0.14500000000000002,-0.29453376200000003,0.37451235370611186,10.462075232742523,0.25,1.3858621987819895,0.24230976807339388,0.2858493911809907,0.0,0.1255069590183986,0.3210269823134998,0.053983158808716784,0.34863740399886256
Simon Adingra,Sunderland,M,5,18.51851852,43,2,33.33333333,77,45,122,75.77639752,9,39.13043478,14,14,0,20,2,1,2,0,11,12,9,68,0,0,0.61296761,0.3499,17,0,16.66666667,1,1,8,7,1,1,0,0.0,21,28.0,0,0,0,39,2,7,0,9,665,4,0,0,0,0,0.0,0,0,0,0,109,4,0,6.507692308,0,1,0,0,0,0,0,665.0,0.0,0,5,1,2,2,7,26.92307692,11,8,72.72727273,7,26,27,30,30.6122449,6,106,55,161,6,0,309,3,2,0.13533834586466167,0.0,0.04735488721804511,0.08295802240601503,0.9473684210526315,0.9473684210526315,1.0827067669172934,0.27067669172932335,2.706766917293233,1.218045112781955,1.218045112781955,0.0,0.0,0.6501,-0.61296761,12,0.15597391287276435,2,0.2682280980933203,-0.5761446580596666,0.6501,0.22102267300000006,0.5210526315789474,12.395469810293232,0.0,5.150807519633083,0.2350035288073391,0.1652768284347232,0.0,0.2539864512767066,0.06055679430375839,0.18216179986892883,0.7215027437225144
Romaine Mundle,Sunderland,F,2,18.18181818,32,2,50.0,59,30,89,85.57692308,5,62.5,3,14,0,22,0,1,2,0,6,14,7,39,0,0,0.4741025,0.8612,7,0,0.0,0,0,11,10,1,0,0,0.0,19,34.54545455,0,0,0,15,1,1,0,2,412,0,0,0,0,0,0.0,0,0,0,0,64,3,0,6.5,0,0,0,0,0,0,0,0.0,0.0,0,5,2,3,2,7,46.66666667,5,5,100.0,1,15,11,24,38.0952381,4,67,37,104,7,0,208,8,1,0.0,0.0,0.188126213592233,0.10356608009708737,0.21844660194174756,1.529126213592233,1.0922330097087378,0.21844660194174756,4.805825242718447,1.0922330097087378,1.529126213592233,0.0,0.0,-0.8612,-0.4741025,5,0.10164939275094817,0,-0.45395589147345017,-0.3731720732094701,-0.8612,-1.1930717499999999,0.4368932038834952,14.140342603383495,0.0,1.2699368983958736,0.2293577981651369,0.0,0.0,0.05856483706623089,0.24057327741472476,0.22773889723832647,0.33715661933204455
Bruno Guimarães,Newcastle United,M,17,27.41935484,372,66,60.55045872,634,384,1018,86.49107901,11,34.375,21,23,4,108,5,3,5,6,29,33,22,128,0,0,3.6492324,4.8223,33,0,28.125,9,13,31,26,5,6,3,0.0,115,51.8018018,2,0,2,159,12,39,1,22,2018,1,0,1,2,0,100.0,0,2,0,2,319,16,0,7.486956522,0,6,0,0,0,0,0,224.2222222,0.0,1,15,17,10,17,13,37.14285714,50,36,72.0,38,35,62,126,49.60629921,109,764,413,1177,32,5,1633,52,5,0.40138751238850345,0.17839444995044598,0.21506788899900892,0.16275070168483646,1.7393458870168483,0.5797819623389494,1.6055500495540138,0.535183349851338,4.816650148662042,0.49058473736372643,0.9811694747274529,0.0,0.0,4.1777,0.3507676000000002,55,0.5664948125189188,0,1.9474296633298183,0.42301627387430396,4.1777,4.42323732,0.6734390485629336,14.827283124542618,1.5,7.834895987529634,0.9537295574311919,0.4901792954320209,0.30190782953419226,0.4663130832409306,0.2750259303857797,0.3586325166813838,0.9873242824545416
Fabian Schär,Newcastle United,D,1,25.0,78,71,46.1038961,240,432,672,84.42211055,46,63.01369863,27,16,0,43,0,2,4,4,71,1,6,48,0,3,0.61340373,0.9829,15,0,0.0,0,0,13,10,3,0,0,0.0,20,48.7804878,0,0,1,124,18,4,0,11,1091,1,0,0,0,0,0.0,0,0,0,0,138,1,0,7.1,0,0,0,0,0,0,0,0.0,0.0,2,7,10,9,4,0,0.0,14,10,71.42857143,4,1,4,66,57.89473684,154,336,460,796,17,1,975,6,1,0.0,0.0,0.08108249312557286,0.05060159092575619,0.32997250229147573,0.0,0.8249312557286893,1.4848762603116406,3.547204399633364,3.7946837763519703,0.4949587534372135,0.0,0.0,-0.9829,-0.61340373,93,0.2245558378783349,1,-1.9298516024201653,0.5091743194879509,-0.9829,-1.412282611,1.4188817598533454,13.678258455941798,1.0,4.059051278247457,0.6697247706422012,0.0,0.0,0.08846457514679058,0.10368720413656,0.11060181832147506,0.6133795102760202
Anthony Gordon,Newcastle United,F,15,21.42857143,196,17,70.83333333,293,111,404,82.28105906,8,23.52941176,26,25,2,55,5,9,10,2,13,25,12,109,1,1,3.3390179,8.7886,13,0,12.76595745,6,8,28,23,5,6,0,0.0,89,51.74418605,0,0,2,87,3,26,0,23,1746,5,0,0,3,0,100.0,0,3,0,1,249,10,0,7.070833333,1,6,0,0,0,0,0,291.0,0.0,0,31,16,17,20,33,49.25373134,19,13,68.42105263,26,67,70,97,47.08737864,24,365,126,491,47,2,899,37,3,0.30927835051546393,0.10309278350515465,0.45302061855670106,0.17211432474226804,1.3402061855670102,1.7010309278350515,0.6701030927835051,0.15463917525773196,2.8350515463917523,0.4123711340206186,0.6185567010309279,0.0,0.0,-2.7886000000000006,-1.3390179,17,0.43564049309586894,2,2.173475280170045,-1.0894083097671658,-2.7886000000000006,-3.7259125300000004,0.27061855670103097,13.563022491731958,0.5,-0.7329191680701034,0.6483180425688078,0.37769447047797566,0.17447021764032075,0.359305002665215,0.5793166877788636,0.37934124946039655,0.13880165159732194
Malick Thiaw,Newcastle United,D,1,12.5,146,69,59.48275862,462,716,1178,89.58174905,100,66.66666667,50,28,0,96,1,5,7,4,158,3,12,81,2,3,0.89161204,3.6676,19,0,16.0,4,4,42,37,5,4,0,0.0,43,58.10810811,2,0,0,137,25,6,1,26,2334,2,0,0,0,1,0.0,0,0,0,0,158,0,0,7.053571429,0,1,0,0,0,0,0,583.5,0.0,0,23,2,6,12,4,100.0,31,23,74.19354839,6,4,8,143,63.83928571,116,551,764,1315,25,2,1662,9,3,0.15424164524421594,0.0,0.1414241645244216,0.03438092699228792,0.2313624678663239,0.15424164524421594,0.8868894601542417,0.9640102827763496,3.7017994858611822,3.8560411311053984,0.4627249357326478,0.0,0.0,0.3323999999999998,-0.89161204,194,0.26517433156570647,1,-1.3084978039874202,-0.36936289522631804,0.3323999999999998,-0.2917284280000002,1.301413881748072,14.45228432446658,1.0,4.350160145965488,0.635648755229357,0.18836176676793642,0.0,0.06202753951487693,0.18085132377683716,0.0747279484704493,0.6422097847177521
Sven Botman,Newcastle United,D,0,0.0,26,34,49.27536232,172,497,669,88.2585752,52,63.41463415,30,18,1,62,2,1,1,4,84,4,1,42,0,3,0.38527949,1.4267,8,0,10.0,1,2,17,14,3,1,0,0.0,26,68.42105263,1,0,1,89,8,6,0,14,1208,0,1,0,0,0,0.0,0,0,0,0,104,1,0,6.95625,0,0,0,0,0,0,0,1208.0,0.0,0,10,0,5,4,2,100.0,14,10,71.42857143,6,2,2,78,65.0,69,222,536,758,10,0,953,11,1,0.07450331125827815,0.07450331125827815,0.10629387417218544,0.028704597764900662,0.4470198675496689,0.1490066225165563,0.7450331125827815,0.5960264900662252,4.619205298013245,3.8741721854304636,0.07450331125827815,0.0,0.0,-0.4267000000000001,0.6147205099999999,101,0.24879885110817054,1,-0.8556481593057207,-0.5347024808868455,-0.4267000000000001,0.003604356999999836,1.2032284768211923,14.55722070758692,1.0,4.361782916539445,0.5642201834862384,0.09098434677904878,0.12608650662251658,0.11984460035407515,0.1359271798992225,0.062174091441532735,0.6433608580878187
Sandro Tonali,Newcastle United,M,17,21.25,289,60,50.0,598,462,1060,84.93589744,11,50.0,11,29,2,123,5,1,13,5,26,17,21,77,0,1,2.36941073,1.5556,18,0,0.0,0,2,31,26,5,0,0,0.0,79,54.48275862,0,0,2,188,26,26,0,25,2045,1,0,0,0,0,0.0,0,0,0,0,318,9,0,6.940740741,0,0,0,0,0,0,0,0.0,0.0,2,9,19,8,7,17,62.96296296,29,20,68.96551724,26,27,80,90,53.89221557,120,738,510,1248,28,0,1638,35,3,0.0,0.08801955990220048,0.06846161369193154,0.10427724484107578,1.1442542787286063,0.7481662591687042,0.8801955990220048,1.1442542787286063,5.41320293398533,0.4841075794621027,0.9242053789731052,0.0,0.0,-1.5556,-0.3694107299999998,51,0.25041376589608716,1,-0.2146031890803146,0.849294818438426,-1.5556,-1.8141875109999999,0.6095354523227384,14.520243658261613,1.25,5.204329549369193,0.5528372411009173,0.0,0.148960880195599,0.3067709215909366,0.08754779288051726,0.2293117201248076,0.7268033545148493
Lewis Miley,Newcastle United,M,4,12.12121212,148,15,68.18181818,320,284,604,90.55472264,31,68.88888889,14,19,3,57,2,2,4,2,23,7,9,35,0,2,2.0031877,1.3393,4,0,8.333333333,1,4,16,12,4,1,0,0.0,38,64.40677966,0,0,1,63,17,14,1,11,1134,2,0,0,0,0,0.0,0,0,0,0,118,2,0,6.935294118,0,0,0,0,0,0,0,1134.0,0.0,0,8,4,4,4,11,91.66666667,24,15,62.5,14,12,33,69,66.34615385,22,364,303,667,12,2,890,4,0,0.07936507936507936,0.23809523809523808,0.10629365079365079,0.15898315079365077,1.1111111111111112,0.873015873015873,1.1904761904761905,1.349206349206349,4.523809523809524,2.46031746031746,0.7142857142857142,0.0,0.0,-0.33929999999999993,0.9968123000000002,46,0.32774643049700136,1,0.7756006080332434,1.5496696550521967,-0.33929999999999993,0.3584686100000002,1.2063492063492063,15.14279545353968,0.5,6.441775466685714,0.548839719633027,0.09692159692159691,0.4029431216931217,0.2978853440899646,0.13592689424575,0.3503001431804051,0.8493551190237606
Lewis Hall,Newcastle United,D,15,16.85393258,260,38,40.42553191,496,367,863,85.19249753,24,51.06382979,23,24,1,111,4,1,10,3,65,31,12,104,1,1,2.44322319,0.8107,15,0,4.761904762,1,2,32,29,3,0,1,0.0,114,58.46153846,0,0,2,150,24,20,1,19,1752,0,0,0,0,0,0.0,0,0,0,0,333,9,0,6.891304348,0,0,0,0,0,0,0,1752.0,0.0,3,6,15,7,4,34,58.62068966,46,26,56.52173913,20,58,89,138,57.02479339,94,599,414,1013,21,0,1638,34,3,0.05136986301369863,0.05136986301369863,0.04164554794520548,0.12550804058219178,1.0273972602739725,1.7465753424657533,1.3356164383561644,1.2328767123287672,5.702054794520548,1.2328767123287672,0.6164383561643836,0.0,0.0,0.18930000000000002,-1.4432231899999999,103,0.23467860745518515,0,0.2875971237310964,1.4626133706045297,0.18930000000000002,-0.8209562329999998,0.9914383561643836,14.595354379371575,0.75,4.120558173591524,0.516553649908257,0.062733499377335,0.08693635844748858,0.2754419277544193,0.05325576785713704,0.27626607454423596,0.6194709106745335
Nick Pope,Newcastle United,G,0,0.0,14,79,30.15267176,51,239,290,61.1814346,12,100.0,0,22,0,205,0,0,0,7,32,0,0,0,3,1,0.01719896,0.162,0,0,0.0,0,0,32,27,5,0,0,-2.8226,2,100.0,0,23,0,184,0,0,0,22,1967,0,0,0,0,0,0.0,2,0,0,0,193,0,10,6.886363636,0,0,45,21,67,0,20,0.0,0.0,0,1,0,0,1,0,0.0,1,1,100.0,0,0,0,14,100.0,262,206,268,474,1,1,774,2,1,0.0,0.0,0.007412302999491612,0.0007869376715810879,0.0,0.0,0.045754956786985254,0.0,9.379766141331977,0.5490594814438231,0.0,3.065582104728012,-0.12914794102694457,-0.162,-0.01719896,33,0.15482610714058004,0,-2.0646823299015855,-2.0003085594956533,-0.162,-0.174039272,0.12582613116420946,11.522353459750889,2.9310310625317744,2.9310310625317744,0.5129274392660541,0.0,0.0,0.0,0.009478753607638194,0.0004309649677460216,0.5016648357975884
Joelinton,Newcastle United,M,2,22.22222222,185,19,63.33333333,352,258,610,82.76797829,57,58.7628866,40,24,1,101,3,1,9,3,38,23,18,123,0,2,1.14731372,2.1269,38,0,7.142857143,2,3,24,20,4,2,0,0.0,75,47.46835443,1,0,1,127,25,15,1,20,1689,1,0,0,0,0,0.0,0,0,0,0,193,9,0,6.825,0,0,0,0,0,0,0,844.5,0.0,0,21,7,9,10,11,55.0,37,19,51.35135135,15,20,9,132,51.76470588,30,437,300,737,28,1,1051,27,9,0.10657193605683836,0.05328596802841918,0.11333392539964476,0.061135722202486684,0.7992895204262876,0.586145648312611,1.0124333925399644,1.3321492007104796,5.381882770870337,3.037300177619893,0.9591474245115453,0.0,0.0,-0.1269,-0.1473137200000001,64,0.23757556337159225,1,-0.6401900919051798,0.7765295687697296,-0.1269,-0.23001960400000007,1.2175843694493784,14.055702698917406,0.75,5.773790111856838,0.4678899082568808,0.13014694009365413,0.09017910005920662,0.21428697043771872,0.14492990293615376,0.13389926508229008,0.7832004832899303
Jacob Murphy,Newcastle United,F,21,20.38834951,135,15,55.55555556,214,70,284,73.19587629,5,33.33333333,10,26,1,37,9,3,12,1,13,12,19,59,0,1,2.48787359,2.9952,5,0,7.894736842,3,4,14,11,3,2,1,0.0,38,43.67816092,0,0,1,104,2,18,0,14,1255,5,0,0,0,1,0.0,0,0,0,0,242,6,0,6.784615385,0,3,0,0,0,0,0,418.3333333,0.0,0,19,19,14,12,18,56.25,13,10,76.92307692,18,32,103,43,42.15686275,27,294,94,388,38,0,705,7,1,0.21513944223107567,0.07171314741035857,0.21479521912350596,0.17841324549800797,1.2908366533864541,1.2908366533864541,0.7171314741035857,0.14342629482071714,2.653386454183267,0.35856573705179284,1.3625498007968129,0.0,0.0,0.0047999999999999154,-1.48787359,6,0.30080868184297654,2,1.4563886068067262,-1.0070892767942137,0.0047999999999999154,-1.036711513,0.16135458167330674,12.139124197105577,0.25,1.0594704529831673,0.4382498238532113,0.26273089460340454,0.12136454183266934,0.346069188592166,0.27467724380803255,0.3932720394897183,0.3163128524293427
Valentino Livramento,Newcastle United,D,9,30.0,178,18,60.0,287,208,495,89.35018051,5,35.71428571,9,15,1,73,1,0,2,5,34,7,8,47,0,0,0.89156888,0.1356,7,0,0.0,0,1,11,10,1,0,0,0.0,44,53.65853659,0,0,0,59,6,11,0,12,1164,2,0,1,0,0,0.0,0,0,0,0,153,4,0,6.76,0,0,0,0,0,0,0,0.0,0.0,0,1,2,1,0,11,39.28571429,20,15,75.0,10,28,30,49,51.04166667,30,326,228,554,3,0,858,13,1,0.0,0.07731958762886598,0.010484536082474226,0.06893573814432989,0.8505154639175257,0.8505154639175257,1.1597938144329896,0.4639175257731959,5.644329896907216,0.3865979381443299,0.6185567010309279,0.0,0.0,-0.1356,0.10843111999999999,47,0.18776939929138609,0,-0.18186580542353611,0.27790073711920743,-0.1356,-0.05969821600000001,0.529639175257732,15.12852389763402,1.25,4.0909597471631445,0.42018348623853186,0.0,0.13085266323024056,0.2280204824606172,0.013407484046858527,0.1511499003140737,0.6165395992250995
Harvey Barnes,Newcastle United,F,13,19.40298507,195,6,42.85714286,293,94,387,80.45738046,4,28.57142857,10,30,0,56,3,9,16,3,15,20,10,79,0,1,2.18764174,6.1598,15,0,10.0,5,5,24,20,4,4,1,0.0,42,37.83783784,0,0,1,94,3,19,2,17,1657,3,0,1,0,0,0.0,0,0,0,0,239,7,0,6.751724138,0,3,0,0,0,0,0,331.4,0.0,0,32,18,16,18,11,28.94736842,12,5,41.66666667,18,38,67,46,36.8,14,373,108,481,50,2,788,19,1,0.27157513578756787,0.0,0.33456970428485217,0.11882182051901027,1.031985515992758,0.5974652987326493,0.27157513578756787,0.16294508147254072,3.0416415208207606,0.21726010863005432,0.5431502715751357,0.0,0.0,-1.1597999999999997,-2.18764174,13,0.2914306781208136,2,0.4564045175698937,-1.9690834012132448,-1.1597999999999997,-2.6911492179999996,0.10591430295715148,13.219917834932406,0.75,-0.024782807964423597,0.41410945908256824,0.3316508476436056,0.0,0.27667202447462613,0.42784324813947794,0.26147872740938877,0.20893268458182926
Kieran Trippier,Newcastle United,D,31,33.33333333,258,46,42.59259259,446,367,813,82.12121212,22,48.88888889,23,18,1,66,1,0,0,4,46,6,26,82,0,1,1.91405799,0.0823,21,0,0.0,0,1,25,22,3,0,0,0.0,44,42.7184466,0,0,1,177,10,27,0,17,1461,1,0,0,0,0,0.0,0,0,0,0,274,1,0,6.705555556,0,0,0,0,0,0,0,0.0,0.0,2,0,2,2,0,4,40.0,23,12,52.17391304,27,10,93,66,44.59459459,108,588,402,990,2,0,1385,18,3,0.0,0.061601642710472276,0.0050698151950718685,0.11790911642710473,1.6632443531827514,0.2464065708418891,0.7392197125256674,0.6160164271047228,4.0657084188911705,1.3552361396303902,1.6016427104722795,0.0,0.0,-0.0823,-0.9140579900000001,42,0.20245262017109641,0,0.10556509225459183,0.025396830558403048,-0.0823,-0.7221405930000001,0.4743326488706366,13.94622172544353,1.0,3.6628339317332648,0.3802242612844031,0.0,0.10425222450376455,0.445910504808181,0.006483211637954141,0.25946017700110613,0.5741397065279484
Aaron Ramsdale,Newcastle United,G,0,0.0,10,44,29.13907285,33,181,214,66.04938272,4,80.0,1,10,0,70,0,0,0,1,9,0,0,1,0,1,0.01434059,0.0,0,0,0.0,0,0,13,12,1,0,0,-1.6852,1,100.0,0,10,0,110,0,1,0,9,823,0,0,0,0,0,0.0,2,0,0,0,112,0,5,6.7,0,0,13,8,21,0,10,0.0,0.0,0,0,0,0,0,0,0.0,0,0,0.0,1,0,0,5,83.33333333,151,132,192,324,0,0,411,1,1,0.0,0.0,0.0,0.0015682297691373027,0.10935601458080194,0.0,0.0,0.0,7.654921020656136,0.43742405832320774,0.0,2.296476306196841,-0.18428675577156745,0.0,-0.01434059,9,0.11724173649152853,0,-1.8139477626103329,-2.097626884369994,0.0,-0.010038413,0.08748481166464156,11.859804325709598,1.1040901579586877,1.1040901579586877,0.3761467889908259,0.0,0.0,0.02931799862853843,0.0,0.002158882588031351,0.3207318120784846
Nick Woltemade,Newcastle United,F,0,0.0,82,7,53.84615385,147,77,224,74.17218543,34,39.08045977,53,27,3,43,3,6,8,1,21,37,10,134,0,0,0.85605131,6.3939,18,0,22.58064516,7,10,26,22,4,7,0,0.0,52,39.09774436,2,0,2,78,4,14,0,21,1681,8,1,0,1,0,100.0,0,1,0,0,183,8,0,6.659259259,0,5,0,0,0,0,0,240.1428571,0.0,0,29,2,11,12,12,40.0,22,11,50.0,14,30,3,86,39.09090909,13,214,88,302,31,0,567,18,0,0.3747769185008923,0.16061867935752527,0.3423265913146937,0.04583261029149316,0.7495538370017846,0.6424747174301011,0.5889351576442594,0.21415823914336704,2.3022010707911957,1.8203450327186197,0.5353955978584176,0.0,0.0,0.6060999999999996,2.14394869,26,0.3465783025261711,2,1.328992009058664,-1.5665760233279225,0.6060999999999996,2.1068640829999996,0.5541344437834622,11.975180077721296,0.25,3.4318385182865403,0.3462453277064217,0.45768211562381694,0.27182480666270076,0.20095299238430683,0.4377626511810421,0.10005466739736157,0.551262831575101
Jacob Ramsey,Newcastle United,M,4,50.0,150,9,60.0,282,185,467,90.32882012,9,52.94117647,8,21,1,64,0,1,4,1,6,7,10,48,0,1,0.88923153,1.0354,15,0,15.38461538,2,3,23,21,2,1,1,0.0,48,54.54545455,0,0,0,50,8,15,1,11,1087,2,0,0,0,1,0.0,0,0,0,0,89,11,0,6.638095238,1,1,0,0,0,0,0,543.5,0.0,0,9,4,5,4,9,42.85714286,26,12,46.15384615,15,21,8,57,54.28571429,15,319,198,517,13,0,666,13,3,0.1655933762649494,0.0827966881324747,0.08572769089236432,0.07362542566697332,1.2419503219871206,0.7451701931922723,0.9935602575896965,0.6623735050597976,5.298988040478381,0.7451701931922723,0.8279668813247469,0.0,0.0,0.9645999999999999,0.11076847000000001,16,0.2387013489185395,0,0.4747088628178917,0.06682949735926833,0.9645999999999999,1.042137929,0.5712971481140754,15.327158997231832,0.25,6.6619782001155485,0.3307121012844032,0.20222463828719578,0.14012189512419504,0.33296291910699816,0.10962742070530893,0.16152168537289388,0.8711631295023381
Anthony Elanga,Newcastle United,F,12,15.78947368,142,5,55.55555556,232,85,317,82.12435233,12,36.36363636,21,27,1,29,2,1,5,0,5,15,9,79,0,0,1.6969128,1.4632,8,0,0.0,0,1,26,25,1,0,0,0.0,47,44.76190476,0,0,0,69,3,15,0,13,1226,2,0,0,0,0,0.0,0,0,0,0,223,2,0,6.603703704,0,0,0,0,0,0,0,0.0,0.0,0,11,5,7,4,11,28.94736842,14,11,78.57142857,15,38,76,59,42.75362319,9,284,102,386,16,0,663,22,0,0.0,0.0734094616639478,0.10741272430668843,0.12456945513866231,1.101141924959217,0.8075040783034257,0.8075040783034257,0.22022838499184338,2.128874388254486,0.8809135399673735,0.6606851549755302,0.0,0.0,-1.4632,-0.6969128,10,0.1745059367604735,0,0.4160726516682421,-0.5184438601443769,-1.4632,-1.95103896,0.42577487765089717,13.267413484084013,0.0,0.5694102903776916,0.3054706084403671,0.0,0.1242353181076672,0.29521263708752604,0.13735795043701005,0.2741902845406116,0.26777922618968936
William Osula,Newcastle United,F,0,0.0,7,0,0.0,15,15,30,81.08108108,6,30.0,14,17,0,14,0,0,3,1,0,3,1,33,0,0,0.04570616,0.6927,13,0,25.0,2,2,7,7,0,2,0,0.0,9,32.14285714,0,0,0,7,1,1,2,1,333,0,0,0,0,0,0.0,0,0,0,0,27,2,0,6.573333333,0,0,0,0,0,0,0,166.5,0.0,0,7,1,1,4,4,50.0,2,1,50.0,1,8,1,15,31.25,1,20,17,37,8,0,92,3,0,0.5405405405405406,0.0,0.18721621621621623,0.012353016216216216,0.2702702702702703,1.0810810810810811,0.2702702702702703,0.2702702702702703,3.783783783783784,1.6216216216216217,0.2702702702702703,0.0,0.0,1.3073000000000001,-0.04570616,1,0.28479254147548094,2,0.6769361944333432,-2.5629728281763273,1.3073000000000001,1.2753056880000002,0.45945945945945943,13.205790956594594,0.25,2.9832938554351354,0.28318042788990816,0.6601146601146601,0.0,0.07245859721107246,0.23940958498182613,0.026010682179004752,0.5068407367390697
Dan Burn,Newcastle United,D,1,9.090909091,89,27,28.72340426,234,470,704,79.3686584,82,58.57142857,58,23,2,61,0,0,2,5,134,6,17,113,0,2,0.35702981,0.3717,33,0,0.0,0,2,28,25,3,0,0,0.0,41,42.70833333,0,0,0,183,17,6,0,21,1824,2,0,0,0,1,0.0,0,0,0,1,243,2,0,6.556521739,1,0,0,0,0,0,0,0.0,0.0,0,5,0,2,1,2,100.0,31,21,67.74193548,6,2,11,123,52.11864407,94,361,526,887,5,0,1256,9,7,0.0,0.09868421052631579,0.018340460526315785,0.017616602467105263,0.29605263157894735,0.09868421052631579,1.0361842105263157,0.8388157894736842,3.0098684210526314,4.046052631578948,0.8388157894736842,0.0,0.0,-0.3717,1.64297019,155,0.1289053254099521,1,-1.0641859666081506,0.16696380244580913,-0.3717,0.7783791330000001,1.2976973684210527,12.765788436932565,1.25,4.086822400235773,0.2708416433027523,0.0,0.1670093201754386,0.07937076602397082,0.023453534804430572,0.03765171049255221,0.6161298526986134
Joe Willock,Newcastle United,M,2,18.18181818,88,7,41.17647059,134,70,204,81.6,8,47.05882353,9,20,1,46,2,1,2,0,5,11,13,57,0,0,0.65567221,0.8135,15,0,0.0,0,1,13,13,0,0,0,0.0,32,40.0,0,0,1,46,6,10,0,7,730,1,0,0,0,0,0.0,0,0,0,0,100,7,0,6.531578947,0,0,0,0,0,0,0,0.0,0.0,0,6,4,5,3,6,40.0,18,14,77.77777778,10,15,11,40,41.2371134,17,174,76,250,10,0,400,8,3,0.0,0.12328767123287672,0.10029452054794522,0.08083629986301369,1.2328767123287672,0.7397260273972602,1.726027397260274,0.7397260273972602,5.671232876712329,0.9863013698630138,1.6027397260273972,0.0,0.0,-0.8135,0.34432779,12,0.17989502984151573,0,0.17540111125570698,1.4684704063085874,-0.8135,-0.572470547,0.7828767123287671,14.109524143458902,0.0,5.571396781049315,0.25253500697247677,0.0,0.20864726027397262,0.33053031330530314,0.12825528699182726,0.17746936565786242,0.7631562458261338
Yoane Wissa,Newcastle United,F,0,0.0,26,3,100.0,35,19,54,76.05633803,7,28.0,18,13,0,13,0,3,0,0,2,5,1,35,0,0,0.54783702,1.9403,4,0,9.090909091,1,1,9,8,1,1,0,0.0,5,22.72727273,0,0,0,17,0,2,0,4,436,4,0,0,0,0,0.0,0,0,0,0,38,2,0,6.446153846,0,1,0,0,0,0,0,436.0,0.0,0,10,1,6,5,1,12.5,3,3,100.0,2,8,1,12,25.53191489,3,47,24,71,11,0,122,1,1,0.20642201834862386,0.0,0.40052064220183486,0.11308562339449542,0.41284403669724773,0.20642201834862386,0.6192660550458716,0.0,2.6834862385321103,1.444954128440367,0.20642201834862386,0.0,0.0,-0.9402999999999999,-0.54783702,4,0.18779294088759524,2,-0.4555311260312093,-1.915178706093473,-0.9402999999999999,-1.323785914,0.4747706422018349,12.252089082825687,0.0,0.8924509911440367,0.189837685137614,0.25208507089241033,0.0,0.11068216913434464,0.5121804225305677,0.24879246561833548,0.2997719034720731
Marcos Senesi,Bournemouth,D,7,30.43478261,264,153,39.13043478,607,829,1436,77.49595251,74,48.68421053,78,30,4,123,6,2,4,8,220,12,22,139,0,2,4.11136939,1.3903,27,0,0.0,0,4,47,41,6,0,0,0.0,80,56.73758865,0,0,0,417,47,21,0,30,2660,1,0,0,0,0,0.0,0,0,0,0,487,2,0,7.186666667,0,0,0,0,0,0,0,0.0,0.0,0,9,7,7,5,3,60.0,50,30,60.0,21,5,23,154,52.55972696,391,925,928,1853,16,3,2418,28,8,0.0,0.13533834586466167,0.047040225563909785,0.13910648312030074,0.7105263157894737,0.10150375939849625,1.0150375939849623,1.5902255639097744,4.161654135338346,2.5037593984962405,0.744360902255639,0.0,0.0,-1.3903,-0.11136939000000012,275,0.3003971874390154,1,-0.9381202753880754,1.3018847280636499,-1.3903,-1.4682585730000002,1.2214285714285713,12.948267241640975,2.0,3.7496851673173865,0.7333333335779813,0.0,0.22904135338345868,0.19048983845752998,0.06015440920299751,0.3063405992239706,0.5827411104532974
Rayan,Bournemouth,M,2,11.11111111,69,8,72.72727273,112,38,150,79.78723404,13,41.93548387,18,8,1,23,2,0,8,1,8,4,4,40,0,0,1.2049854,1.2942,4,0,13.33333333,2,3,5,5,0,2,0,0.0,17,43.58974359,1,0,2,38,2,10,0,7,626,0,0,0,0,1,0.0,0,0,0,0,86,5,0,6.975,0,1,0,0,0,0,0,313.0,0.0,0,5,10,3,4,7,38.88888889,6,4,66.66666667,10,18,18,30,42.85714286,11,147,41,188,15,0,302,4,1,0.2875399361022364,0.1437699680511182,0.1860670926517572,0.1732407124600639,1.4376996805111821,1.0063897763578273,0.5750798722044728,0.2875399361022364,3.306709265175719,1.8690095846645367,0.5750798722044728,0.0,0.0,0.7058,-0.20498539999999998,10,0.39145386457554143,2,1.7995336110723728,-0.9894565272341534,0.7058,0.56231022,0.5750798722044729,13.34126748858786,0.25,5.676447057876039,0.5779816513761462,0.35114725530060986,0.24331070287539935,0.38544269762439504,0.23794010118805983,0.3818323858624416,0.773560011038906
Alex Scott,Bournemouth,M,8,12.30769231,217,41,39.42307692,485,447,932,83.96396396,31,56.36363636,24,31,1,149,3,2,14,5,68,19,19,116,0,1,1.73724175,3.3119,35,0,5.128205128,2,3,36,29,7,1,1,0.0,126,57.79816514,0,0,1,178,32,21,2,28,2320,1,0,1,0,1,0.0,0,0,0,0,312,11,0,6.973333333,0,0,0,0,0,0,0,1160.0,0.0,1,15,24,15,10,26,56.52173913,49,31,63.26530612,20,46,65,157,57.50915751,104,626,484,1110,39,1,1612,52,3,0.07758620689655173,0.03879310344827586,0.12847887931034482,0.0673929989224138,0.8146551724137931,1.0086206896551724,1.2025862068965518,1.2413793103448276,5.780172413793104,1.2025862068965518,0.7370689655172414,0.0,0.0,-1.3119,-0.7372417499999999,112,0.2590358894519985,1,-0.4563961751665932,1.0284372540016906,-1.3119,-1.827969225,0.9232758620689656,14.341615257523706,1.25,5.190113585423276,0.5767584095412843,0.09474921630094044,0.06565193965517242,0.21840645271423695,0.16429706676208053,0.1477379545214666,0.7253954614979607
James Hill,Bournemouth,D,2,22.22222222,61,39,33.91304348,179,360,539,77.77777778,78,64.46280992,43,22,3,52,2,1,1,4,117,4,10,67,0,1,1.05393345,0.6713,11,0,0.0,0,3,18,16,2,0,0,0.0,37,60.6557377,0,0,1,154,31,8,0,15,1490,1,1,0,0,0,0.0,0,0,0,0,217,1,0,6.971428571,0,0,0,0,0,0,0,0.0,0.0,0,6,2,6,1,1,100.0,27,12,44.44444444,8,1,9,115,63.18681319,115,300,393,693,8,2,1023,11,2,0.0,0.18120805369127518,0.04054832214765101,0.06366040973154362,0.4832214765100671,0.060402684563758385,0.7248322147651007,1.8724832214765101,3.140939597315436,4.7114093959731544,0.6040268456375839,0.0,0.0,-0.6713,1.94606655,150,0.25855980379859717,1,-0.973869784142568,1.2552691740189867,-0.6713,0.6909465850000001,1.6671140939597315,12.636944185540267,1.0,4.2631464905109056,0.5753604190825685,0.0,0.30666946308724835,0.12955013622167585,0.051852650231255244,0.13948290285466397,0.6335922953688403
?or?e Petrovi?,Bournemouth,G,0,0.0,23,127,33.15926893,82,399,481,64.9122807,17,100.0,0,31,0,238,0,0,0,9,56,0,3,3,2,2,0.02000676,0.0,0,0,0.0,0,0,48,41,7,0,0,-1.8528,2,40.0,0,25,0,260,0,0,0,31,2790,0,1,0,0,0,0.0,5,0,0,0,268,0,30,6.906451613,0,0,58,34,94,1,24,0.0,0.0,0,0,0,0,0,0,0.0,0,0,0.0,0,0,0,19,86.36363636,383,311,430,741,0,1,1090,2,2,0.0,0.0,0.0,0.0006453793548387097,0.0,0.0,0.0,0.0,7.677419354838709,0.5483870967741936,0.0967741935483871,3.032258064516129,-0.05976774193548386,0.0,-0.02000676,53,0.15830127258715593,0,-1.9146148777386025,-2.1338273299381667,0.0,-0.014004731999999997,0.09516129032258067,11.656358288548386,3.4419845161290326,3.4419845161290326,0.5276709086238531,0.0,0.0,0.0,0.0,0.00011789241708005547,0.5522676511966305
Lewis Cook,Bournemouth,M,10,22.72727273,85,25,46.2962963,244,179,423,86.32653061,9,36.0,16,16,1,62,0,0,1,1,26,3,6,34,0,0,0.53525895,0.077,8,0,0.0,0,1,18,16,2,0,0,0.0,33,64.70588235,0,0,0,67,24,11,0,8,892,0,0,0,0,0,0.0,0,0,0,0,118,5,0,6.88,1,0,0,0,0,0,0,0.0,0.0,0,0,3,2,0,3,75.0,25,16,64.0,11,4,44,42,55.26315789,54,300,190,490,3,0,674,5,1,0.0,0.10089686098654709,0.007769058295964125,0.054005947869955155,1.109865470852018,0.3026905829596413,1.6143497757847534,2.4215246636771304,6.25560538116592,0.9080717488789237,0.6053811659192826,0.0,0.0,-0.077,0.46474105,60,0.2322540545094555,1,-1.1654300331635714,3.191922308024017,-0.077,0.24831873499999996,1.3822869955156951,14.914835338557175,0.25,6.3417190285260086,0.5082568807339447,0.0,0.17075392376681614,0.2975513919104915,0.009934967493351555,0.11813094650288339,0.8394459239022964
Tyler Adams,Bournemouth,M,0,0.0,154,24,43.63636364,371,341,712,87.04156479,18,47.36842105,20,18,1,76,0,0,1,4,32,8,16,77,0,1,0.37567296,0.5319,28,0,25.0,2,3,24,20,4,1,1,0.0,54,48.64864865,0,0,0,106,28,3,0,18,1420,1,0,0,0,0,0.0,0,0,0,0,142,5,0,6.852941176,0,2,0,0,0,0,0,710.0,0.0,0,3,5,1,6,5,45.45454545,40,18,45.0,3,11,1,72,48.32214765,55,442,376,818,8,0,1050,12,7,0.1267605633802817,0.06338028169014084,0.03371197183098592,0.023810258028169013,0.1901408450704225,0.31690140845070425,1.1408450704225352,1.7746478873239437,4.816901408450704,1.1408450704225352,1.0140845070422535,0.0,0.0,1.4681,0.62432704,62,0.21862947174156563,1,-1.4380207859487224,1.1429136695993325,1.4681,1.9051289279999999,1.0077464788732395,14.332961930894365,1.0,6.696785639332394,0.48839719339449505,0.15480153649167733,0.10726232394366197,0.0509761539534235,0.043110417185518696,0.05134969439820696,0.8746103210396552
Veljko Milosavljevi?,Bournemouth,D,0,0.0,19,8,30.76923077,47,113,160,84.21052632,11,40.74074074,16,7,0,13,0,1,0,1,25,1,2,19,0,0,0.19614632,0.1513,0,0,0.0,0,0,6,3,3,0,0,0.0,6,66.66666667,0,0,0,30,4,1,0,4,375,0,0,0,0,0,0.0,0,0,0,0,34,0,0,6.8,0,0,0,0,0,0,0,0.0,0.0,0,1,0,1,0,1,100.0,5,4,80.0,1,1,0,17,47.22222222,26,70,120,190,1,0,248,0,0,0.0,0.0,0.036312,0.047075116800000004,0.24,0.24,0.96,0.96,3.1199999999999997,2.64,0.48,0.0,0.0,-0.1513,-0.19614632,31,0.1491574003013585,1,-1.5661800590818158,0.038679901648896356,-0.1513,-0.288602424,1.0799999999999998,13.507347727199999,0.25,3.9815465681999997,0.44954128440366947,0.0,0.0,0.06434323432343235,0.04643529831742783,0.10280261390300725,0.6057037493872817
Álex Jiménez,Bournemouth,D,8,19.51219512,182,32,46.37681159,322,247,569,80.36723164,12,37.5,20,27,0,108,2,0,8,2,35,17,20,112,0,0,1.40808469,1.1061,26,0,5.0,1,1,35,29,6,1,0,0.0,103,52.82051282,0,0,0,139,24,12,0,22,1971,0,0,0,0,1,0.0,0,0,0,0,276,9,0,6.796296296,0,1,0,0,0,0,0,1971.0,0.0,0,9,11,8,4,32,52.45901639,55,41,74.54545455,12,61,41,115,50.66079295,69,418,290,708,20,0,1215,16,9,0.045662100456621,0.0,0.0505068493150685,0.06429610456621004,0.547945205479452,1.461187214611872,1.872146118721461,1.095890410958904,4.931506849315069,0.547945205479452,0.91324200913242,0.0,0.0,-0.10610000000000008,-1.40808469,80,0.17648177083576913,1,-0.5099839920331493,1.5847443826987493,-0.10610000000000008,-1.091759283,0.9566210045662099,13.495816306388129,0.5,3.7841627868867582,0.44682296954128464,0.0557631105576311,0.0,0.1469023614690236,0.06458748113622442,0.14088881532885927,0.5861556379531789
Amine Adli,Bournemouth,F,2,5.0,119,2,20.0,187,112,299,76.86375321,26,50.0,26,27,1,59,1,3,5,0,17,9,7,79,0,0,1.58659656,2.5398,26,0,15.78947368,3,4,16,15,1,3,0,0.0,64,54.7008547,1,0,1,90,6,15,2,10,1050,4,0,0,0,0,0.0,0,0,0,1,171,5,0,6.784615385,0,0,0,0,0,0,0,350.0,0.0,1,12,7,5,9,8,38.0952381,34,15,44.11764706,15,21,40,90,53.25443787,10,258,131,389,19,1,635,22,2,0.2571428571428571,0.08571428571428572,0.21769714285714284,0.13599399085714287,1.2857142857142856,0.6857142857142857,1.2857142857142856,0.5142857142857142,5.057142857142858,2.2285714285714286,0.6000000000000001,0.0,0.0,0.46019999999999994,-0.58659656,31,0.318536548642223,0,0.7914502776973937,0.03148363968796646,0.46019999999999994,0.04958240799999991,0.9599999999999999,13.2778471935,0.0,2.124863885025,0.4382498238532113,0.314025974025974,0.14505952380952383,0.3446958981612447,0.2783881849367463,0.2994569634604266,0.4218252171847024
Eli Junior Kroupi,Bournemouth,F,1,11.11111111,80,8,57.14285714,146,90,236,72.83950617,6,26.08695652,17,26,0,48,2,3,10,0,26,14,6,69,0,1,0.98573847,5.9088,15,0,26.47058824,9,9,18,17,1,7,2,0.0,24,31.57894737,1,0,0,88,8,19,2,14,1168,4,0,0,1,0,100.0,0,1,0,0,161,14,0,6.78,0,6,0,0,0,0,0,129.7777778,0.0,0,24,10,8,16,8,32.0,8,6,75.0,19,25,9,30,30.3030303,14,214,110,324,34,0,532,8,3,0.6934931506849314,0.0,0.4553013698630137,0.07595587525684931,1.4640410958904109,0.6164383561643836,0.46232876712328763,0.6164383561643836,3.698630136986301,0.46232876712328763,0.46232876712328763,0.0,0.0,3.0911999999999997,-0.98573847,34,0.45928331624666613,2,1.6378635831705601,-1.9451718465100967,3.0911999999999997,2.4011830709999997,0.3698630136986301,12.381986812122433,0.0,3.6951716264382277,0.4348623853211011,0.8469022415940223,0.0,0.39250474705004745,0.5822332819432305,0.16667574353133277,0.5773423043067974
Ryan Christie,Bournemouth,M,3,20.0,111,17,39.53488372,204,113,317,76.57004831,8,44.44444444,10,21,0,45,1,0,9,0,15,12,9,62,0,1,0.57532068,1.5997,14,0,10.0,2,2,12,11,1,2,0,0.0,51,49.51456311,0,0,0,97,8,8,1,5,716,1,0,0,0,0,0.0,0,0,0,0,152,10,0,6.757142857,0,1,0,0,0,0,0,358.0,0.0,0,7,13,5,6,15,46.875,20,11,55.0,8,32,15,59,48.76033058,43,276,138,414,20,0,595,16,2,0.25139664804469275,0.0,0.20107960893854748,0.07231684525139664,1.005586592178771,1.8854748603351954,1.38268156424581,1.005586592178771,5.656424581005587,1.005586592178771,1.1312849162011174,0.0,0.0,0.4003000000000001,-0.57532068,25,0.2683310827601449,0,0.7102757796116452,0.7272814108550645,0.4003000000000001,-0.0024244759999998977,0.8170391061452513,13.269647910326817,0.0,5.470297194959778,0.4180865005504586,0.3070086338242763,0.0,0.2695945572210853,0.25713790555775445,0.15862760879806645,0.7531437414467411
Marcus Tavernier,Bournemouth,M,13,15.11627907,334,25,39.68253968,524,207,731,83.16268487,20,40.0,30,27,4,115,5,7,16,4,34,33,14,142,0,0,3.21575082,7.1836,25,1,8.620689655,5,9,39,33,6,3,2,0.0,86,43.43434343,0,0,4,148,14,38,5,24,2126,4,0,1,2,0,100.0,0,2,0,0,363,18,0,6.718518519,0,0,0,0,0,0,0,425.2,16.66666667,6,25,33,23,19,25,37.31343284,32,18,56.25,37,67,86,106,42.74193548,63,643,236,879,58,0,1396,29,4,0.2116650987770461,0.16933207902163688,0.3041034807149577,0.1361324429915334,1.6086547507055504,1.0583254938852305,0.7619943555973658,0.5926622765757291,4.86829727187206,0.8466603951081844,0.5926622765757291,0.0,0.0,-2.1836,0.7842491800000002,52,0.3424373359254195,0,1.6573460226732233,-0.05201023113642269,-2.1836,-1.6346255740000002,0.5249294449670743,14.288539321962842,1.0,5.1665513881785525,0.38973836256880734,0.2584879842640896,0.2865710253998119,0.4312752065422911,0.38888345027448834,0.299763166330426,0.7230619543865471
Adrien Truffert,Bournemouth,D,26,21.13821138,292,32,31.68316832,561,492,1053,82.84815106,39,44.82758621,48,31,3,159,4,0,5,9,123,22,25,160,1,1,2.43426082,0.4428,32,0,0.0,0,3,45,38,7,0,0,0.0,132,54.09836066,0,0,0,218,40,24,0,31,2750,0,0,0,0,0,0.0,0,0,0,0,426,5,0,6.696774194,0,0,0,0,0,0,0,0.0,0.0,0,5,7,5,2,26,44.06779661,83,44,53.01204819,24,59,123,171,51.66163142,101,703,568,1271,12,1,2130,23,3,0.0,0.09818181818181819,0.014491636363636363,0.07966671774545454,0.7854545454545455,0.850909090909091,1.44,1.309090909090909,5.203636363636363,1.2763636363636364,0.8181818181818181,0.0,0.0,-0.4428,0.56573918,182,0.1788054353473057,1,-0.4775654555266589,1.6061168626431648,-0.4428,-0.04678257400000002,1.0292727272727271,14.022957520254545,2.25,4.116285630327273,0.3737792249541281,0.0,0.16615909090909092,0.21057785778577862,0.018531710113822965,0.17488269985691252,0.6190477748359102
David Brooks,Bournemouth,M,10,18.51851852,152,10,43.47826087,235,75,310,77.69423559,4,30.76923077,9,25,2,48,7,8,15,0,14,7,18,62,0,0,3.04200739,4.9385,11,0,2.325581395,1,3,18,16,2,1,0,0.0,43,44.79166667,0,0,1,89,3,23,1,12,1065,2,0,0,0,0,0.0,0,0,0,0,187,6,0,6.676,0,0,0,0,0,0,0,1065.0,0.0,2,33,10,16,12,16,48.48484848,15,9,60.0,23,33,54,47,43.11926606,23,304,95,399,43,0,645,12,7,0.08450704225352113,0.16901408450704225,0.41733802816901416,0.25707104704225353,1.943661971830986,1.352112676056338,0.76056338028169,0.2535211267605634,4.056338028169014,0.3380281690140845,1.52112676056338,0.0,0.0,-3.9385000000000003,-1.0420073900000002,8,0.3220985249440792,0,2.0834542251574133,-0.048802068719820214,-3.9385000000000003,-4.667905173,0.18169014084507043,13.412769297443662,0.0,3.5342836779464792,0.35853211009174313,0.10320102432778488,0.2860328638497653,0.5210895737461071,0.5336862700274089,0.5672328432484295,0.5614085962554263
Evanilson,Bournemouth,F,0,0.0,107,3,42.85714286,187,94,281,75.53763441,40,35.39823009,73,29,0,64,2,8,10,2,23,34,8,144,0,1,1.14927125,8.168,18,0,10.34482759,6,6,35,28,7,6,0,0.0,47,39.83050847,2,0,2,91,3,25,2,25,2206,26,0,0,0,0,0.0,0,0,0,2,201,13,0,6.644827586,0,2,0,0,0,0,0,367.6666667,0.0,0,53,5,27,21,13,48.14814815,7,3,42.85714286,25,27,3,87,37.66233766,7,258,114,372,58,0,662,27,1,0.24478694469628287,0.0,0.33323662737987303,0.046887766319129644,1.0199456029011786,0.5303717135086129,0.12239347234814144,0.12239347234814144,2.611060743427017,1.6319129646418857,0.3263825929283771,0.0,0.0,-2.1679999999999993,-1.14927125,21,0.2590606552890564,2,0.3886032069712341,-2.1700710809008625,-2.1679999999999993,-2.972489874999999,0.35698096101541255,12.352113249951948,0.5,-0.34085232265566584,0.3356532741284397,0.2989367839775818,0.0,0.27344416218593753,0.4261385272823844,0.10238826669781037,0.17763040608154052
Bafodé Diakité,Bournemouth,D,0,0.0,85,34,47.22222222,244,415,659,87.98397864,35,49.29577465,36,18,0,48,0,0,0,4,83,1,3,51,0,1,0.18310612,0.0185,8,0,0.0,0,0,27,24,3,0,0,0.0,25,62.5,0,0,0,90,12,3,0,15,1286,2,0,0,0,1,0.0,0,0,0,0,100,2,0,6.629411765,0,0,0,0,0,0,0,0.0,0.0,0,1,0,1,0,0,0.0,20,15,75.0,3,3,1,60,54.05405405,72,308,441,749,1,0,922,5,1,0.0,0.0,0.0012947122861586312,0.01281458071539658,0.2099533437013997,0.0,1.0497667185069985,0.8398133748055988,3.3592534992223952,2.44945567651633,0.2099533437013997,0.0,0.0,-0.0185,-0.18310612,107,0.10591041234148986,1,-1.7402627773391177,-0.04284189229791466,-0.0185,-0.146674284,1.077760497667185,14.114097486279938,1.0,4.153179527570296,0.3243389100917433,0.0,0.0,0.05628782162819704,0.001655660697373183,0.02703148532487881,0.6227016009494165
Justin Kluivert,Bournemouth,M,8,19.04761905,133,12,75.0,193,78,271,81.62650602,6,21.42857143,22,18,0,44,3,1,5,0,2,15,9,74,0,0,1.52075206,2.2492,15,0,12.5,2,2,18,14,4,1,1,0.0,30,36.58536585,0,0,1,61,4,21,0,10,920,2,0,0,0,0,0.0,0,0,0,0,148,10,0,6.577777778,0,2,0,0,0,0,0,460.0,0.0,3,5,11,7,4,11,44.0,10,6,60.0,21,25,42,36,32.72727273,16,239,93,332,16,0,510,9,4,0.1956521739130435,0.0,0.22003043478260872,0.14876922326086955,2.0543478260869565,1.0760869565217392,0.5869565217391304,0.391304347826087,4.304347826086957,0.5869565217391304,0.8804347826086957,0.0,0.0,-0.2492000000000001,-1.52075206,3,0.25641773479882,0,1.3276887276545368,-0.6672661311738023,-0.2492000000000001,-1.3137264419999999,0.30815217391304345,14.07627690446739,0.0,5.166650619769565,0.28644240587155956,0.23893280632411068,0.0,0.5507640981489453,0.2813719673398266,0.3277108639448753,0.7230717818920595
Adam Smith,Bournemouth,D,1,10.0,54,9,20.0,106,95,201,75.8490566,12,50.0,12,18,1,22,1,0,0,3,29,1,8,33,0,0,0.22420607,0.0,14,0,0.0,0,1,15,13,2,0,0,0.0,19,47.5,0,0,0,64,6,4,0,11,826,0,0,0,0,0,0.0,0,0,0,0,91,0,0,6.44375,0,0,0,0,0,0,0,0.0,0.0,0,0,0,0,0,1,100.0,12,10,83.33333333,4,1,10,31,48.4375,45,158,107,265,0,0,411,7,3,0.0,0.1089588377723971,0.0,0.02442923280871671,0.4358353510895884,0.1089588377723971,1.089588377723971,0.6537530266343826,2.3970944309927362,1.3075060532687652,0.8716707021791767,0.0,0.0,0.0,0.77579393,37,0.11082846837619309,1,-0.744337775929169,0.050977961957614705,0.0,0.5430557509999999,0.7082324455205811,12.135281778831718,0.75,3.540218274670278,0.1880733944954125,0.0,0.18439769975786927,0.11684606717330329,0.0,0.05271862854353621,0.5619963353153503
Dean Henderson,Crystal Palace,G,0,0.0,51,134,25.37878788,105,387,492,55.46786922,14,87.5,2,29,0,235,0,0,0,10,40,0,0,3,0,2,0.11817455,0.0,1,0,0.0,0,0,35,31,4,0,0,4.3971,3,75.0,0,19,0,395,2,1,0,29,2610,0,0,0,0,1,0.0,5,0,1,0,401,0,24,7.05862069,0,0,62,23,86,1,12,0.0,0.0,0,0,0,0,0,1,100.0,0,0,0.0,1,1,0,17,85.0,528,459,428,887,0,4,1160,5,3,0.0,0.0,0.0,0.004074984482758621,0.034482758620689655,0.034482758620689655,0.0,0.06896551724137931,8.10344827586207,0.48275862068965514,0.0,2.9655172413793105,0.1516241379310345,0.0,-0.11817455,42,0.19319309809499632,0,-1.9258931523355538,-2.013806496441519,0.0,-0.082722185,0.11724137931034483,10.359130163603446,3.739275344827586,3.739275344827586,0.6393546348623849,0.0,0.0,0.009244717575205797,0.0,0.007702859869956857,0.5817101626789363
Adam Wharton,Crystal Palace,M,21,27.63157895,228,54,46.95652174,466,357,823,79.13461538,22,46.80851064,25,27,5,134,11,0,14,5,35,22,33,120,0,2,5.9312769,1.336,29,0,0.0,0,5,33,29,4,0,0,0.0,97,50.52083333,0,0,1,217,23,32,0,26,2174,0,0,0,0,1,0.0,0,0,0,0,341,14,0,7.055555556,1,0,0,0,0,0,0,0.0,0.0,0,7,19,8,4,11,45.83333333,60,34,56.66666667,32,24,76,119,49.79079498,115,629,411,1040,26,2,1434,26,4,0.0,0.20699172033118673,0.055308187672493105,0.24554504185832568,1.3247470101195953,0.4553817847286108,1.40754369825207,0.952161913523459,5.547378104875805,0.9107635694572216,1.3661453541858326,0.0,0.0,-1.336,-0.9312769000000003,59,0.32153925000772177,0,0.39020644872582494,1.4863870361361327,-1.336,-1.9878938300000002,0.7555197792088316,13.782084547225391,1.25,4.868780242731924,0.6371049952293575,0.0,0.35030473781048754,0.3551604470474647,0.07072736819697349,0.5417417528980936,0.6935718742273592
Chris Richards,Crystal Palace,D,4,36.36363636,109,53,40.45801527,345,687,1032,84.45171849,88,57.51633987,65,26,0,52,1,0,6,9,159,9,15,105,2,1,1.24970626,1.13,14,0,10.0,1,1,31,28,3,1,0,0.0,57,58.7628866,1,0,0,190,40,9,0,26,2333,0,0,0,0,0,0.0,0,0,0,0,290,0,0,7.003846154,0,0,0,0,0,0,0,2333.0,0.0,0,10,0,3,1,4,66.66666667,50,31,62.0,9,6,11,145,58.0,131,468,754,1222,10,0,1717,3,3,0.03857693956279468,0.0,0.04359194170595799,0.048209842863266184,0.34719245606515214,0.15430775825117873,1.1958851264466352,1.5430775825117875,2.006000857265324,3.3947706815259324,0.5786540934419202,0.0,0.0,-0.1299999999999999,-1.24970626,215,0.21106025619384017,1,-1.6033655728352711,0.8899061656431796,-0.1299999999999999,-1.0047943819999998,1.473639091298757,13.302827808154952,2.25,4.059171249517992,0.5991531405504587,0.047110626193352295,0.0,0.09308118981636697,0.055744790079094594,0.10531219151814954,0.6133913917576177
Daniel Muñoz,Crystal Palace,M,12,24.48979592,146,21,37.5,268,225,493,78.12995246,33,45.83333333,39,21,2,82,5,0,6,9,70,6,16,95,0,0,3.35101335,1.9788,24,0,15.78947368,3,5,20,19,1,3,0,0.0,65,53.71900826,1,0,0,138,22,20,0,21,1781,6,0,0,0,0,0.0,0,0,0,0,227,6,0,6.961904762,0,2,0,0,0,0,0,593.6666667,0.0,0,17,2,5,8,1,8.333333333,51,32,62.74509804,20,12,49,98,50.77720207,56,369,262,631,19,1,1068,13,5,0.15160022459292533,0.10106681639528356,0.09999550814149354,0.16933812549129704,1.0106681639528354,0.05053340819764178,1.617069062324537,1.1117349803481191,4.143739472206626,1.6676024705221786,0.8085345311622685,0.0,0.0,1.0212,-1.3510133500000001,108,0.30443428611213913,1,-0.30128183473532427,1.1318565490635195,1.0212,0.07549065500000007,1.111734980348119,13.151496125807974,2.25,5.513141708392815,0.5683704675229349,0.18513603185136032,0.17104154969118476,0.2709569104018768,0.12787291393900185,0.37320136449524677,0.757386893124942
Jaydee Canvot,Crystal Palace,D,0,0.0,72,21,53.84615385,158,205,363,87.46987952,21,63.63636364,12,13,0,28,0,1,0,3,56,2,10,33,1,1,0.22431768,0.7864,9,0,0.0,0,0,9,8,1,0,0,0.0,27,56.25,0,0,0,52,6,2,0,7,717,0,0,0,0,1,0.0,0,0,0,0,67,3,0,6.9,0,0,0,0,0,0,0,0.0,0.0,0,3,0,3,0,1,50.0,23,15,65.2173913,2,2,3,48,59.25925926,39,190,225,415,3,2,559,3,2,0.0,0.0,0.09871129707112972,0.028157030962343097,0.2510460251046025,0.12552301255230125,1.8828451882845187,0.7531380753138075,3.514644351464435,2.6359832635983262,1.2552301255230125,0.0,0.0,-0.7864,-0.22431768,67,0.1795994979125458,1,-1.6023253638860935,0.8725485138892053,-0.7864,-0.943422376,1.2238493723849373,14.094048382393305,0.75,4.1163083626292885,0.522935779816514,0.0,0.0,0.06730463841363216,0.12623068205546784,0.06096308427867782,0.6190500261534704
Ismaïla Sarr,Crystal Palace,F,1,6.25,108,7,43.75,187,83,270,71.42857143,21,28.76712329,52,20,1,62,3,6,7,7,25,37,6,119,0,2,0.66416741,7.9698,11,0,20.58823529,7,8,19,18,1,7,0,0.0,62,48.0620155,1,0,2,108,8,14,1,20,1730,12,0,0,2,0,100.0,0,2,0,1,219,8,0,6.895,0,5,0,0,0,0,0,247.1428571,0.0,0,27,7,13,14,10,37.03703704,17,9,52.94117647,14,27,16,83,41.08910891,16,272,106,378,34,1,701,35,2,0.36416184971098264,0.05202312138728324,0.41461387283236995,0.034552061791907514,0.7283236994219653,0.5202312138728323,0.4682080924855491,0.4161849710982659,3.2254335260115607,1.092485549132948,0.31213872832369943,0.0,0.0,-0.9698000000000002,0.33583259,36,0.36687736896260525,2,0.4815626066055243,-1.6467558186019937,-0.9698000000000002,-0.7347171870000002,0.46040462427745665,11.784195406248555,1.75,1.2626318831150287,0.519266055045871,0.4447188649500788,0.08804190751445087,0.19526126023006926,0.5302026567392373,0.07510643282557286,0.33643315942167246
Maxence Lacroix,Crystal Palace,D,2,40.0,78,69,48.5915493,338,816,1154,87.89032749,93,59.61538462,63,28,2,76,3,2,6,10,203,6,7,105,0,2,0.8083556,2.0649,26,0,5.0,1,3,32,28,4,1,0,0.0,70,62.5,1,0,1,159,35,5,0,28,2486,0,0,0,0,2,0.0,0,0,0,0,192,1,0,6.892857143,1,0,0,0,0,0,0,2486.0,0.0,0,18,2,10,4,5,55.55555556,50,31,62.0,5,9,5,163,60.82089552,142,447,866,1313,20,2,1774,16,3,0.036202735317779566,0.07240547063555913,0.07475502815768302,0.02926468382944489,0.18101367658889783,0.18101367658889783,1.1222847948511665,1.2670957361222848,2.751407884151247,3.3668543845534997,0.25341914722445696,0.0,0.0,-1.0649000000000002,1.1916444,262,0.20770699119874064,1,-1.3184204899954008,0.6086553433429253,-1.0649000000000002,-0.23074892000000025,1.408286403861625,13.942072052301288,2.5,4.295877517392297,0.5176933159633021,0.04421121919110656,0.12253620273531779,0.048529189202106054,0.09559572684593876,0.06341278639676055,0.6368338472155681
Daichi Kamada,Crystal Palace,M,6,19.35483871,128,24,52.17391304,258,252,510,82.92682927,13,52.0,12,20,0,82,3,1,5,1,19,14,19,79,0,2,2.07332991,1.3912,26,0,0.0,0,0,17,16,1,0,0,0.0,79,54.10958904,0,0,0,105,9,14,0,17,1488,1,0,0,0,0,0.0,0,0,0,1,186,10,0,6.85,0,0,0,0,0,0,0,0.0,0.0,0,9,7,7,4,11,55.0,49,29,59.18367347,14,20,31,92,53.80116959,46,336,279,615,16,0,871,20,2,0.0,0.0,0.08414516129032258,0.12540301875,0.8467741935483871,0.6653225806451614,1.7540322580645162,0.5443548387096774,4.959677419354839,0.7862903225806451,1.1491935483870968,0.0,0.0,-1.3912,-2.07332991,38,0.19068454891327183,1,-0.6969429306705535,0.8463337414163283,-1.3912,-2.842530937,0.7620967741935484,14.006665467768146,0.25,4.618073167145968,0.48623853211009127,0.0,0.0,0.2270174598104972,0.10760370308669887,0.2760338066447827,0.6687428339776196
Yéremy Pino,Crystal Palace,F,13,20.0,195,30,49.18032787,305,193,498,73.02052786,19,35.18518519,35,27,1,81,10,5,18,1,17,28,27,132,0,0,4.77278057,3.9438,25,0,5.263157895,2,3,20,17,3,1,1,0.0,67,40.85365854,0,0,2,184,7,38,0,21,1739,8,0,0,0,0,0.0,0,0,0,0,323,15,0,6.833333333,0,2,0,0,0,0,0,869.5,0.0,4,21,17,10,10,16,43.24324324,30,17,56.66666667,38,37,65,86,39.44954128,61,454,228,682,38,1,1033,21,4,0.10350776308223117,0.051753881541115584,0.20410695802185164,0.2470099202415181,1.9666474985623923,0.8280621046578494,0.879815986198965,0.36227717078780913,4.192064404830362,0.9833237492811961,1.3973548016101207,0.0,0.0,-1.9438,-3.77278057,14,0.29650903172552595,0,1.1139253196126957,-0.13795229380743537,-1.9438,-4.584746399,0.40368027602070156,12.751174384764807,0.25,-1.4855156139332089,0.4740061159633022,0.12640493491557322,0.0875862564692352,0.5272519201316337,0.261009238940499,0.5449815004621743,0.06426746702166805
Will Hughes,Crystal Palace,M,11,28.94736842,146,19,44.18604651,288,187,475,81.7555938,17,43.58974359,22,27,0,56,1,1,7,2,25,13,10,67,0,1,1.66657375,1.0906,19,0,0.0,0,0,13,12,1,0,0,0.0,52,53.60824742,0,0,0,106,11,19,0,15,1304,0,0,0,0,1,0.0,0,0,0,0,159,0,0,6.788461538,0,0,0,0,0,0,0,0.0,0.0,0,10,7,10,0,10,66.66666667,24,14,58.33333333,19,15,38,69,50.73529412,43,368,213,581,17,0,806,19,7,0.0,0.0,0.07527147239263804,0.11502426188650307,1.3113496932515336,0.6901840490797546,0.9662576687116565,0.75920245398773,3.865030674846626,1.1733128834355828,0.6901840490797546,0.0,0.0,-1.0906,-1.66657375,40,0.19468272178296453,1,-0.24274198969892383,0.2921223683987517,-1.0906,-2.257201625,0.6970858895705521,13.717325196821317,0.5,4.723466606642637,0.44107268844036707,0.0,0.0,0.3515686691368523,0.09625614880326559,0.25307998832614376,0.6791805846681624
Tyrick Mitchell,Crystal Palace,M,18,21.17647059,186,30,25.86206897,339,305,644,72.35955056,18,33.96226415,35,30,1,141,2,2,3,11,81,23,17,115,0,1,1.61687229,1.0925,19,0,7.692307692,1,2,35,31,4,1,0,0.0,115,58.97435897,0,0,1,246,28,22,0,30,2669,5,0,0,0,0,0.0,0,0,0,0,431,4,0,6.77,0,1,0,0,0,0,0,2669.0,0.0,0,9,4,5,5,14,37.83783784,80,49,61.25,22,37,85,133,53.62903226,116,495,395,890,13,1,1631,21,5,0.03372049456725365,0.03372049456725365,0.036839640314724614,0.05452173327088798,0.7418508804795804,0.47208692394155116,1.652304233795429,0.9441738478831023,4.754589733982765,0.6069689022105658,0.5732484076433121,0.0,0.0,-0.09250000000000003,-0.6168722900000001,141,0.18450948255372587,1,-0.839827394150447,1.113485382513229,-0.09250000000000003,-0.5243106030000001,0.8969651554889472,12.315858258981267,2.75,4.896012093490296,0.42752293577981604,0.04117987669879764,0.057067253653053575,0.19888785431559267,0.04711003767132018,0.11927166542906405,0.6962688093536386
Jefferson Lerma,Crystal Palace,M,3,33.33333333,101,37,47.43589744,240,280,520,79.51070336,52,59.09090909,36,24,2,71,2,2,4,5,48,7,11,77,0,1,0.94192313,1.0367,19,0,0.0,0,2,15,13,2,0,0,0.0,36,46.75324675,0,0,0,134,16,11,0,13,1254,0,1,1,0,0,0.0,0,0,0,0,192,1,0,6.752173913,0,0,0,0,0,0,0,0.0,0.0,0,8,6,4,6,2,33.33333333,20,13,65.0,10,6,9,88,53.33333333,78,339,315,654,14,0,895,14,6,0.0,0.14354066985645933,0.0744043062200957,0.06760213851674642,0.7894736842105263,0.14354066985645933,0.9330143540669856,1.1483253588516746,5.095693779904306,3.7320574162679425,0.7894736842105263,0.0,0.0,-1.0367,1.0580768699999998,66,0.2141794295013245,1,-0.678993385178154,0.7769256403425883,-1.0367,-0.29604619100000007,1.2990430622009568,13.493745273078947,1.25,5.53888824527177,0.4144395691743119,0.0,0.2429226475279107,0.21165537606392218,0.09514722833860417,0.14820049086514267,0.7599367286210679
Jean-Philippe Mateta,Crystal Palace,F,4,50.0,57,11,61.11111111,110,65,175,62.72401434,58,41.42857143,82,24,0,52,2,17,7,5,41,36,9,157,0,1,1.24703171,12.0786,17,0,14.54545455,8,8,23,21,2,8,0,0.0,37,33.03571429,3,0,1,104,5,6,2,23,1944,16,0,0,3,0,100.0,0,3,0,1,219,12,0,6.7125,0,3,0,0,0,0,0,243.0,0.0,0,45,10,22,26,14,46.66666667,8,4,50.0,6,30,8,95,37.6984127,18,203,76,279,55,1,595,15,2,0.3703703703703704,0.0,0.5591944444444444,0.05773294953703704,0.2777777777777778,0.6481481481481481,0.1851851851851852,0.23148148148148148,2.4074074074074074,2.685185185185185,0.41666666666666663,0.0,0.0,-4.0786,-1.24703171,41,0.3113512622414236,2,0.08362814527574078,-2.481112979046496,-4.0786,-4.951522196999999,0.6087962962962963,10.122109462458331,1.25,-2.1344455987516198,0.3853211009174311,0.452300785634119,0.0,0.07447133602249115,0.7150903515429087,0.1263736407161321,0.0
Chadi Riad,Crystal Palace,D,0,0.0,24,11,47.82608696,89,143,232,87.87878788,11,52.38095238,10,6,1,12,1,1,0,0,12,2,4,20,0,1,0.05554364,0.1062,4,0,0.0,0,1,3,3,0,0,0,0.0,7,41.17647059,0,0,0,32,1,1,0,3,314,0,0,0,0,0,0.0,0,0,0,0,42,0,0,6.65,0,0,0,0,0,0,0,0.0,0.0,0,2,0,1,1,1,100.0,4,2,50.0,1,1,6,18,47.36842105,23,109,155,264,2,0,311,2,2,0.0,0.28662420382165604,0.030439490445859873,0.01592015159235669,0.28662420382165604,0.28662420382165604,0.5732484076433121,0.28662420382165604,3.4394904458598723,3.1528662420382165,1.1464968152866242,0.0,0.0,-0.1062,0.94445636,11,0.21426820997927382,0,0.22370280769673043,-0.604336321674837,-0.1062,0.554919452,0.7452229299363058,14.145989302700638,0.0,4.066869001436943,0.3394495412844041,0.0,0.4850716560509554,0.07684303462193354,0.03892561190471462,0.03389981364424752,0.6141537467561012
Edward Nketiah,Crystal Palace,F,0,0.0,20,1,50.0,35,35,70,80.45977011,8,26.66666667,22,12,0,17,1,1,6,0,10,11,3,53,0,0,0.47610932,1.77,7,0,13.33333333,2,2,12,10,2,2,0,0.0,20,39.21568627,0,0,0,17,2,7,1,2,416,3,0,0,0,0,0.0,0,0,0,0,68,1,0,6.625,0,1,0,0,0,0,0,208.0,0.0,0,13,2,3,6,5,31.25,8,6,75.0,7,16,1,28,34.56790123,2,46,41,87,15,0,216,7,2,0.4326923076923077,0.0,0.3829326923076923,0.10300442019230768,1.5144230769230769,1.0817307692307694,1.2980769230769231,0.4326923076923077,3.6778846153846154,1.7307692307692308,0.6490384615384616,0.0,0.0,0.22999999999999998,-0.47610932,15,0.33830326609361483,2,1.4510332545802855,-0.5156377916109255,0.22999999999999998,-0.10327652399999998,0.8329326923076924,13.544235852317307,0.0,2.037471254078365,0.32110091743119273,0.5284090909090909,0.0,0.40601199543031224,0.4896891882243746,0.2264967215538261,0.41317019559732526
Brennan Johnson,Crystal Palace,F,12,23.52941176,70,8,22.85714286,118,65,183,66.06498195,12,54.54545455,10,27,1,37,1,1,5,2,22,8,10,53,0,1,0.91170525,1.8356,13,0,11.76470588,2,3,13,13,0,2,0,0.0,34,44.15584416,0,0,0,94,3,14,0,13,1261,11,0,0,0,0,0.0,0,0,0,0,183,8,0,6.618518519,0,2,0,0,0,0,0,630.5,0.0,1,12,5,7,5,6,30.0,20,14,70.0,14,20,51,46,46.46464646,35,189,88,277,17,0,505,9,5,0.14274385408406026,0.07137192704203013,0.1310103092783505,0.06507016058683585,0.9992069785884219,0.4282315622521808,0.9992069785884219,0.2141157811260904,2.640761300555115,0.8564631245043616,0.7137192704203013,0.0,0.0,0.1644000000000001,0.08829474999999998,29,0.21957675912506977,2,0.3392398188229552,-0.6980596521128135,0.1644000000000001,0.2262063250000001,0.47819191118160187,10.935927600291436,0.5,1.8578630749118756,0.31634386715596285,0.17432052483598875,0.12078707375099128,0.2678842031705153,0.16753422543508176,0.14260072953010464,0.3953825097121766
Nathaniel Clyne,Crystal Palace,D,2,13.33333333,35,3,27.27272727,71,49,120,77.41935484,2,25.0,6,8,1,16,2,0,1,0,19,1,3,17,0,0,0.67362709,0.4306,4,0,0.0,0,1,9,7,2,0,0,0.0,19,63.33333333,0,0,0,35,5,3,0,6,506,0,0,0,0,0,0.0,0,0,0,0,62,3,0,6.6125,0,0,0,0,0,0,0,0.0,0.0,0,3,0,2,0,4,57.14285714,14,9,64.28571429,3,7,15,21,55.26315789,11,94,61,155,3,0,260,1,1,0.0,0.17786561264822134,0.0765889328063241,0.11981509505928853,0.533596837944664,0.7114624505928854,1.6007905138339922,0.8893280632411067,2.8458498023715415,0.3557312252964427,0.533596837944664,0.0,0.0,-0.4306,0.32637291,30,0.18503298225774462,1,-0.019627725793875832,1.2312679089689047,-0.4306,-0.20213896299999998,0.8181818181818182,12.541078343638338,0.0,3.5958578323686754,0.3119266055045866,0.0,0.30101284584980237,0.14305560990881694,0.09794089950085631,0.2636754686605751,0.5675066577278407
Evann Guessand,Crystal Palace,F,0,0.0,59,1,50.0,99,46,145,81.92090395,10,43.47826087,13,19,2,42,2,3,1,1,9,28,5,86,1,0,0.92200842,1.5599,15,0,9.090909091,1,3,15,14,1,1,0,0.0,57,43.84615385,0,0,1,32,5,5,0,9,896,0,0,0,0,0,0.0,0,0,0,0,124,3,0,6.547368421,0,1,0,0,0,0,0,896.0,0.0,0,11,0,4,6,13,34.21052632,24,13,54.16666667,5,38,11,67,43.79084967,2,124,53,177,11,0,397,20,0,0.10044642857142856,0.20089285714285712,0.15668638392857143,0.09261245290178573,0.5022321428571429,1.3058035714285714,1.3058035714285714,0.5022321428571429,4.21875,1.0044642857142858,0.5022321428571429,0.0,0.0,-0.5599000000000001,1.07799158,22,0.2181342041317258,0,0.8117072511835538,0.41954788168775903,-0.5599000000000001,0.1946941059999998,0.7332589285714286,13.541757455725445,0.25,2.2506100907159596,0.26412361174311894,0.12266639610389608,0.3399832589285714,0.13464683521923623,0.20036844514216356,0.2035136868515844,0.4342786255899328
Justin Devenny,Crystal Palace,M,0,0.0,51,8,36.36363636,85,56,141,71.93877551,6,25.0,18,18,0,24,0,4,4,1,8,10,14,61,0,0,0.35114287,2.6207,10,0,7.692307692,1,1,10,8,2,1,0,0.0,24,35.82089552,0,0,1,55,0,7,1,5,638,1,0,0,1,0,100.0,0,1,0,0,113,2,0,6.470588235,0,0,0,0,0,0,0,638.0,0.0,1,10,3,5,4,2,16.66666667,16,8,50.0,7,12,9,30,32.96703297,22,128,68,196,13,0,347,6,0,0.14106583072100312,0.0,0.36969122257053283,0.04953426065830721,0.987460815047022,0.28213166144200624,1.128526645768025,0.0,3.3855799373040756,0.8463949843260189,1.974921630094044,0.0,0.0,-1.6206999999999998,-0.35114287,2,0.19238506165822022,2,-0.11380188416683283,-0.9349216808106989,-1.6206999999999998,-1.8665000089999997,0.2680250783699059,11.995206161257054,0.25,4.105087476576803,0.20777118165137587,0.17227130236534624,0.0,0.2647350941990751,0.47275617441609663,0.10824129428500066,0.6179387538418144
Jørgen Strand Larsen,Crystal Palace,F,0,0.0,84,5,35.71428571,159,90,249,65.18324607,64,41.83006536,89,28,1,29,1,4,7,2,32,22,10,175,0,0,0.67336743,4.1575,46,0,12.5,4,5,31,25,6,4,0,0.0,29,25.2173913,1,0,1,133,4,9,0,20,1874,10,0,0,2,0,50.0,0,1,0,0,230,5,0,6.414285714,0,3,0,0,0,0,0,468.5,0.0,0,28,4,13,12,5,33.33333333,7,2,28.57142857,9,15,3,93,34.70149254,14,264,118,382,32,1,635,17,4,0.192102454642476,0.048025613660619,0.19966648879402346,0.03233888404482391,0.43223052294557096,0.240128068303095,0.096051227321238,0.192102454642476,1.392742796157951,3.073639274279616,0.48025613660619,0.0,0.0,-0.15749999999999975,0.32663257,28,0.16775429313318085,2,-0.1694990856564046,-2.2201808830118,-0.15749999999999975,0.07114279900000023,0.6339381003201708,10.285038013581643,0.5,1.6595066113192636,0.16644823045871515,0.2345978461239934,0.08127668089647813,0.11587962424844406,0.2553308264800573,0.07021173487845328,0.375738067660327
Ethan Ampadu,Leeds United,M,9,36.0,221,63,50.0,544,624,1168,84.88372093,49,67.12328767,24,28,1,148,1,2,7,4,67,10,14,84,0,3,1.99667558,1.8079,36,0,5.0,1,2,41,36,5,1,0,0.0,105,63.63636364,0,0,0,208,39,16,0,28,2493,0,0,1,0,1,0.0,0,0,0,0,367,12,0,7.139285714,0,1,0,0,0,0,0,2493.0,0.0,0,8,12,8,5,10,66.66666667,69,38,55.07246377,15,15,25,154,64.70588235,126,694,682,1376,20,3,1904,28,7,0.036101083032490974,0.036101083032490974,0.06526714801444043,0.07208215090252708,0.5776173285198556,0.36101083032490977,1.371841155234657,1.407942238267148,5.342960288808665,1.7689530685920578,0.5054151624548736,0.0,0.0,-0.8079000000000001,-0.99667558,130,0.2643833602590917,1,-1.3039017734760958,1.2862459184852209,-0.8079000000000001,-1.505572906,1.180505415162455,14.288484814409745,1.0,5.3492658463963885,0.6985583222018343,0.04408708018816322,0.06109606899318091,0.15485736299261696,0.08346275303971852,0.15810855516618974,0.7411572739011518
Anton Stach,Leeds United,M,41,30.59701493,232,40,54.79452055,410,274,684,78.80184332,43,62.31884058,26,26,3,111,9,1,22,5,48,24,21,124,0,1,4.32518977,2.5477,32,3,8.333333333,4,7,34,30,4,1,3,0.0,93,48.69109948,0,0,0,184,19,58,0,25,2142,0,0,0,0,1,0.0,0,0,0,0,357,22,0,7.126923077,0,4,0,0,0,0,0,535.5,42.85714286,7,19,29,13,13,18,46.15384615,57,32,56.14035088,58,39,134,136,52.30769231,73,549,319,868,48,3,1384,20,3,0.16806722689075632,0.12605042016806722,0.10704621848739496,0.181730662605042,2.4369747899159666,0.7563025210084033,1.3445378151260505,0.7983193277310924,4.663865546218488,1.8067226890756305,0.8823529411764706,0.0,0.0,1.4523000000000001,-1.3251897699999997,78,0.4125121493762627,0,1.7724301647820622,1.0978126632961263,1.4523000000000001,0.5246671610000004,0.9390756302521008,13.884616726676471,1.25,5.95152868112101,0.6894848271559626,0.20524573465749937,0.21332282913165268,0.6533451664494181,0.13688926771355867,0.4006088901900003,0.8008030103820635
Karl Darlow,Leeds United,G,0,0.0,39,121,33.24175824,88,246,334,57.38831615,4,100.0,0,15,0,142,0,0,0,3,19,0,0,0,0,1,0.05917699,0.0,0,0,0.0,0,0,19,15,4,0,0,-2.8499,5,100.0,0,10,0,248,0,0,0,15,1350,0,0,0,0,0,0.0,2,0,0,0,250,0,8,6.906666667,0,0,24,12,36,0,6,0.0,0.0,0,0,0,0,0,1,100.0,0,0,0.0,0,1,0,9,100.0,364,307,275,582,0,1,734,5,1,0.0,0.0,0.0,0.003945132666666667,0.0,0.06666666666666667,0.0,0.0,9.466666666666667,0.26666666666666666,0.0,2.4000000000000004,-0.18999333333333335,0.0,-0.05917699,19,0.15834862392660537,0,-2.0220749923185712,-2.037213524347347,0.0,-0.041423892999999996,0.05333333333333334,10.975900372333333,1.6435023333333336,1.6435023333333336,0.5278287464220179,0.0,0.0,0.0,0.0,0.007415677596191195,0.374153067072083
Sean Longstaff,Leeds United,M,24,48.0,71,13,43.33333333,164,189,353,85.47215496,8,44.44444444,10,17,2,38,6,0,3,1,10,10,21,55,0,0,1.51332043,0.8523,10,0,7.692307692,1,3,19,15,4,1,0,0.0,55,55.0,0,0,1,60,10,22,0,10,957,1,0,0,0,0,0.0,0,0,0,0,110,5,0,6.846666667,0,1,0,0,0,0,0,957.0,0.0,1,6,7,8,2,1,16.66666667,37,22,59.45945946,22,6,50,63,53.38983051,30,205,208,413,13,1,612,17,2,0.09404388714733543,0.18808777429467086,0.08015360501567398,0.1423185357366771,2.0689655172413794,0.09404388714733543,2.0689655172413794,0.9404388714733543,3.573667711598746,0.7523510971786834,1.974921630094044,0.0,0.0,0.14770000000000005,0.48667956999999995,21,0.33096437904371984,1,1.096620765438791,2.096301800984119,0.14770000000000005,0.488375699,0.8605015673981193,14.47395773686834,0.25,6.15703368782696,0.48379204917431196,0.11484753491023084,0.3183124346917451,0.5546830545123479,0.10249935448667384,0.3134444241960656,0.8211554159577714
James Justin,Leeds United,D,5,18.51851852,67,22,39.28571429,146,213,359,76.05932203,28,50.90909091,27,22,1,50,4,1,5,4,59,7,9,62,0,1,0.97085529,0.8665,9,0,5.882352941,1,2,18,17,1,1,0,0.0,53,60.22727273,0,0,1,113,20,10,1,14,1286,2,0,0,0,0,0.0,0,0,0,0,191,0,0,6.842857143,0,0,0,0,0,0,0,1286.0,0.0,0,12,5,8,4,2,16.66666667,31,22,70.96774194,10,12,27,81,56.64335664,56,230,242,472,17,1,818,21,2,0.06998444790046657,0.06998444790046657,0.06064152410575428,0.06794477146189735,0.6998444790046656,0.13996889580093314,1.5396578538102643,1.3996889580093312,3.4992223950233283,1.9595645412130638,0.6298600311041991,0.0,0.0,0.13349999999999995,0.029144709999999963,92,0.22525174363693057,1,-0.9420811149529633,1.3794994210023974,0.13349999999999995,0.15390129699999994,1.2562208398133747,12.54563566377294,1.0,3.91322661438126,0.48099606825688035,0.08546585607238796,0.11843895800933127,0.18762607209399013,0.07754756725804668,0.14895826315679694,0.5989376105407366
Jaka Bijol,Leeds United,D,0,0.0,56,38,45.23809524,164,460,624,85.3625171,50,54.34782609,42,18,1,49,1,1,3,3,101,0,3,59,0,1,0.65472826,0.7858,15,0,8.333333333,1,2,21,21,0,1,0,0.0,32,65.30612245,1,0,1,107,22,4,0,14,1329,0,0,0,0,1,0.0,0,0,0,0,117,1,0,6.833333333,0,0,0,0,0,0,0,1329.0,0.0,0,12,0,3,6,2,100.0,21,12,57.14285714,4,2,1,82,58.15602837,84,244,487,731,12,0,943,9,3,0.06772009029345372,0.06772009029345372,0.05321444695259594,0.04433825688487584,0.27088036117381487,0.13544018058690743,0.8126410835214446,1.489841986455982,3.3182844243792324,3.3860045146726865,0.20316027088036115,0.0,0.0,0.21419999999999995,0.34527174000000005,132,0.2034966691801768,1,-1.358964724463726,0.481881251492409,0.21419999999999995,0.45589021799999996,1.3781038374717833,13.739841361726864,0.75,4.330206175614786,0.4740061159633022,0.08270059511594499,0.1146068472535741,0.07262216063592815,0.06804992066095865,0.09674973241810858,0.6402336221709961
Noah Okafor,Leeds United,F,6,18.75,85,19,79.16666667,132,58,190,75.69721116,12,41.37931034,17,24,0,46,2,3,9,0,11,20,11,106,0,0,0.97065995,4.2223,16,0,14.81481481,4,4,24,21,3,4,0,0.0,66,42.58064516,0,0,0,61,10,14,2,15,1303,0,0,0,0,0,0.0,0,0,0,0,214,7,0,6.829166667,0,2,0,0,0,0,0,325.75,0.0,0,20,7,8,10,33,43.42105263,20,13,65.0,14,76,32,78,42.39130435,24,181,70,251,27,1,560,13,3,0.2762854950115119,0.0,0.2916400613967767,0.06704481619339984,0.9669992325402916,2.2793553338449732,0.8979278587874137,0.6907137375287797,3.1772831926323866,0.8288564850345357,0.7597851112816577,0.0,0.0,-0.22229999999999972,-0.97065995,23,0.3018171536702147,2,1.394622997462181,-0.32277069624054977,-0.22229999999999972,-0.9017619649999997,0.5732924021488873,12.504113407595547,0.0,1.256624777604221,0.47094801247706375,0.3374031954231494,0.0,0.2592494092079968,0.3729453969010876,0.14696790824245767,0.335838239377379
Pascal Struijk,Leeds United,D,0,0.0,151,59,45.03816794,443,926,1369,87.98200514,94,55.62130178,75,28,1,101,1,4,7,5,178,6,13,115,0,0,0.74187592,2.5399,21,0,0.0,0,1,40,35,5,0,0,0.0,50,55.55555556,0,0,0,187,27,11,0,27,2431,5,0,0,0,0,0.0,0,0,0,0,220,1,0,6.8,0,0,0,0,0,0,0,0.0,0.0,0,24,1,14,4,2,50.0,30,19,63.33333333,11,4,2,144,55.5984556,131,564,992,1556,25,0,1936,19,4,0.0,0.03702180172768408,0.09403167420814479,0.027465583216783218,0.40723981900452494,0.07404360345536816,0.7034142328259976,0.9995886466474703,3.739201974496092,3.4800493624023034,0.48128342245989303,0.0,0.0,-2.5399,0.25812408,211,0.17579483557363262,1,-1.419244023092345,-0.08577414715506466,-2.5399,-2.359213144,1.169888934594817,14.281501597079803,1.25,3.918426788426841,0.44954128440366947,0.0,0.06265425750719869,0.10917969625016802,0.1202464431356683,0.05943386780919533,0.5994526152743749
Joe Rodon,Leeds United,D,2,40.0,113,36,43.90243902,369,793,1162,88.43226788,78,53.42465753,68,29,0,73,1,1,4,5,165,4,8,90,1,2,0.40903327,1.2123,12,0,13.33333333,2,2,46,41,5,2,0,0.0,48,68.57142857,2,0,1,152,27,5,0,29,2547,1,0,0,0,0,0.0,0,0,0,0,193,1,0,6.731034483,0,0,0,0,0,0,0,1273.5,0.0,0,15,0,7,4,1,100.0,32,17,53.125,5,1,5,126,58.33333333,82,470,844,1314,15,0,1705,17,1,0.0706713780918728,0.0,0.04283745583038869,0.014453472438162545,0.17667844522968199,0.0353356890459364,0.6007067137809188,0.9540636042402828,2.579505300353357,2.756183745583039,0.2826855123674912,0.0,0.0,0.7877000000000001,-0.40903327,201,0.1538365387373697,1,-1.5432619691672318,-0.6272794270328688,0.7877000000000001,0.501376711,1.0053003533568905,13.975167331028267,1.25,4.172178551421201,0.39892439119266054,0.0863047435485598,0.0,0.0473669275054714,0.05477996366610864,0.03065608346732109,0.6245831893601039
Brenden Aaronson,Leeds United,M,9,26.47058824,147,6,27.27272727,268,161,429,79.44444444,19,31.14754098,42,30,3,107,8,4,15,1,11,60,31,192,0,0,3.01179453,4.1405,17,0,9.756097561,4,7,27,23,4,3,1,0.0,110,42.30769231,0,0,2,111,11,26,1,24,1995,5,0,0,0,1,0.0,0,0,0,0,316,11,0,6.726666667,0,3,0,0,0,0,0,498.75,0.0,0,25,16,11,15,22,32.8358209,45,21,46.66666667,26,67,34,129,40.18691589,22,352,188,540,41,1,1051,43,1,0.18045112781954886,0.13533834586466167,0.18678947368421053,0.13587042992481202,1.1729323308270676,0.9924812030075189,0.9473684210526315,0.4962406015037594,4.827067669172933,0.8571428571428572,1.3984962406015038,0.0,0.0,-0.1405000000000003,-0.01179452999999997,12,0.29067144284107843,0,1.010903013784029,-0.11186725323767438,-0.1405000000000003,-0.14875617100000027,0.4421052631578947,13.567927506563908,0.25,5.456089586857143,0.3957186546788991,0.22036910457963088,0.22904135338345868,0.31445941586639864,0.23886387235849446,0.29918369420194935,0.7517366759596248
Ilia Gruev,Leeds United,M,4,26.66666667,75,19,67.85714286,190,313,503,89.82142857,12,37.5,20,21,3,49,2,1,1,2,16,5,18,60,0,0,0.86931622,0.4399,16,0,0.0,0,3,23,22,1,0,0,0.0,38,48.71794872,0,0,0,57,15,11,0,15,1306,0,0,0,0,0,0.0,0,0,0,0,90,4,0,6.705,0,0,0,0,0,0,0,0.0,0.0,0,3,3,4,1,6,85.71428571,24,12,50.0,11,7,15,50,45.45454545,28,227,333,560,6,0,718,9,3,0.0,0.20673813169984687,0.030314701378254212,0.059906937059724344,0.7580398162327718,0.41347626339969373,0.8269525267993875,1.0336906584992342,3.3767228177641653,0.8269525267993875,1.2404287901990811,0.0,0.0,-0.4399,2.13068378,25,0.21828088076639557,1,0.012211703549420298,0.6011904208082809,-0.4399,1.051578646,0.5788667687595712,14.597685659887443,0.5,6.375479076106891,0.37981651376146797,0.0,0.3498755742725881,0.20322805634315347,0.038766033319645704,0.13118166496017813,0.8427893859017622
Sebastiaan Bornauw,Leeds United,D,1,100.0,6,6,40.0,24,64,88,81.48148148,9,47.36842105,10,9,0,7,0,0,0,0,23,1,2,18,0,0,0.0128804,0.0,5,0,0.0,0,0,4,4,0,0,0,0.0,7,46.66666667,0,0,0,20,4,0,0,4,315,0,0,0,0,0,0.0,0,0,0,0,26,0,0,6.7,0,0,0,0,0,0,0,0.0,0.0,0,0,0,0,0,1,100.0,6,2,33.33333333,0,1,1,16,47.05882353,15,36,72,108,0,0,170,0,1,0.0,0.0,0.0,0.003680114285714286,0.0,0.2857142857142857,0.5714285714285714,1.1428571428571428,2.0,2.571428571428571,0.5714285714285714,0.0,0.0,0.0,-0.0128804,27,0.11284403669724775,1,-1.724091234874118,-0.3243753808241885,0.0,-0.00901628,0.9714285714285712,12.723142250571428,0.0,3.7622902634999997,0.3761467889908259,0.0,0.0,0.0,0.0,0.006829558868535487,0.5839894694784205
Wilfried Gnonto,Leeds United,F,1,6.666666667,51,6,75.0,73,46,119,80.95238095,1,7.692307692,12,16,1,17,1,0,4,0,7,6,2,35,0,0,0.54777641,0.2751,7,0,0.0,0,1,11,11,0,0,0,0.0,23,50.0,0,0,0,28,3,6,0,4,391,0,0,0,0,0,0.0,0,0,0,1,66,4,0,6.666666667,0,0,0,0,0,0,0,0.0,0.0,0,3,5,4,0,1,11.11111111,14,11,78.57142857,6,9,15,24,40.6779661,8,95,52,147,8,0,250,8,3,0.0,0.23017902813299235,0.0633222506393862,0.12608664168797953,1.381074168797954,0.23017902813299235,2.5319693094629154,0.690537084398977,3.9130434782608696,0.23017902813299235,0.4603580562659847,0.0,0.0,-0.2751,0.45222359,19,0.2470505956161831,1,0.6271159746461084,2.4360774338437956,-0.2751,0.04145651299999997,1.070332480818414,13.636015631566497,0.0,2.1835279775668157,0.35168195743119224,0.0,0.38954603580562663,0.3702615785875263,0.08097564437571142,0.27754571764946434,0.42763507760260594
Ao Tanaka,Leeds United,M,2,16.66666667,82,9,39.13043478,157,174,331,84.22391858,9,50.0,9,21,0,45,1,0,1,1,7,4,15,38,0,1,0.67358938,0.8471,8,0,16.66666667,2,2,16,16,0,1,1,0.0,22,43.1372549,0,0,0,62,12,8,1,7,775,0,0,0,0,0,0.0,0,0,0,0,94,5,0,6.657894737,0,1,0,0,0,0,0,387.5,0.0,0,4,8,8,3,1,20.0,17,8,47.05882353,8,5,12,31,44.92753623,23,198,195,393,12,0,511,4,1,0.23225806451612904,0.0,0.09837290322580644,0.07822328283870968,0.9290322580645162,0.11612903225806452,0.9290322580645162,1.3935483870967742,5.225806451612903,1.0451612903225806,1.7419354838709677,0.0,0.0,1.1529,-0.67358938,12,0.22442262653638742,1,-0.8395211430588477,0.3216922238475603,1.1529,0.6813874340000001,0.6909677419354838,14.284756510935484,0.25,6.124651126361291,0.34524384366972516,0.28363636363636363,0.0,0.24907058447780264,0.1257979485470858,0.1716903770151729,0.8179483747518478
Lukas Nmecha,Leeds United,F,0,0.0,36,4,80.0,69,38,107,63.69047619,24,35.82089552,43,25,1,23,1,6,2,0,8,14,3,79,0,0,0.90676954,6.234,16,0,27.27272727,6,7,18,17,1,6,0,0.0,22,37.93103448,0,0,0,61,3,6,1,9,893,2,0,0,3,0,66.66666667,0,2,0,0,119,6,0,6.643478261,0,5,0,0,0,0,0,148.8333333,0.0,0,21,1,6,14,2,28.57142857,8,5,62.5,6,7,7,46,36.8,5,121,47,168,22,0,320,14,0,0.604703247480403,0.10078387458006718,0.6282866741321388,0.09138774759238523,0.604703247480403,0.20156774916013437,0.503919372900336,0.3023516237402015,2.3180291153415453,2.418812989921612,0.3023516237402015,0.0,0.0,-0.23399999999999999,0.09323046000000001,13,0.4237914675267139,2,1.1005967843930415,-2.3114335613253862,-0.23399999999999999,-0.16873867799999998,0.7054871220604703,10.367571780851623,0.0,1.4991304708337907,0.3346629438532114,0.7384709355594012,0.17056270996640538,0.16211901145321697,0.8034445676963657,0.2008051097516889,0.3598550470558828
Dominic Calvert-Lewin,Leeds United,F,1,12.5,100,4,66.66666667,144,51,195,60.37151703,97,39.59183673,148,28,1,36,2,14,6,3,26,24,4,223,0,0,0.9966737,11.5888,32,0,17.24137931,10,11,28,23,5,10,0,0.0,46,38.01652893,3,0,3,128,2,17,1,23,2119,22,0,0,3,0,66.66666667,0,2,0,1,268,16,0,6.639285714,0,5,0,0,0,0,0,211.9,0.0,0,53,5,26,26,6,23.07692308,10,4,40.0,17,26,8,143,39.07103825,6,261,62,323,58,1,667,30,1,0.4247286455875413,0.04247286455875413,0.49220953279848983,0.042331587069372345,0.7220386974988202,0.2548371873525248,0.16989145823501653,0.08494572911750826,1.5290231241151488,4.1198678621991505,0.16989145823501653,0.0,0.0,-1.5888000000000009,0.0033263000000000043,28,0.33550211617909687,2,0.682586691041605,-2.6704602067571046,-1.5888000000000009,-1.5864715900000008,0.883435582822086,9.701279776420716,0.75,0.35368183224531513,0.3315858451376146,0.5186837702175126,0.07187942425672487,0.1935762712656353,0.6294309454224403,0.0923117505888431,0.24641433029489196
Daniel James,Leeds United,M,5,11.9047619,34,1,25.0,49,12,61,64.21052632,2,40.0,3,15,0,18,1,2,5,0,2,2,4,18,0,0,0.59946703,0.7045,1,0,0.0,0,0,13,11,2,0,0,0.0,17,53.125,0,0,0,34,1,8,0,4,422,1,0,0,0,0,0.0,0,0,0,0,93,3,0,6.62,0,0,0,0,0,0,0,0.0,0.0,0,4,6,3,2,5,38.46153846,5,4,80.0,8,13,42,19,51.35135135,4,76,19,95,10,0,202,7,0,0.0,0.0,0.15024881516587676,0.12784841872037914,1.7061611374407584,1.066350710900474,0.8530805687203792,0.2132701421800948,3.8388625592417065,0.4265402843601896,0.8530805687203792,0.0,0.0,-0.7045,-0.59946703,3,0.1830554283202195,0,0.6383504099779841,-0.2839013467536183,-0.7045,-1.124126921,0.31990521327014215,11.220413090594786,0.0,4.102495510491943,0.31743119266055064,0.0,0.0,0.45741635774951905,0.19213616859626464,0.2814420908328348,0.6176820557406677
Lucas Perri,Leeds United,G,0,0.0,23,93,26.4957265,67,232,299,53.58422939,5,71.42857143,2,16,0,100,0,0,0,3,16,0,0,3,0,0,0.02700163,0.0,1,0,0.0,0,0,29,28,1,0,0,-2.1848,2,66.66666667,0,9,0,259,0,0,0,16,1440,0,0,0,0,1,0.0,4,0,0,0,274,0,6,6.5875,0,0,29,8,38,0,8,0.0,0.0,0,0,0,0,0,0,0.0,0,0,0.0,0,0,0,7,70.0,351,293,265,558,0,0,700,3,2,0.0,0.0,0.0,0.0016876018749999997,0.0,0.0,0.0,0.0,6.25,0.3125,0.0,2.375,-0.13655,0.0,-0.02700163,16,0.08807339449541285,0,-1.7895560919107254,-2.2009554892223493,0.0,-0.018901140999999996,0.0625,9.600556308968748,1.6522075,1.6522075,0.29357798165137616,0.0,0.0,0.0,0.0,0.002422887773461861,0.3750151924550311
Gabriel Gudmundsson,Leeds United,D,21,26.92307692,149,25,26.04166667,302,349,651,76.2295082,15,35.71428571,27,29,0,102,3,0,5,3,74,24,25,140,1,0,2.01857014,1.1039,30,0,0.0,0,0,42,37,5,0,0,0.0,147,56.53846154,0,0,0,203,21,19,0,28,2373,3,1,0,0,0,0.0,0,0,0,0,416,8,0,6.565517241,1,0,0,0,0,0,0,0.0,0.0,0,11,7,10,3,35,50.72463768,61,41,67.21311475,19,69,78,162,53.64238411,96,438,416,854,18,0,1540,51,4,0.0,0.0,0.04186725663716814,0.07655765385587864,0.7206068268015171,1.3274336283185841,1.554993678887484,0.7964601769911505,3.868520859671302,0.5689001264222503,0.9481668773704173,0.0,0.0,-1.1039,-2.01857014,111,0.11756594127234708,1,-0.33334573056232714,0.9422913607875557,-1.1039,-2.516899098,0.7547408343868521,12.672908247762326,0.75,3.2435366978726927,0.2774438466055047,0.0,0.0,0.1931923912998127,0.053539285957237635,0.16800664633711543,0.5326141617390887
Jayden Bogle,Leeds United,D,13,23.63636364,139,26,34.21052632,288,294,582,76.57894737,22,46.80851064,25,29,1,119,4,3,7,3,64,28,21,138,1,1,1.68874944,2.0788,32,0,5.882352941,1,2,41,36,5,1,0,0.0,93,45.14563107,0,0,0,178,29,14,1,27,2417,9,0,0,0,0,0.0,0,0,0,1,350,14,0,6.544827586,0,0,0,0,0,0,0,2417.0,0.0,0,10,7,6,4,16,32.65306122,54,34,62.96296296,14,49,55,115,45.45454545,76,421,339,760,17,0,1335,23,6,0.037236243276789406,0.037236243276789406,0.07740670252378982,0.06288268498138187,0.5213074058750518,0.5957798924286305,1.2660322714108398,1.079851055026893,4.43111294993794,0.819197352089367,0.7819611088125775,0.0,0.0,-1.0788000000000002,-0.68874944,106,0.1335121986341734,1,-0.9451623377307647,0.755150416478245,-1.0788000000000002,-1.560924608,0.8136119155978486,12.792798606286098,0.75,3.4522281097302336,0.2622587787155961,0.04547335163801858,0.06301717004551097,0.13976085237816294,0.0989866524416329,0.1377628748347469,0.5532821363172906
Elliot Anderson,Nottingham Forest,M,43,27.38853503,504,106,56.68449198,947,770,1717,85.76423576,59,59.0,41,31,2,259,6,1,16,6,36,49,34,205,0,3,3.51423719,2.4856,46,0,5.555555556,2,4,42,33,9,1,1,0.0,195,54.31754875,0,0,0,285,34,48,0,31,2774,2,0,0,1,1,100.0,0,1,0,0,558,19,0,7.287096774,0,2,0,0,0,0,0,1387.0,0.0,2,15,21,12,8,40,51.94805195,90,56,62.22222222,48,77,157,254,55.33769063,187,1159,843,2002,36,2,2780,68,6,0.06488824801730353,0.06488824801730353,0.08064311463590482,0.11401634718817592,1.5573179524152847,1.2977649603460706,1.8168709444844988,1.1031002162941599,8.403028118240806,1.9142033165104542,1.1031002162941599,0.0,0.0,-0.4855999999999998,-1.5142371899999998,92,0.356825828896453,0,0.3461731404090556,2.0919954060111405,-0.4855999999999998,-1.5455660329999996,1.1842105263157894,15.538957763702594,1.5,5.834198797544195,0.8070435038532109,0.07924231500294945,0.10981434751261716,0.41751197470143553,0.10312533282013578,0.2508508686762311,0.7891831213341884
Murillo,Nottingham Forest,D,0,0.0,124,80,50.31446541,310,568,878,83.5394862,22,51.1627907,21,23,0,98,1,0,5,6,122,8,4,57,0,2,0.47235085,0.6098,19,0,10.0,1,1,28,20,8,1,0,0.0,47,56.62650602,0,0,0,173,31,8,1,23,2001,0,1,0,0,0,0.0,0,0,0,0,206,3,0,7.004347826,0,0,0,0,0,0,0,2001.0,0.0,2,4,6,1,4,9,64.28571429,32,22,68.75,8,14,3,69,54.76190476,159,433,618,1051,10,1,1377,7,4,0.04497751124437781,0.0,0.02742728635682159,0.021245165667166416,0.35982008995502246,0.4047976011994003,0.9895052473763118,1.394302848575712,4.4077961019490255,0.9895052473763118,0.17991004497751123,0.0,0.0,0.3902,-0.47235085,171,0.21156552983359217,1,-1.5312717062514836,0.6225051659383033,0.3902,0.05955440500000003,0.9355322338830584,13.764120278388305,1.5,4.011282570676911,0.599521340183486,0.05492708191358865,0.0,0.09646661817606048,0.03507364573740165,0.04567669667802104,0.6086486858261115
Ibrahim Sangaré,Nottingham Forest,M,0,0.0,148,31,55.35714286,357,341,698,87.14107366,21,44.68085106,26,23,2,87,2,1,2,7,43,13,19,101,0,3,1.65584254,1.1464,35,0,12.5,2,4,22,19,3,1,1,0.0,74,49.66442953,0,0,1,103,18,9,0,21,1770,0,0,0,0,2,0.0,0,0,0,0,160,3,0,6.990909091,0,2,0,0,0,0,0,885.0,0.0,0,5,11,9,5,10,52.63157895,51,25,49.01960784,9,19,8,95,48.46938776,56,427,374,801,16,1,1083,14,5,0.1016949152542373,0.1016949152542373,0.05829152542372882,0.08419538338983051,0.45762711864406774,0.5084745762711864,1.271186440677966,0.9152542372881355,4.423728813559322,1.0677966101694916,0.9661016949152542,0.0,0.0,0.8535999999999999,0.3441574599999999,67,0.26822358190812307,1,-0.5120903168716495,0.5149828434214296,0.8535999999999999,1.0945102219999998,0.7881355932203388,14.358311589762712,1.75,6.338755843349153,0.5896580484403664,0.12419106317411403,0.1721045197740113,0.12268837053196845,0.07454242047887134,0.18489836645302196,0.8391524617259633
Morato,Nottingham Forest,D,0,0.0,45,32,47.76119403,167,329,496,86.56195462,16,59.25925926,11,15,0,47,0,2,0,2,61,0,4,26,1,2,0.08536253,0.8298,11,0,0.0,0,0,17,14,3,0,0,0.0,35,70.0,0,0,0,77,8,1,0,10,955,1,0,0,0,0,0.0,0,0,0,0,89,0,0,6.946153846,0,0,0,0,0,0,0,0.0,0.0,0,3,1,3,1,4,100.0,24,15,62.5,1,4,1,51,66.23376623,67,212,361,573,4,0,739,7,4,0.0,0.0,0.07820104712041885,0.008044636335078535,0.0942408376963351,0.3769633507853404,1.413612565445026,0.7539267015706808,4.429319371727749,1.5078534031413615,0.3769633507853404,0.0,0.0,-0.8298,-0.08536253,80,0.18083314381498108,1,-1.6289413610581374,0.3618398000844708,-0.8298,-0.889553771,0.9659685863874345,14.126618488209424,0.5,3.977802708234817,0.5568101622018347,0.0,0.0,0.025265667928049355,0.10000244965223287,0.01648220296516633,0.6053329722580456
Neco Williams,Nottingham Forest,D,21,20.0,269,36,32.14285714,460,448,908,82.99817185,35,53.03030303,31,30,3,136,5,2,14,8,72,26,31,138,1,2,3.30714703,1.6525,25,0,2.857142857,1,4,39,30,9,1,0,0.0,149,58.203125,0,0,0,186,36,30,0,30,2620,3,0,0,0,1,0.0,0,0,0,0,429,10,0,6.89,1,1,0,0,0,0,0,2620.0,0.0,1,12,23,6,15,26,47.27272727,78,51,65.38461538,30,55,105,184,57.14285714,112,587,507,1094,35,2,1951,47,5,0.03435114503816794,0.10305343511450382,0.05676526717557252,0.11360428729007634,1.0305343511450382,0.8931297709923665,1.751908396946565,1.2366412213740459,4.67175572519084,1.202290076335878,1.0648854961832062,0.0,0.0,-0.6525000000000001,-0.3071470299999999,128,0.24874864491048326,1,-0.04366224016314784,1.885901019311909,-0.6525000000000001,-0.867502921,1.0648854961832062,14.006752803520994,2.0,4.010494060440172,0.5155963302752289,0.041950034698126304,0.1744036259541985,0.27628297180863126,0.07259066191248634,0.24993955066755505,0.6085705948812926
Callum Hudson-Odoi,Nottingham Forest,M,12,13.79310345,316,22,62.85714286,456,110,566,89.27444795,3,25.0,9,29,3,66,5,1,8,2,12,22,9,77,0,1,2.68399279,2.719,11,0,10.71428571,3,6,25,20,5,2,1,0.0,55,44.71544715,0,0,1,68,8,39,0,20,1759,3,0,0,0,0,0.0,0,0,0,0,240,8,0,6.848275862,0,3,0,0,0,0,0,586.3333333,0.0,1,16,12,10,10,30,51.72413793,13,6,46.15384615,39,58,87,58,42.96296296,35,510,124,634,28,1,969,12,0,0.1534963047185901,0.1534963047185901,0.1391188175099488,0.13732765838544628,1.9954519613416715,1.534963047185901,0.3069926094371802,0.4093234792495736,3.376918703808982,0.1534963047185901,0.4604889141557703,0.0,0.0,0.28100000000000014,0.31600721,17,0.34234552865052786,0,2.3573559164839173,-0.5550198375112028,0.28100000000000014,0.5022050470000001,0.1918703808982376,14.968136969518191,0.5,6.226510882786925,0.4849731097247707,0.18745154788361154,0.25977117680500283,0.5349743047073326,0.1779032769509329,0.3024065230796343,0.8280361634040417
Nicolás Domínguez,Nottingham Forest,M,5,38.46153846,100,14,63.63636364,174,141,315,82.46073298,12,40.0,18,20,0,42,1,1,7,0,12,4,19,57,0,1,0.44056564,1.1544,11,0,6.25,1,1,18,16,2,1,0,0.0,54,58.06451613,1,0,0,67,4,9,0,14,942,0,0,0,0,0,0.0,0,0,0,0,96,8,0,6.827777778,0,0,0,0,0,0,0,942.0,0.0,0,6,10,4,5,5,45.45454545,41,22,53.65853659,9,11,13,66,53.65853659,22,218,164,382,16,0,531,8,2,0.09554140127388534,0.0,0.11029299363057325,0.04209225859872611,0.8598726114649681,0.4777070063694267,2.1019108280254777,0.38216560509554137,4.012738853503184,1.1464968152866242,1.8152866242038215,0.0,0.0,-0.1544000000000001,-0.44056564,19,0.21883115824899793,1,-0.44051461296555244,0.777326899590448,-0.1544000000000001,-0.46279594800000007,0.8073248407643312,13.683773139038216,0.0,5.449855844568153,0.46992864440366944,0.11667631731325998,0.0,0.23052910386580058,0.1410412001971204,0.09178244806196606,0.7511193107024293
Ola Aina,Nottingham Forest,D,6,18.75,112,30,57.69230769,230,207,437,86.36363636,20,62.5,12,15,0,68,0,0,3,5,61,13,10,65,0,2,0.68624597,0.3559,13,0,0.0,0,0,17,15,2,0,0,0.0,45,45.91836735,0,0,1,69,23,8,0,15,1321,0,0,1,0,0,0.0,0,0,0,0,184,2,0,6.82,0,0,0,0,0,0,0,0.0,0.0,0,4,7,7,1,13,41.93548387,23,17,73.91304348,7,31,32,65,50.0,52,277,229,506,11,0,902,10,3,0.0,0.0,0.02424753974261923,0.04675407819833459,0.5450416351249053,0.8856926570779713,1.158213474640424,1.566994700984103,4.632853898561696,1.3626040878122634,0.6813020439061317,0.0,0.0,-0.3559,-0.68624597,91,0.1642853864176361,1,-1.2190250262948743,1.2859731063519435,-0.3559,-0.836272179,1.045798637395912,14.315212020483724,1.25,4.080841360708479,0.4642201834862387,0.0,0.0,0.14612392352028541,0.031007428437216652,0.10209259999355577,0.6155375141265512
Nikola Milenkovi?,Nottingham Forest,D,0,0.0,114,71,42.26190476,342,765,1107,86.68754894,76,67.85714286,36,31,0,87,1,2,2,8,179,2,10,60,0,1,0.49174212,0.8229,13,0,0.0,0,0,43,34,9,0,0,0.0,41,63.07692308,0,0,0,170,26,1,0,31,2790,1,1,0,0,0,0.0,0,0,0,0,185,0,0,6.806451613,0,0,0,0,0,0,0,0.0,0.0,0,12,3,12,1,1,100.0,22,13,59.09090909,1,1,2,117,66.10169492,168,462,815,1277,15,1,1638,18,6,0.0,0.0,0.02654516129032258,0.015862649032258064,0.03225806451612903,0.03225806451612903,0.41935483870967744,0.8387096774193549,2.8064516129032255,2.4516129032258065,0.3225806451612903,0.0,0.0,-0.8229,-0.49174212,208,0.14097472619477983,1,-1.8151604168888829,-0.8612478401265768,-0.8229,-1.1671194839999999,0.8403225806451613,13.720001229064515,2.0,3.759125933053226,0.45427641321100865,0.0,0.0,0.008648284183257035,0.033945596039886713,0.033772640097866194,0.5836760866676529
Morgan Gibbs-White,Nottingham Forest,M,7,20.0,387,37,56.92307692,610,250,860,81.74904943,39,35.77981651,70,31,2,92,3,6,19,6,29,31,20,164,1,3,2.14837061,8.3353,22,0,13.84615385,9,11,39,30,9,8,1,0.0,74,44.04761905,2,0,0,192,11,44,1,30,2646,4,0,0,1,0,100.0,0,1,0,1,367,15,0,6.751612903,0,6,0,0,0,0,0,294.0,0.0,4,39,26,23,23,23,50.0,16,11,68.75,44,46,35,113,40.79422383,65,766,286,1052,65,0,1494,37,1,0.30612244897959184,0.06802721088435375,0.28351360544217685,0.07307383027210886,1.4965986394557822,0.782312925170068,0.37414965986394555,0.37414965986394555,3.129251700680272,1.3265306122448979,0.6802721088435374,0.0,0.0,0.6646999999999998,-0.14837061000000018,31,0.33713411567097656,2,1.3347795900052404,-1.3422070679306044,0.6646999999999998,0.5608405729999997,0.40646258503401356,13.586748321047619,1.5,5.74032807462585,0.4140278187155957,0.3738404452690167,0.11512660619803479,0.40123332061097267,0.3625533940779085,0.16030176851332784,0.779886535060489
Oleksandr Zinchenko,Nottingham Forest,D,1,5.555555556,80,8,53.33333333,149,82,231,90.58823529,4,40.0,6,5,0,17,1,0,2,0,11,1,9,18,0,0,0.36348077,0.0763,1,0,0.0,0,0,6,5,1,0,0,0.0,12,50.0,0,0,0,24,2,5,0,4,353,1,0,0,0,0,0.0,0,0,0,0,48,0,0,6.74,0,0,0,0,0,0,0,0.0,0.0,1,0,4,0,2,1,50.0,10,6,60.0,5,2,18,16,47.05882353,15,167,88,255,4,0,359,2,0,0.0,0.0,0.019453257790368272,0.09267215099150142,1.274787535410765,0.254957507082153,1.529745042492918,0.509915014164306,4.3342776203966,1.019830028328612,2.2946175637393766,0.0,0.0,-0.0763,-0.36348077,10,0.1754040033377637,1,-0.5395327053688337,0.5830867375474041,-0.0763,-0.330736539,0.548158640226629,15.141148373740794,0.0,4.064571796721176,0.4055045871559635,0.0,0.0,0.34176647126469023,0.024876565012711436,0.20364571606503706,0.613926240658731
Omari Hutchinson,Nottingham Forest,M,23,20.0,154,9,42.85714286,241,100,341,83.17073171,3,12.0,22,24,3,69,6,2,7,3,6,19,15,102,1,1,3.07544562,1.7869,17,0,4.347826087,1,4,17,15,2,1,0,0.0,69,46.30872483,0,0,0,69,7,26,1,12,1290,6,0,0,0,0,0.0,0,0,0,1,248,11,0,6.739130435,0,0,0,0,0,0,0,1290.0,0.0,0,15,8,6,10,33,52.38095238,18,10,55.55555556,26,63,115,72,41.37931034,21,293,117,410,23,0,789,19,0,0.06976744186046512,0.20930232558139533,0.1246674418604651,0.21456597348837209,1.813953488372093,2.302325581395349,0.6976744186046512,0.4883720930232558,4.813953488372093,0.20930232558139533,1.0465116279069768,0.0,0.0,-0.7868999999999999,-0.07544561999999999,8,0.3024927236070252,0,2.6652106413221746,0.43729691185796865,-0.7868999999999999,-0.8397119339999999,0.27558139534883713,14.367623342895348,0.75,5.466280842627906,0.4048663743119265,0.08520084566596194,0.35421511627906976,0.4863151431422212,0.1594230516980967,0.47322796879109985,0.7527459777479221
Matz Sels,Nottingham Forest,G,0,0.0,32,122,31.44329897,97,243,340,55.73770492,5,83.33333333,1,24,0,157,0,0,0,6,22,0,1,2,2,1,0.08625838,0.0,0,0,0.0,0,0,31,24,7,0,0,-0.8342,5,83.33333333,0,12,0,270,0,1,0,23,2037,0,0,0,0,0,0.0,4,0,0,0,273,0,11,6.733333333,0,0,44,23,67,1,16,0.0,0.0,0,0,0,0,0,0,0.0,1,1,100.0,1,0,0,10,83.33333333,388,321,289,610,0,1,802,4,2,0.0,0.0,0.0,0.003811121354933726,0.04418262150220913,0.0,0.04418262150220913,0.0,6.936671575846834,0.22091310751104565,0.04418262150220913,2.960235640648012,-0.03685714285714286,0.0,-0.08625838,22,0.12196026914535017,0,-1.8107310279489084,-2.1019853055294906,0.0,-0.06038086599999999,0.053019145802650956,10.111240329826215,2.671194256259205,2.671194256259205,0.4006116205504586,0.0,0.0,0.01184521986808401,0.0,0.0071192961178872536,0.4759316230183842
Ryan Yates,Nottingham Forest,M,1,50.0,42,3,37.5,66,70,136,77.71428571,14,60.86956522,9,16,1,12,0,1,2,0,11,5,3,26,0,0,0.20869758,0.2239,8,0,0.0,0,1,5,3,2,0,0,0.0,21,55.26315789,0,0,0,39,6,3,0,1,431,0,0,0,0,0,0.0,0,0,0,0,50,2,0,6.6625,0,0,0,0,0,0,0,0.0,0.0,0,2,3,2,1,1,50.0,11,8,72.72727273,3,2,2,35,57.37704918,8,95,80,175,5,0,249,9,1,0.0,0.2088167053364269,0.04675406032482598,0.04357954106728538,0.6264501160092807,0.2088167053364269,1.6705336426914152,1.2529002320185614,2.5058004640371228,2.9234338747099766,0.6264501160092807,0.0,0.0,-0.2239,0.7913024200000001,22,0.2064370483781402,1,-0.28535938622054907,1.72686506510255,-0.2239,0.33001169399999997,1.4512761020881668,12.513745398379351,0.0,5.427758057369375,0.3486238532110084,0.0,0.35339327146171695,0.16794927752636052,0.059788464935401825,0.09507174484584927,0.7489308329879242
Dan Ndoye,Nottingham Forest,M,9,21.42857143,99,7,53.84615385,160,61,221,78.36879433,11,44.0,14,23,1,50,2,1,4,0,11,19,12,80,0,0,1.53736363,1.0617,16,0,6.666666667,1,2,17,12,5,1,0,0.0,58,46.77419355,1,0,0,61,10,14,0,14,1175,9,0,0,0,0,0.0,0,0,0,0,178,4,0,6.640909091,0,0,0,0,0,0,0,1175.0,0.0,0,10,5,7,4,13,39.39393939,23,13,56.52173913,14,33,42,69,46.30872483,13,202,80,282,15,0,553,22,1,0.07659574468085106,0.07659574468085106,0.08132170212765959,0.11775551208510639,1.0723404255319149,0.9957446808510638,0.9957446808510638,0.7659574468085106,3.829787234042553,0.8425531914893618,0.9191489361702128,0.0,0.0,-0.06170000000000009,-0.53736363,22,0.20266660640929474,0,0.33927766104431667,0.2936566968204269,-0.06170000000000009,-0.43785454100000004,0.608936170212766,13.117523984968084,0.0,5.193655011629787,0.3327773144954129,0.09353965183752418,0.1296276595744681,0.28749104697703814,0.10399310139840488,0.25912046327569993,0.7257461903859166
Nicolò Savona,Nottingham Forest,D,8,29.62962963,79,13,27.65957447,141,173,314,78.69674185,7,58.33333333,5,14,0,27,1,0,1,3,29,2,15,36,0,0,0.43882839,1.3398,12,0,40.0,2,2,18,13,5,2,0,0.0,27,46.55172414,0,0,0,85,4,7,1,11,1026,1,0,0,0,0,0.0,0,0,0,0,147,1,0,6.6,0,1,0,0,0,0,0,513.0,0.0,0,5,0,1,3,2,40.0,20,12,60.0,7,5,27,34,48.57142857,47,200,199,399,5,1,637,5,2,0.17543859649122806,0.0,0.11752631578947369,0.03849371842105263,0.6140350877192982,0.17543859649122806,1.0526315789473684,0.3508771929824561,2.3684210526315788,0.6140350877192982,1.3157894736842104,0.0,0.0,0.6601999999999999,-0.43882839,30,0.1841098579724958,2,-0.5099105615508467,-0.8773314374843855,0.6601999999999999,0.3530201269999999,0.3991228070175439,12.621152250964911,0.75,3.447714766001754,0.3027522935779814,0.21424774056353002,0.0,0.16462084804971724,0.1502910755076129,0.08382386125460453,0.5528351525501456
Chris Wood,Nottingham Forest,F,0,0.0,18,0,0.0,34,19,53,67.08860759,11,36.66666667,19,8,0,7,0,3,0,0,5,2,4,30,0,1,0.11855246,2.7679,5,0,12.5,2,2,8,6,2,2,0,0.0,6,35.29411765,0,0,1,26,0,3,1,7,544,3,0,0,0,0,0.0,0,0,0,0,40,3,0,6.55,0,1,0,0,0,0,0,272.0,0.0,0,16,0,10,6,1,100.0,1,1,100.0,3,1,1,17,36.17021277,1,55,24,79,16,1,125,4,0,0.33088235294117646,0.0,0.45792463235294123,0.019613458455882353,0.4963235294117647,0.16544117647058823,0.16544117647058823,0.0,1.1580882352941175,1.8198529411764708,0.6617647058823529,0.0,0.0,-0.7679,-0.11855246,2,0.25935409949023314,2,0.039059516699417034,-2.7673235516217107,-0.7679,-0.850886722,0.32261029411764713,10.531429797231617,0.0,0.9738104574965072,0.2660550458715596,0.40407754010695185,0.0,0.13306275480489227,0.5855878748129348,0.04206798791167964,0.3078294242262899
Igor Jesus,Nottingham Forest,F,2,25.0,85,8,80.0,172,65,237,71.60120846,73,39.89071038,110,30,3,41,4,3,26,1,25,36,4,197,0,1,1.07832299,4.6565,33,0,5.454545455,3,6,31,25,6,3,0,0.0,59,40.4109589,2,0,2,94,2,10,0,22,1817,10,0,0,0,0,0.0,0,0,0,0,239,9,0,6.516666667,0,1,0,0,0,0,0,605.6666667,0.0,0,50,5,16,13,9,31.03448276,18,11,61.11111111,10,29,8,132,40.12158055,10,252,79,331,55,0,678,33,0,0.14859658778205834,0.14859658778205834,0.23064667033571823,0.053411705613648865,0.4953219592735278,0.445789763346175,0.5448541552008805,0.09906439185470556,2.030820033021464,3.615850302696753,0.19812878370941112,0.0,0.0,-1.6565000000000003,1.92167701,34,0.21755379236452865,2,0.4121097824349651,-1.422213314155703,-1.6565000000000003,-0.31132609300000036,0.9138690148596588,11.434601889404512,0.25,1.5730826151466424,0.24159021431192595,0.18146795417021064,0.251479086406164,0.13279423704615922,0.29494786690241537,0.11681671118858614,0.36717897584172515
Dilane Bakwa,Nottingham Forest,M,5,17.85714286,45,1,25.0,70,29,99,76.15384615,1,33.33333333,2,10,1,21,1,1,1,0,2,2,5,29,0,0,0.68952021,0.5119,9,0,0.0,0,1,8,7,1,0,0,0.0,14,34.14634146,0,0,0,31,0,7,0,3,343,0,0,0,0,0,0.0,0,0,0,0,76,2,0,6.422222222,0,0,0,0,0,0,0,0.0,0.0,0,4,4,4,3,4,26.66666667,2,2,100.0,7,15,28,15,34.09090909,4,93,37,130,8,0,226,8,1,0.0,0.26239067055393583,0.13431778425655977,0.18092367026239065,1.8367346938775508,1.0495626822157433,0.5247813411078717,0.0,5.5102040816326525,0.26239067055393583,1.3119533527696792,0.0,0.0,-0.5119,0.31047979000000003,-1,0.2315336952445354,0,2.0121888767512135,-0.2806654599224171,-0.5119,-0.294564147,0.039358600583090375,13.488716003330904,0.0,5.28553246264898,0.17227319045871514,0.0,0.4440597667638484,0.492422711658921,0.1717637800531302,0.39882413351235796,0.7348453708700228
John Victor,Nottingham Forest,G,0,0.0,7,30,38.96103896,24,59,83,63.84615385,0,0.0,0,5,0,26,0,0,0,1,4,0,0,0,1,0,0.00893422,0.0,0,0,0.0,0,0,8,6,2,0,0,-2.9632,0,0.0,0,1,0,47,0,0,0,5,438,0,0,0,0,0,0.0,1,0,0,0,50,0,3,6.28,0,0,6,0,6,0,2,0.0,0.0,0,0,0,0,0,0,0.0,0,0,0.0,0,0,0,0,0.0,77,66,64,130,0,0,151,0,1,0.0,0.0,0.0,0.0018357986301369862,0.0,0.0,0.0,0.0,5.342465753424658,0.0,0.0,1.2328767123287672,-0.6088767123287672,0.0,-0.00893422,4,0.02036697247706414,0,-1.7100453786860514,-2.243634680346841,0.0,-0.006253953999999999,0.0,10.912998465513699,0.5300438356164384,0.5300438356164384,0.06788990825688046,0.0,0.0,0.0,0.0,0.0027506419965895104,0.2638805277286577
Cristian Romero,Tottenham Hotspur,D,0,0.0,102,46,48.42105263,309,647,956,87.22627737,70,72.16494845,27,22,1,86,4,1,2,4,90,6,11,75,1,2,1.25132041,1.2676,29,0,25.0,4,5,30,26,4,4,0,0.0,77,61.6,3,0,0,140,28,11,0,21,1802,1,0,1,0,0,0.0,0,0,0,0,167,2,0,7.109090909,2,1,0,0,0,0,0,450.5,0.0,0,15,1,8,6,8,80.0,55,27,49.09090909,10,10,1,147,66.21621622,95,404,692,1096,16,4,1399,14,8,0.1997780244173141,0.049944506104328525,0.06330965593784683,0.06249657985571587,0.5493895671476138,0.3995560488346282,1.3485016648168702,1.3984461709211988,4.295227524972253,3.4961154273029966,0.5493895671476138,0.0,0.0,2.7324,-0.25132040999999994,134,0.3110061558185219,1,-0.7316641363177093,0.8671681775658687,2.7324,2.556475713,1.5083240843507213,14.365658980208657,1.0,4.879880552612597,0.6763969974311923,0.2439713449702351,0.0845241398446171,0.14728959022428326,0.08095953844039529,0.1369089588000045,0.6946712051503803
João Palhinha,Tottenham Hotspur,M,0,0.0,101,28,36.84210526,284,363,647,80.27295285,28,56.0,22,26,2,69,1,0,11,3,45,21,18,93,0,1,0.55484364,1.3009,21,0,13.04347826,3,5,32,23,9,2,1,0.0,129,64.5,0,0,0,159,24,6,0,19,1779,0,0,0,0,0,0.0,0,0,0,0,222,4,0,7.011538462,0,3,0,0,0,0,0,593.0,0.0,0,11,12,7,5,7,38.88888889,96,56,58.33333333,6,18,4,157,62.8,76,384,422,806,23,2,1181,26,6,0.15177065767284992,0.10118043844856661,0.06581281618887015,0.028069661382799326,0.30354131534569984,0.35413153456998314,2.833052276559865,1.2141652613827993,3.490725126475548,1.4165261382799326,0.9106239460370994,0.0,0.0,1.6991,1.44515636,107,0.28264529425895807,1,-0.7266775796704819,2.4591276834467664,1.6991,2.7107094519999997,1.5025295109612142,13.026881084835582,0.75,6.595542116926476,0.60479887119266,0.18534416679441976,0.1712338392355256,0.0813784582505468,0.08416054617868003,0.06076985637269642,0.8645835617750165
Richarlison,Tottenham Hotspur,F,0,0.0,79,8,66.66666667,110,42,152,63.33333333,50,38.46153846,80,26,3,47,3,6,12,3,41,20,10,138,0,1,1.22426195,6.2555,18,0,20.0,9,12,23,15,8,8,1,0.0,54,48.21428571,2,0,1,88,4,16,1,15,1504,8,0,0,0,0,0.0,0,0,0,0,193,9,0,6.876923077,0,6,0,0,0,0,0,167.1111111,0.0,0,41,4,13,20,8,44.44444444,20,14,70.0,16,18,15,104,42.97520661,12,174,66,240,45,2,557,28,5,0.538563829787234,0.17952127659574466,0.3743317819148936,0.07326035605053191,0.9574468085106382,0.4787234042553191,0.8377659574468085,0.23936170212765956,2.8125,2.992021276595745,0.598404255319149,0.0,0.0,2.7445000000000004,1.77573805,49,0.46336002242172336,2,1.832969791980511,-1.5008282993434006,2.7445000000000004,3.9875166350000004,0.8736702127659575,10.556546471491355,0.75,4.6614864682503,0.5059985886238527,0.6577006769825918,0.30381482712765956,0.2566884348009269,0.47869045943248567,0.1607142917939072,0.673042316144105
Mohammed Kudus,Tottenham Hotspur,M,28,22.95081967,178,19,70.37037037,266,114,380,85.58558559,11,37.93103448,18,19,5,95,3,3,10,2,6,54,12,156,0,1,2.4015259,1.9301,23,0,7.692307692,2,7,20,13,7,1,1,0.0,96,41.02564103,0,0,1,64,3,25,2,19,1545,10,0,2,0,0,0.0,0,0,0,0,331,12,0,6.863157895,0,0,0,0,0,0,0,772.5,0.0,2,16,10,7,9,52,50.98039216,29,19,65.51724138,23,102,122,107,40.68441065,27,313,131,444,26,1,931,15,3,0.11650485436893204,0.29126213592233013,0.11243300970873786,0.13989471262135925,1.4563106796116503,3.0291262135922334,1.1067961165048543,0.17475728155339806,5.533980582524272,0.6407766990291263,0.6990291262135923,0.0,0.0,0.06990000000000007,2.5984741,16,0.3558647577746193,0,3.473132081899017,0.6519879514162294,0.06990000000000007,1.8888318699999997,0.46310679611650485,14.766015400150485,0.5,6.7545602672834955,0.4958957027522928,0.14227714033539277,0.49292071197411014,0.3904322471082059,0.14377782404030354,0.30808385971254826,0.8803320923915763
Kevin Danso,Tottenham Hotspur,D,0,0.0,43,21,32.30769231,149,361,510,85.42713568,58,65.90909091,30,17,0,34,0,0,2,2,93,3,3,48,0,0,0.19512523,0.2619,11,0,0.0,0,0,19,14,5,0,0,0.0,28,60.86956522,0,0,1,87,12,0,0,11,947,0,0,0,0,0,0.0,0,0,0,0,141,0,0,6.86,0,0,0,0,0,0,0,0.0,0.0,0,4,0,1,1,0,0.0,19,8,42.10526316,0,1,5,86,64.17910448,65,205,392,597,4,1,829,9,4,0.0,0.0,0.024890179514255546,0.018544108447729673,0.0,0.0,0.7602956705385427,1.1404435058078142,3.2312565997888067,5.512143611404435,0.28511087645195354,0.0,0.0,-0.2619,-0.19512523,110,0.15125631725075214,1,-2.045980472184456,-0.102098555174295,-0.2619,-0.398487661,1.6678986272439282,13.626520529059134,0.5,4.3475961594611405,0.49357798165137634,0.0,0.0,0.0,0.031829227553392465,0.03970299698559859,0.6419558576039384
Xavi Simons,Tottenham Hotspur,M,14,28.0,232,33,64.70588235,382,220,602,82.01634877,12,33.33333333,24,25,4,83,6,1,15,1,9,27,16,115,0,2,3.54724173,2.3343,19,0,2.777777778,1,5,32,25,7,1,0,0.0,98,51.85185185,0,0,1,132,15,31,0,17,1599,0,0,1,0,0,0.0,0,0,0,0,287,21,0,6.856,1,1,0,0,0,0,0,1599.0,0.0,3,14,22,12,9,26,43.33333333,33,20,60.60606061,30,60,50,110,48.88888889,51,482,252,734,36,2,1146,39,4,0.05628517823639775,0.225140712945591,0.13138649155722326,0.19965713302063792,1.7448405253283303,1.4634146341463417,1.125703564727955,0.8442776735459663,4.671669793621013,0.6754221388367729,0.900562851782364,0.0,0.0,-1.3342999999999998,0.4527582699999999,28,0.32755002841547426,0,1.8745983348432287,1.2330634031735768,-1.3342999999999998,-1.0173692109999999,0.6472795497185742,14.130978231025328,0.25,5.374899517953846,0.49064220183486196,0.0687361419068736,0.3810193871169481,0.4677861782425898,0.16801528228519153,0.4402553478945122,0.7436959316608548
Guglielmo Vicario,Tottenham Hotspur,G,0,0.0,32,157,31.21272366,97,621,718,67.04014939,12,92.30769231,1,31,0,247,0,0,0,7,37,0,1,2,2,1,0.06331213,0.0,0,0,0.0,0,0,50,39,11,0,0,-5.2214,4,80.0,0,21,0,353,0,1,0,31,2790,0,0,0,0,0,0.0,2,0,0,0,361,0,19,6.84516129,0,0,62,21,83,2,23,0.0,0.0,0,0,0,0,0,0,0.0,1,1,100.0,1,0,0,16,88.88888889,503,382,689,1071,0,1,1365,3,1,0.0,0.0,0.0,0.002042326774193548,0.03225806451612903,0.0,0.03225806451612903,0.0,7.967741935483872,0.3870967741935484,0.03225806451612903,2.6774193548387095,-0.16843225806451614,0.0,-0.06331213,37,0.14610339822381885,0,-1.9115868829919627,-2.0714922966438456,0.0,-0.044318490999999995,0.08387096774193549,12.05975879664516,2.7620164516129035,2.7620164516129035,0.482687185321101,0.0,0.0,0.008648284183257035,0.0,0.0032074028166674115,0.4849262951421614
Pedro Porro,Tottenham Hotspur,D,40,21.8579235,295,104,42.97520661,486,361,847,73.7804878,17,47.22222222,19,27,2,107,6,0,7,7,79,7,34,103,0,5,3.134919,0.5874,26,0,0.0,0,2,33,23,10,0,0,0.0,85,50.29585799,0,0,0,301,18,39,0,25,2168,1,0,2,0,0,0.0,0,0,0,0,523,7,0,6.833333333,0,0,0,0,0,0,0,0.0,0.0,4,7,13,11,2,13,43.33333333,51,34,66.66666667,37,30,183,102,49.75609756,242,700,448,1148,20,0,1877,21,6,0.0,0.08302583025830258,0.024384686346863468,0.13013962638376383,1.6190036900369003,0.5396678966789669,1.4114391143911438,0.7472324723247232,4.441881918819188,0.7057195571955719,1.4114391143911438,0.0,0.0,-0.5874,-1.134919,97,0.23852951164988542,1,0.2850903575197755,1.0663614313141254,-0.5874,-1.3818432999999999,0.6476014760147601,12.776729847813654,1.75,3.3754668525622695,0.4740061159633022,0.0,0.14050968634686348,0.43404972416060794,0.03118280967430917,0.28650936094305157,0.5456800040703667
Pape Matar Sarr,Tottenham Hotspur,M,1,14.28571429,146,20,60.60606061,278,234,512,84.90878939,26,40.625,38,22,3,74,2,1,7,3,46,16,9,95,0,2,1.05918645,1.5385,26,0,12.5,2,5,22,20,2,2,0,0.0,57,50.0,2,0,0,91,17,8,0,13,1330,3,0,0,0,0,0.0,0,0,0,0,142,5,0,6.818181818,0,0,0,0,0,0,0,665.0,0.0,0,8,8,3,6,11,57.89473684,33,21,63.63636364,8,19,7,83,46.62921348,33,339,264,603,16,1,860,13,2,0.13533834586466167,0.2030075187969925,0.10410902255639098,0.07167427105263156,0.5413533834586467,0.744360902255639,1.4210526315789473,1.150375939849624,5.007518796992481,1.7593984962406015,0.6090225563909775,0.0,0.0,0.4615,1.94081355,75,0.2839809238677209,1,0.1696597231436742,1.196496259875545,0.4615,1.820069485,1.1030075187969925,14.195590359721804,0.75,6.62686544164812,0.4628857379816509,0.1652768284347232,0.34356203007518804,0.14513511501526094,0.13313322097218105,0.15720648181641664,0.8676857003502907
Dominic Solanke,Tottenham Hotspur,F,0,0.0,41,2,33.33333333,56,34,90,73.17073171,14,30.43478261,32,12,0,26,0,2,4,0,9,10,5,65,0,1,0.22640525,1.827,8,0,21.42857143,3,3,18,16,2,3,0,0.0,33,50.0,0,0,0,33,3,5,1,8,780,2,0,0,0,0,0.0,0,0,0,0,90,6,0,6.766666667,0,2,0,0,0,0,0,260.0,0.0,0,13,1,2,8,10,47.61904762,17,13,76.47058824,5,21,2,47,41.96428571,6,82,41,123,14,1,267,6,1,0.34615384615384615,0.0,0.2108076923076923,0.02612368269230769,0.5769230769230769,1.1538461538461537,1.5,0.34615384615384615,3.0,1.6153846153846152,0.5769230769230769,0.0,0.0,1.173,-0.22640525,20,0.2833632442907792,2,0.5386376586517692,-0.5317608495574088,1.173,1.014516325,0.8653846153846152,11.934063754096153,0.0,2.6375352684028845,0.4250764528440367,0.42272727272727273,0.0,0.15467123635440466,0.269578048025893,0.05646609996901881,0.47259816957556927
Mathys Tel,Tottenham Hotspur,F,16,25.80645161,69,11,55.0,110,59,169,75.44642857,11,27.5,29,24,0,51,1,3,7,0,7,24,7,95,1,0,1.30997684,2.0027,12,0,11.11111111,3,3,19,16,3,3,0,0.0,63,48.8372093,0,0,1,55,2,20,0,9,914,2,0,0,0,0,0.0,0,0,0,0,189,7,0,6.730434783,0,3,0,0,0,0,0,304.6666667,0.0,0,18,9,13,7,30,55.55555556,16,9,56.25,20,54,62,74,43.78698225,20,156,68,224,27,0,508,17,0,0.29540481400437635,0.0,0.1972024070021882,0.12899115492341356,1.9693654266958425,2.9540481400437635,0.8862144420131292,0.19693654266958424,5.021881838074398,1.0831509846827134,0.6892778993435449,0.0,0.0,0.9973000000000001,-1.30997684,11,0.31414832557681066,0,2.9028597532990643,-0.4091936749688261,0.9973000000000001,0.08031621200000016,0.48249452954048144,13.293960433092996,0.0,2.1025806769179978,0.3984842444036696,0.36075193952655654,0.0,0.5279805879931538,0.25217979175097566,0.2839693837962953,0.4196183761145452
Rodrigo Bentancur,Tottenham Hotspur,M,1,14.28571429,121,15,44.11764706,294,331,625,84.57374831,25,40.98360656,36,20,1,100,1,0,3,4,40,5,7,72,0,1,0.67679891,0.4734,15,0,11.11111111,1,2,21,17,4,1,0,0.0,53,59.5505618,0,0,0,114,22,9,0,17,1415,1,0,0,0,1,0.0,0,0,0,0,151,5,0,6.72,0,1,0,0,0,0,0,1415.0,0.0,0,4,5,4,2,13,59.09090909,37,22,59.45945946,9,22,7,78,52.0,34,368,371,739,9,0,966,3,5,0.0636042402826855,0.0636042402826855,0.03011024734982332,0.04304728049469965,0.5724381625441697,0.8268551236749117,1.3992932862190814,1.3992932862190814,6.360424028268551,1.5901060070671378,0.4452296819787986,0.0,0.0,0.5266,0.32320108999999997,77,0.18506532706451242,1,-0.8444656664358661,1.4358995930510405,0.5266,0.7528407629999999,1.1607773851590109,14.487283430581272,1.0,6.328205154464311,0.39082568807339424,0.07767426919370382,0.10764134275618374,0.15346884511772735,0.038504580251723576,0.0938945891766306,0.8381075630992613
Micky van de Ven,Tottenham Hotspur,D,0,0.0,95,57,42.85714286,356,878,1234,89.09747292,36,45.0,44,28,1,96,1,1,3,6,110,4,9,81,1,1,0.33369814,2.4957,21,0,26.66666667,4,5,40,30,10,4,0,0.0,57,60.63829787,2,0,0,151,21,5,1,28,2413,1,0,0,0,1,0.0,0,0,0,0,180,0,0,6.714285714,1,1,0,0,0,0,0,603.25,0.0,0,13,2,6,6,9,69.23076923,32,15,46.875,5,13,3,93,53.44827586,133,449,936,1385,15,2,1693,16,7,0.14919187733112307,0.03729796933278077,0.09308454206382097,0.012446262992125983,0.18648984666390386,0.33568172399502694,0.5594695399917116,0.7832573559883962,3.580605055946954,1.3427268959801077,0.33568172399502694,0.0,0.0,1.5043000000000002,0.66630186,137,0.1935657000846178,1,-0.9431895644698256,-0.8684571880297094,1.5043000000000002,1.9707113020000002,0.6489846663903854,14.328155214067136,1.5,4.267036298651015,0.3866317166972477,0.1821949289831594,0.06312163282221302,0.04999733292848556,0.11903526325938218,0.026216908182868422,0.63397752662986
Lucas Bergvall,Tottenham Hotspur,M,3,15.78947368,79,10,55.55555556,132,98,230,82.43727599,4,25.0,12,18,2,34,0,1,1,0,11,5,5,47,1,0,0.39361382,1.3424,19,0,9.090909091,1,3,15,11,4,1,0,0.0,40,53.33333333,1,0,0,49,2,4,0,10,867,3,0,0,0,0,0.0,0,0,0,0,117,1,0,6.652941176,0,0,0,0,0,0,0,867.0,0.0,0,9,2,5,5,14,70.0,20,12,60.0,4,20,19,44,48.35164835,18,172,107,279,11,1,447,6,2,0.10380622837370243,0.20761245674740486,0.13934948096885813,0.0408595660899654,0.4152249134948097,1.4532871972318337,1.245674740484429,0.20761245674740486,3.5294117647058822,0.4152249134948097,0.5190311418685122,0.0,0.0,-0.34240000000000004,1.6063861799999999,20,0.23896376227365695,0,1.0763841090775035,-0.028580102600604125,-0.34240000000000004,0.7820703259999997,0.5034602076124568,13.403487950922145,0.0,5.77491535229135,0.341608202568807,0.12676942434727903,0.3513552479815456,0.11132047460801445,0.17819824628683795,0.08905620634911153,0.7833119226658387
Yves Bissouma,Tottenham Hotspur,M,0,0.0,36,1,20.0,110,101,211,87.91666667,4,57.14285714,3,8,0,25,0,0,1,0,13,3,2,12,1,0,0.0956329,0.3554,4,0,0.0,0,0,15,13,2,0,0,0.0,25,73.52941176,0,0,0,29,9,0,0,5,463,0,0,0,0,0,0.0,0,0,0,0,37,0,0,6.625,0,0,0,0,0,0,0,0.0,0.0,0,1,4,2,2,2,100.0,18,11,61.11111111,0,2,1,29,70.73170732,5,134,106,240,5,0,317,5,3,0.0,0.0,0.0690842332613391,0.018589548596112313,0.0,0.38876889848812096,2.138228941684665,1.7494600431965444,4.859611231101511,0.7775377969762419,0.38876889848812096,0.0,0.0,-0.3554,-0.0956329,31,0.10516467427243187,1,-2.198905323057612,2.3794563225213152,-0.3554,-0.42234303,1.3704103671706263,14.407050195424405,0.0,5.867964939603888,0.32110091743119273,0.0,0.0,0.0,0.08834399043074055,0.03980349311669263,0.7925271869068057
Archie Gray,Tottenham Hotspur,M,4,33.33333333,107,21,41.17647059,216,206,422,82.90766208,9,36.0,16,21,2,55,3,0,3,2,41,17,1,53,1,0,1.17282508,1.4333,11,0,20.0,2,4,26,19,7,2,0,0.0,19,33.92857143,1,0,0,87,14,8,0,17,1398,0,0,0,0,0,0.0,0,0,0,0,144,2,0,6.605,0,1,0,0,0,0,0,699.0,0.0,0,7,3,3,4,6,42.85714286,11,8,72.72727273,8,14,12,28,34.56790123,51,275,234,509,10,0,725,2,5,0.12875536480686695,0.12875536480686695,0.09227253218884121,0.07550376051502146,0.5150214592274678,0.38626609442060084,0.5150214592274678,0.9012875536480687,3.5407725321888415,0.5793991416309013,0.06437768240343347,0.0,0.0,0.5667,0.82717492,62,0.20732715211031533,1,-0.24970140019183706,-0.4352301188483884,0.5667,1.145722444,0.5568669527896994,13.520475895905578,0.5,5.9778527265201715,0.3064220183486235,0.15723761217323448,0.21790057224606582,0.1380756101361209,0.11799687592788344,0.1656758396141696,0.8034100400449644
Djed Spence,Tottenham Hotspur,D,10,21.73913043,189,31,39.74358974,351,303,654,81.54613466,21,48.8372093,22,24,0,99,4,2,2,6,51,24,10,115,2,4,1.74799191,0.8645,23,0,0.0,0,0,29,23,6,0,0,0.0,82,46.85714286,0,0,0,148,13,10,0,21,1819,2,0,0,0,0,0.0,0,0,0,0,320,7,0,6.604347826,0,0,0,0,0,0,0,0.0,0.0,0,6,5,2,7,26,40.625,38,23,60.52631579,10,64,46,103,47.24770642,78,449,353,802,11,0,1337,18,4,0.0,0.0,0.04277350192413414,0.08648668053875756,0.4947773501924134,1.286421110500275,1.1379879054425508,0.6432105552501375,4.8982957669048925,1.039032435404068,0.4947773501924134,0.0,0.0,-0.8645,-1.74799191,77,0.1171500599498822,1,-0.5813698894440718,0.23712326481980114,-0.8645,-2.0880943370000002,0.7248488180318856,13.651287883428258,1.5,3.534517111126196,0.30594335853210985,0.0,0.0,0.13264822908898918,0.054698180269008655,0.18996583447084064,0.5614317145571386
Wilson Odobert,Tottenham Hotspur,F,8,28.57142857,137,6,66.66666667,220,56,276,84.92307692,5,29.41176471,12,24,2,54,2,4,4,0,13,21,3,55,0,1,1.22273443,1.9016,2,0,0.0,0,2,13,9,4,0,0,0.0,44,50.57471264,0,0,1,49,1,20,0,10,990,2,0,0,0,0,0.0,0,0,0,0,141,7,0,6.604166667,0,0,0,0,0,0,0,0.0,0.0,0,14,8,10,8,24,58.53658537,10,9,90.0,20,41,28,49,47.11538462,9,254,71,325,22,0,539,10,0,0.0,0.18181818181818182,0.17287272727272726,0.11115767545454545,1.8181818181818183,2.1818181818181817,0.8181818181818181,0.09090909090909091,4.909090909090909,0.4545454545454546,0.2727272727272727,0.0,0.0,-1.9016,0.77726557,20,0.2485075674911117,0,2.435792118296683,0.1875399060723521,-1.9016,-1.357514101,0.36363636363636365,14.6298873205,0.0,1.2127111586886363,0.3058103977981652,0.0,0.30770202020202025,0.4874487448744875,0.2210673238008491,0.2445285862998932,0.33148920770757695
Destiny Udogie,Tottenham Hotspur,D,4,26.66666667,114,4,26.66666667,205,151,356,85.37170264,6,42.85714286,8,14,1,49,2,0,1,0,14,9,9,49,0,1,0.66113357,0.167,12,0,0.0,0,1,19,16,3,0,0,0.0,37,47.43589744,0,0,0,61,3,9,0,8,842,3,0,0,0,0,0.0,0,0,0,0,117,1,0,6.55,0,0,0,0,0,0,0,0.0,0.0,0,3,0,1,1,5,31.25,20,11,55.0,9,16,15,43,46.73913043,15,245,172,417,3,0,626,13,3,0.0,0.10688836104513065,0.017850356294536816,0.07066748372921615,0.9619952494061756,0.5344418052256532,1.175771971496437,0.32066508313539194,5.237529691211401,0.6413301662707839,0.9619952494061756,0.0,0.0,-0.167,0.33886643000000005,19,0.15696411305718094,0,-0.06812146687392959,0.1449923499629828,-0.167,0.070206501,0.4916864608076009,14.469503027027315,0.0,3.9229186083913894,0.2660550458715596,0.0,0.18089370546318292,0.2579078572940429,0.022826796089700174,0.1549798554861993,0.5998974674128066
Conor Gallagher,Tottenham Hotspur,M,4,28.57142857,51,9,60.0,110,92,202,80.47808765,3,23.07692308,10,9,1,34,0,2,1,0,4,8,8,39,0,1,0.48993,0.5636,12,0,0.0,0,1,17,15,2,0,0,0.0,29,50.0,0,0,0,49,9,7,0,7,594,0,0,0,0,0,0.0,0,0,0,0,84,4,0,6.477777778,0,0,0,0,0,0,0,0.0,0.0,0,4,1,2,2,5,62.5,10,8,80.0,7,8,14,32,45.07042254,15,144,107,251,5,0,364,14,0,0.0,0.15151515151515152,0.0853939393939394,0.07423181818181818,1.0606060606060606,0.7575757575757576,1.2121212121212122,1.3636363636363638,5.151515151515151,0.4545454545454546,1.2121212121212122,0.0,0.0,-0.5636,0.51007,13,0.16876987072458655,1,-0.04626168654345958,1.5840355529240717,-0.5636,-0.20655099999999998,0.7424242424242424,13.749362011136364,0.0,5.565609252939395,0.21304791045871507,0.0,0.2564183501683502,0.28434510117678435,0.10920062376784336,0.16286279238586246,0.7625830718618497
Randal Kolo Muani,Tottenham Hotspur,F,4,57.14285714,77,2,28.57142857,113,36,149,70.28301887,19,30.15873016,44,23,1,49,1,6,5,0,15,23,11,140,0,0,1.44388341,1.8231,33,0,6.666666667,1,2,26,20,6,1,0,0.0,50,34.24657534,0,0,1,63,3,17,0,15,1235,1,0,1,0,0,0.0,0,0,0,0,178,9,0,6.460869565,0,1,0,0,0,0,0,1235.0,0.0,0,15,0,7,3,16,35.55555556,22,14,63.63636364,16,45,7,69,33.01435407,7,163,49,212,15,0,450,12,2,0.0728744939271255,0.0728744939271255,0.1328574898785425,0.10522227279352227,1.2388663967611337,1.165991902834008,1.0202429149797572,0.21862348178137653,3.57085020242915,1.3846153846153846,0.8016194331983805,0.0,0.0,-0.8230999999999999,-0.44388341,21,0.1739163163925574,0,0.8525016168252598,-0.24967864087856326,-0.8230999999999999,-1.1338183869999998,0.5793522267206479,11.895074188172066,0.0,0.9918325606478747,0.20063821284403627,0.08899521531100478,0.12332995951417004,0.3321361285926164,0.1698963751986883,0.23140175848024733,0.30961426226280886
Radu Dr?gu?in,Tottenham Hotspur,D,0,0.0,11,5,16.66666667,45,139,184,77.96610169,16,59.25925926,11,8,0,13,0,0,1,0,42,2,3,24,2,1,0.02104441,0.3225,9,0,0.0,0,0,13,10,3,0,0,0.0,7,35.0,0,0,0,52,15,0,0,5,521,0,0,0,0,0,0.0,0,0,0,0,69,1,0,6.442857143,0,0,0,0,0,0,0,0.0,0.0,0,4,0,3,0,1,100.0,5,2,40.0,0,1,3,23,48.93617021,30,79,157,236,4,0,339,1,0,0.0,0.0,0.05571017274472169,0.0036353107485604607,0.0,0.1727447216890595,0.345489443378119,2.5911708253358925,2.2456813819577732,2.763915547024952,0.5182341650671786,0.0,0.0,-0.3225,-0.02104441,56,0.06334956811294831,1,-2.4666745139117023,1.1196318143219495,-0.3225,-0.337231087,1.3733205374280228,12.257244426676582,0.0,3.8377187660759593,0.18741808660550419,0.0,0.0,0.0,0.07124142131297061,0.006730470676627039,0.5914596109654882
Mateus Fernandes,West Ham United,M,12,26.08695652,242,77,61.11111111,532,520,1052,87.8130217,14,51.85185185,13,29,3,143,2,0,8,3,29,29,35,130,0,4,2.24908634,1.249,41,0,13.63636364,3,6,42,38,4,2,1,0.0,144,55.17241379,1,0,1,146,30,29,0,28,2399,0,0,0,0,0,0.0,0,0,0,0,260,14,0,7.155172414,0,2,0,0,0,0,0,799.6666667,0.0,0,6,16,9,5,23,63.88888889,81,55,67.90123457,29,36,46,158,54.86111111,126,641,557,1198,22,1,1652,40,6,0.11254689453939141,0.11254689453939141,0.04685702375989997,0.08437589437265527,1.0879533138807838,0.8628595248020009,2.063359733222176,1.1254689453939142,5.364735306377657,0.5252188411838266,1.3130471029595665,0.0,0.0,1.751,0.7509136600000001,79,0.3352639263038443,1,0.20833792459004183,2.0130506260097585,1.751,2.2766395619999997,0.9679032930387661,14.915014715045851,0.75,7.070242369426094,0.7102182855045864,0.13744363181628708,0.19046998749478952,0.29167681253327504,0.05992013319447452,0.18529758731914045,0.9115960030805814
Crysencio Summerville,West Ham United,M,10,25.0,145,7,70.0,255,148,403,83.78378378,4,30.76923077,9,24,1,90,2,5,17,3,26,27,10,121,0,0,2.00960613,4.2678,37,0,11.62790698,5,6,34,31,3,5,0,0.0,114,50.44247788,1,0,0,78,13,20,1,22,1864,5,0,0,0,0,0.0,0,0,0,1,242,10,0,7.0,0,3,0,0,0,0,0,372.8,0.0,0,33,10,11,15,33,45.20547945,31,18,58.06451613,20,73,40,118,49.37238494,10,314,167,481,43,3,909,50,4,0.24141630901287553,0.048283261802575105,0.20606330472103007,0.09703033889484977,0.9656652360515021,1.5933476394849786,0.8690987124463521,0.6276824034334765,4.345493562231759,0.19313304721030042,0.48283261802575106,0.0,0.0,0.7321999999999997,-1.0096061299999999,47,0.3341316204289052,0,0.9680891060659372,-0.3334832411723314,0.7321999999999997,0.025475708999999847,0.45869098712446355,14.016181374899677,0.75,5.708401030984764,0.5963302752293576,0.29482052282481463,0.08171271459227468,0.2588917690052267,0.2635109888465539,0.2132843514669114,0.7767246065438448
Jarrod Bowen,West Ham United,M,19,17.59259259,202,13,35.13513514,347,141,488,73.71601208,26,34.66666667,49,31,6,132,9,5,25,4,33,66,19,199,0,0,4.05327377,6.2044,17,0,11.94029851,8,14,55,51,4,6,2,0.0,132,46.80851064,1,0,1,174,20,32,6,31,2778,17,0,0,1,0,100.0,0,1,0,0,464,22,0,6.996774194,0,1,0,0,0,0,0,347.25,0.0,1,49,18,19,23,46,47.91666667,41,23,56.09756098,32,96,108,158,44.25770308,37,486,176,662,67,0,1333,45,5,0.25917926565874727,0.19438444924406048,0.20100647948164146,0.13131556490280777,1.036717062634989,1.4902807775377969,0.7451403887688984,0.6479481641468683,4.27645788336933,0.8423326133909288,0.6155507559395248,0.0,0.0,1.7956000000000003,1.9467262300000003,57,0.39050628447030866,0,1.7308062965175648,-0.2018383513745452,1.7956000000000003,3.1583083610000005,0.531317494600432,12.52219614599028,1.0,6.3784653017162,0.5939627111926606,0.3165128607893186,0.3289686825053996,0.27794053703426497,0.2570443885896111,0.2891100846592953,0.8430851299116792
Konstantinos Mavropanos,West Ham United,D,1,33.33333333,75,71,45.51282051,275,474,749,83.03769401,56,65.88235294,29,24,0,73,0,2,2,3,149,2,10,50,0,2,0.53811191,2.0009,9,0,6.25,1,1,35,32,3,1,0,0.0,39,65.0,1,0,0,153,37,2,0,20,1905,1,1,0,0,0,0.0,0,0,0,0,172,1,0,6.9125,0,0,0,0,0,0,0,1905.0,0.0,0,15,1,10,4,1,100.0,31,19,61.29032258,2,1,3,95,65.51724138,156,389,513,902,16,2,1233,8,2,0.047244094488188976,0.0,0.09453070866141733,0.02542260992125984,0.09448818897637795,0.047244094488188976,0.8976377952755905,1.7480314960629921,3.4488188976377954,2.6456692913385824,0.47244094488188976,0.0,0.0,-1.0009000000000001,-0.53811191,195,0.18994505020644817,1,-2.100505894032109,0.727344869897281,-1.0009000000000001,-1.377578337,1.2968503937007874,13.357285344531494,0.75,3.910794821803346,0.5321100917431192,0.05769506084466714,0.0,0.02533198201709935,0.12088460169780713,0.05491559664512121,0.5986967753921676
Lucas Paquetá,West Ham United,M,7,20.0,203,25,51.02040816,387,221,608,77.05956907,38,42.69662921,51,18,1,76,6,1,6,1,17,27,12,142,0,1,2.10642454,2.8158,28,0,17.39130435,4,5,32,30,2,2,2,0.0,85,48.29545455,0,0,0,181,8,23,4,18,1521,5,0,0,2,1,100.0,0,2,0,0,314,9,0,6.905555556,1,0,0,0,0,0,0,380.25,0.0,2,8,15,6,11,16,38.0952381,39,22,56.41025641,23,42,35,123,46.41509434,49,541,248,789,23,1,1141,30,5,0.2366863905325444,0.0591715976331361,0.1666153846153846,0.1246405053254438,1.3609467455621302,0.9467455621301776,1.301775147928994,0.4733727810650888,4.497041420118343,2.2485207100591715,0.7100591715976332,0.0,0.0,1.1842000000000001,-1.10642454,35,0.3264293639300583,0,0.9359552403809466,0.04179473490755361,1.1842000000000001,0.4097028220000003,0.9408284023668639,13.190687202807691,0.25,5.628321690396449,0.5270132521100921,0.2890442890442891,0.1001397107166338,0.36486548063090335,0.21306551797996143,0.27434742022654557,0.7687938643978849
Mads Hermansen,West Ham United,G,0,0.0,16,50,27.02702703,38,195,233,62.97297297,7,100.0,0,11,0,105,0,0,0,4,15,0,0,0,2,0,0.02345949,0.0,0,0,0.0,0,0,20,19,1,0,0,-3.0283,0,0.0,0,14,0,137,0,0,0,11,990,0,0,0,0,0,0.0,0,0,0,0,139,0,10,6.827272727,0,0,23,13,37,1,7,0.0,0.0,0,0,0,0,0,0,0.0,0,0,0.0,0,0,0,7,100.0,185,155,215,370,0,1,504,1,0,0.0,0.0,0.0,0.002132680909090909,0.0,0.0,0.0,0.0,9.545454545454545,0.6363636363636364,0.0,3.3636363636363633,-0.27530000000000004,0.0,-0.02345949,15,0.14086738943119262,0,-2.0782768121450905,-2.045978049067033,0.0,-0.016421643,0.1272727272727273,11.832842752090908,2.2490995454545457,2.2490995454545457,0.46955796477064204,0.0,0.0,0.0,0.0,0.003407231411175312,0.43412902714319157
Freddie Potts,West Ham United,M,6,17.64705882,93,26,47.27272727,247,190,437,83.55640535,20,60.60606061,13,20,1,38,2,0,2,0,31,5,7,45,0,0,1.06490037,0.2121,15,0,0.0,0,1,24,20,4,0,0,0.0,43,57.33333333,0,0,0,86,16,8,0,12,1144,0,0,0,0,0,0.0,0,0,0,0,136,0,0,6.82,0,0,0,0,0,0,0,0.0,0.0,0,3,0,0,1,2,25.0,27,17,62.96296296,8,8,34,63,58.33333333,55,303,220,523,3,0,715,14,1,0.0,0.07867132867132867,0.01668618881118881,0.0837771270104895,0.6293706293706294,0.15734265734265734,1.3374125874125875,1.2587412587412588,2.9895104895104896,1.5734265734265735,0.5506993006993007,0.0,0.0,-0.2121,-0.06490036999999993,57,0.19333776059604016,1,-1.0106260823244089,1.1008564303028168,-0.2121,-0.25753025899999993,1.077797202797203,13.522062426909965,0.0,5.521372307723427,0.4642201834862387,0.0,0.13314029720279721,0.16873225784116874,0.02133807433433793,0.18397334421112213,0.7582020192301052
Alphonse Aréola,West Ham United,G,0,0.0,21,127,30.6763285,95,157,252,46.66666667,5,71.42857143,2,20,1,142,0,0,0,0,29,0,0,3,2,1,0.02511728,0.0,1,0,0.0,0,1,37,34,3,0,0,-1.3957,1,50.0,0,15,0,288,1,1,0,20,1800,0,0,0,0,1,0.0,6,0,0,0,294,0,21,6.8,0,0,51,21,77,0,19,0.0,0.0,0,0,0,0,0,0,0.0,0,0,0.0,1,0,0,6,66.66666667,414,349,191,540,0,1,762,1,0,0.0,0.05,0.0,0.001255864,0.05,0.0,0.0,0.05,7.1,0.25,0.0,3.8499999999999996,-0.069785,0.0,0.97488272,30,0.15379672250481924,0,-1.5907381235733136,-1.98559925965429,0.0,0.6824179039999999,0.065,8.792813966499999,1.51557525,1.51557525,0.44954128440366947,0.0,0.08461805555555557,0.013404840484048407,0.0,0.0014680496483989501,0.36148367314416363
Axel Disasi,West Ham United,D,0,0.0,13,17,51.51515152,59,211,270,89.10891089,10,62.5,6,7,0,15,0,1,1,3,23,1,0,12,0,0,0.01886747,1.0198,5,0,0.0,0,0,9,8,1,0,0,0.0,6,50.0,0,0,0,33,6,1,0,7,630,0,1,0,0,0,0.0,0,0,0,0,40,1,0,6.742857143,0,0,0,0,0,0,0,0.0,0.0,0,4,1,1,3,0,0.0,3,3,100.0,1,0,0,16,57.14285714,33,85,218,303,5,0,369,3,0,0.0,0.0,0.1456857142857143,0.0026953528571428574,0.14285714285714285,0.0,0.4285714285714286,0.8571428571428572,2.142857142857143,1.4285714285714284,0.0,0.0,0.0,-1.0198,-0.01886747,32,0.14665549713167694,1,-1.6894157448197098,-0.8281777237607657,-1.0198,-1.033007229,0.6928571428571428,13.952724757428571,0.75,3.7489443907214284,0.40760157284403675,0.0,0.0,0.038299544240138296,0.186300936424452,0.0046516453461431856,0.5826677468600516
Soungoutou Magassa,West Ham United,M,1,11.11111111,53,18,51.42857143,160,153,313,80.25641026,11,40.74074074,16,20,0,51,1,0,2,0,14,6,14,55,0,0,0.30815571,0.442,17,0,14.28571429,1,1,23,21,2,1,0,0.0,62,61.38613861,0,0,0,77,16,5,0,11,977,0,0,0,0,1,0.0,0,0,0,0,107,4,0,6.74,0,1,0,0,0,0,0,977.0,0.0,0,2,5,3,2,5,62.5,40,21,52.5,5,8,9,73,57.03125,35,208,182,390,7,0,578,17,4,0.09211873080859775,0.0,0.040716479017400206,0.02838691289662232,0.4605936540429888,0.4605936540429888,1.9344933469805528,1.473899692937564,4.698055271238485,1.0133060388945752,1.2896622313203685,0.0,0.0,0.558,-0.30815571,37,0.17350482588953067,1,-1.3626231592877678,1.776856532055707,0.558,0.34229100300000004,1.1284544524053222,13.381279863948821,0.0,5.715119237260593,0.4055045871559635,0.11249651065413604,0.0,0.12348368920822483,0.05206768697973863,0.06147149470042506,0.7773899512040972
El Hadji Malick Diouf,West Ham United,D,15,20.83333333,115,42,31.81818182,266,287,553,73.63515313,38,55.88235294,30,25,5,90,4,0,4,3,96,15,12,94,0,1,1.799345,0.4571,22,0,0.0,0,5,40,37,3,0,0,0.0,66,50.76923077,0,0,0,198,29,15,0,23,2097,2,0,0,0,1,0.0,0,0,0,0,371,2,0,6.66,0,0,0,0,0,0,0,0.0,0.0,0,6,7,7,2,17,48.57142857,32,15,46.875,15,35,72,104,52.52525253,132,399,352,751,13,1,1342,17,4,0.0,0.21459227467811157,0.01961802575107296,0.07722510729613734,0.6437768240343348,0.7296137339055794,0.6437768240343348,1.244635193133047,3.8626609442060085,1.6309012875536482,0.5150214592274678,0.0,0.0,-0.4571,3.2006550000000002,128,0.20506812503722965,1,0.049788315067028625,0.6959387348863721,-0.4571,1.7833584999999998,0.8476394849785408,12.255566370787555,0.75,3.839979058684013,0.34678899082568826,0.0,0.36316762041010964,0.17259451267015113,0.025087268069785583,0.16948279663192894,0.5916834614332518
Tomá Sou?ek,West Ham United,M,0,0.0,110,16,34.7826087,230,261,491,76.24223602,52,55.91397849,41,28,0,48,1,4,4,3,69,7,18,96,0,0,0.40143408,4.3746,28,0,22.22222222,4,4,34,33,1,4,0,0.0,45,45.0,0,0,0,153,15,9,1,17,1612,5,0,0,0,0,0.0,0,0,0,0,205,3,0,6.635714286,1,2,0,0,0,0,0,403.0,0.0,0,16,2,3,11,3,37.5,29,16,55.17241379,9,8,11,97,50.25906736,46,343,301,644,18,0,901,14,2,0.22332506203473945,0.0,0.24423945409429282,0.02241257270471464,0.5024813895781638,0.1674937965260546,0.8933002481389578,0.8374689826302729,2.6799007444168734,2.903225806451613,1.0049627791563276,0.0,0.0,-0.37460000000000004,-0.40143408,82,0.21831126451239555,1,-0.7382321076556672,-0.6155258034479036,-0.37460000000000004,-0.655603856,0.9937965260545907,12.287782218632756,0.75,4.8516306502640205,0.32896461357798135,0.2727272727272727,0.0,0.13471365746996536,0.31233013636688167,0.048258552038563114,0.6918734462086964
Callum Wilson,West Ham United,F,1,25.0,42,1,25.0,64,20,84,63.63636364,16,28.57142857,40,25,1,25,0,6,8,0,3,14,5,77,0,0,0.3846784,6.5493,10,0,15.625,5,6,19,17,2,4,1,0.0,26,41.26984127,2,0,0,48,3,7,2,10,1053,8,0,0,0,0,0.0,0,0,0,0,121,8,0,6.624,0,1,0,0,0,0,0,210.6,0.0,0,28,4,12,12,11,57.89473684,3,1,33.33333333,7,19,4,42,35.29411765,4,102,30,132,32,2,305,12,0,0.42735042735042733,0.08547008547008547,0.5597692307692308,0.032878495726495725,0.5982905982905983,0.9401709401709402,0.08547008547008547,0.25641025641025644,2.1367521367521367,1.3675213675213675,0.42735042735042733,0.0,0.0,-1.5492999999999997,0.6153216,2,0.3511532301348369,2,1.1718690608237374,-2.3716793791742923,-1.5492999999999997,-1.1185748799999997,0.3162393162393163,10.297263913521368,0.0,0.737282358652137,0.32036697247706414,0.5218855218855218,0.1446462488129155,0.16039980066382706,0.7158253805818003,0.07140514837359675,0.28440461392655914
Kyle Walker-Peters,West Ham United,D,0,0.0,111,12,41.37931034,224,158,382,86.03603604,10,37.03703704,17,18,0,41,0,0,0,1,26,12,7,48,1,0,0.27424386,1.1305,9,0,20.0,1,1,22,21,1,1,0,0.0,62,66.66666667,0,0,0,62,7,5,0,10,971,1,0,0,0,0,0.0,0,0,0,0,109,4,0,6.594117647,0,1,0,0,0,0,0,971.0,0.0,0,5,0,2,3,10,66.66666667,34,21,61.76470588,5,15,9,72,60.0,29,264,180,444,5,0,704,18,2,0.09268795056642636,0.0,0.10478372811534502,0.025419101338825953,0.46343975283213185,0.9268795056642637,1.9464469618949536,0.6488156539649845,3.800205973223481,0.9268795056642637,0.6488156539649845,0.0,0.0,-0.13050000000000006,-0.27424386,47,0.14986501368380864,1,-0.5696393373161404,0.8570672648704697,-0.13050000000000006,-0.32247070200000005,0.9639546858908342,14.024015588131823,0.25,4.036006103267456,0.29843497027522936,0.11319164872202976,0.0,0.12424671921363095,0.1339960253868775,0.054907837010243675,0.6110972070111307
Aaron Wan-Bissaka,West Ham United,D,16,41.02564103,155,23,33.82352941,309,207,516,75.99410898,20,47.61904762,22,22,2,66,1,0,0,3,90,13,7,76,0,3,0.92856181,0.0,21,0,0.0,0,2,39,36,3,0,0,0.0,55,50.4587156,0,0,0,163,38,17,0,21,1906,1,0,0,0,0,0.0,0,0,0,0,291,3,0,6.590909091,0,0,0,0,0,0,0,0.0,0.0,0,0,0,0,0,14,46.66666667,29,19,65.51724138,17,30,39,75,49.66887417,68,427,252,679,0,1,1241,12,4,0.0,0.0944386149003148,0.0,0.04384604559286464,0.8027282266526757,0.6610703043022036,0.8971668415529905,1.794333683105981,3.1164742917103885,0.9443861490031479,0.3305351521511018,0.0,0.0,0.0,1.0714381899999998,140,0.15307019937656208,1,-0.6424227709859663,1.412118753191007,0.0,0.7500067329999999,0.9916054564533052,12.470151310654249,0.75,3.8250021114855453,0.2960800667889911,0.0,0.1598242392444911,0.21520887660644344,0.0,0.0956611503538207,0.5902002036355216
Jean-Clair Todibo,West Ham United,D,0,0.0,58,24,39.3442623,198,458,656,87.81793842,24,50.0,24,20,1,86,0,1,1,1,93,1,6,42,0,2,0.32636473,0.2442,7,0,0.0,0,1,34,32,2,0,0,0.0,43,70.49180328,0,0,1,91,16,5,0,20,1700,1,0,0,0,0,0.0,0,0,0,0,111,1,0,6.59,1,0,0,0,0,0,0,0.0,0.0,0,2,0,1,0,3,42.85714286,38,24,63.15789474,5,7,2,67,61.46788991,61,255,492,747,2,0,983,3,4,0.0,0.05294117647058823,0.012928235294117647,0.017278132764705884,0.2647058823529412,0.15882352941176472,1.2705882352941178,0.8470588235294116,4.552941176470588,1.2705882352941178,0.31764705882352945,0.0,0.0,-0.2442,0.67363527,127,0.1188412366230505,1,-1.4205882505732224,0.4331412528167969,-0.2442,0.22734468899999996,0.9052941176470588,14.407892649132354,0.25,4.1792513362213235,0.2954128440366972,0.0,0.08959558823529411,0.0709668025626092,0.01653245380591133,0.03690314569260357,0.62528365007933
Max Kilman,West Ham United,D,1,33.33333333,43,27,35.52631579,186,418,604,87.91848617,47,57.31707317,35,21,0,43,0,2,2,1,111,5,7,63,0,0,0.30917744,0.5682,16,0,0.0,0,0,37,35,2,0,0,0.0,22,44.0,0,0,0,83,9,4,0,17,1565,0,0,0,0,2,0.0,0,0,0,0,98,0,0,6.557894737,0,0,0,0,0,0,0,0.0,0.0,0,6,1,4,1,4,80.0,16,8,50.0,4,5,3,69,52.27272727,76,249,438,687,7,0,916,2,4,0.0,0.0,0.03267603833865815,0.017780172268370607,0.23003194888178916,0.23003194888178916,0.4600638977635783,0.5175718849840255,2.472843450479233,2.702875399361022,0.402555910543131,0.0,0.0,-0.5682,-0.30917744,121,0.09498399715375562,1,-1.3196387698107244,-1.105837308179909,-0.5682,-0.7846242080000001,0.7964856230031948,13.890940013295527,0.25,3.832932745925799,0.2718493482568807,0.0,0.0,0.061670831619903214,0.04178567933705937,0.0380134639809556,0.5909856224006794
Oliver Scarles,West Ham United,M,3,8.823529412,50,18,42.85714286,105,113,218,80.74074074,7,50.0,7,12,0,35,3,0,0,0,29,0,9,28,1,0,0.30986934,0.177,6,0,0.0,0,0,16,15,1,0,0,0.0,38,64.40677966,0,0,0,52,13,4,0,9,657,1,0,0,0,0,0.0,0,0,0,1,115,2,0,6.55,0,0,0,0,0,0,0,0.0,0.0,0,3,0,3,0,2,22.22222222,29,21,72.4137931,4,9,34,45,61.64383562,42,142,128,270,3,0,493,7,1,0.0,0.0,0.024246575342465753,0.04244785479452055,0.547945205479452,0.273972602739726,2.8767123287671232,1.7808219178082192,4.794520547945205,0.958904109589041,1.2328767123287672,0.0,0.0,-0.177,-0.30986934,54,0.10495248749934562,1,-1.812342248370293,3.441670516728907,-0.177,-0.393908538,1.547945205479452,13.512134033602742,0.0,5.556879239336987,0.2660550458715596,0.0,0.0,0.1469023614690236,0.031006195175241988,0.09256889007813585,0.761718485736355
Valentín Castellanos,West Ham United,F,1,20.0,46,0,0.0,72,35,107,66.04938272,13,36.11111111,23,11,0,18,1,4,5,1,13,9,3,62,0,0,0.53154829,2.6683,19,0,9.090909091,2,2,13,12,1,2,0,0.0,17,30.35714286,2,0,0,55,1,9,0,11,866,7,0,0,0,0,0.0,0,0,0,0,98,4,0,6.536363636,0,0,0,0,0,0,0,433.0,0.0,0,20,2,9,8,2,20.0,5,4,80.0,9,10,5,30,32.60869565,4,116,46,162,22,0,280,10,2,0.20785219399538105,0.0,0.2773060046189376,0.055241739145496536,0.9353348729792147,0.20785219399538105,0.4157043879907621,0.10392609699769052,1.8706697459584294,1.3510392609699768,0.3117782909930716,0.0,0.0,-0.6682999999999999,-0.53154829,15,0.21334748033731255,2,0.04985041610807405,-1.892832122977958,-0.6682999999999999,-1.0403838029999999,0.40011547344110854,10.716252484818705,0.25,0.8671615678169168,0.25604670532110063,0.2538316187276926,0.0,0.250760295429081,0.35461519744697034,0.12086404149601326,0.29726733869976185
Adama Traoré,West Ham United,F,4,19.04761905,41,1,33.33333333,55,19,74,77.89473684,1,7.142857143,13,22,0,14,1,0,3,0,2,11,2,38,0,0,0.56992261,0.3477,7,0,0.0,0,0,11,10,1,0,0,0.0,21,45.65217391,0,0,0,21,0,3,0,1,422,5,0,0,0,0,0.0,0,0,0,0,72,2,0,6.510526316,0,0,0,0,0,0,0,0.0,0.0,0,6,0,2,1,12,60.0,1,1,100.0,3,20,21,22,36.66666667,3,73,22,95,6,0,193,8,1,0.0,0.0,0.07415402843601897,0.12154747606635072,0.6398104265402843,2.559241706161137,0.2132701421800948,0.0,2.9857819905213274,0.2132701421800948,0.4265402843601896,0.0,0.0,-0.3477,-0.56992261,1,0.10633744817376864,0,0.9620967428566282,-1.4085883656034457,-0.3477,-0.746645827,0.05331753554502369,12.684976541936019,0.0,1.348093864594905,0.23708353467889864,0.0,0.0,0.17153113415606963,0.09482717646688607,0.2675068291421586,0.3448969770982455
Pablo Felipe,West Ham United,F,0,0.0,23,1,33.33333333,46,32,78,75.0,12,36.36363636,21,7,0,17,0,1,2,0,6,9,3,48,0,0,0.08909455,0.5397,12,0,0.0,0,0,7,6,1,0,0,0.0,20,42.55319149,0,0,0,26,4,5,0,5,407,0,0,0,0,0,0.0,0,0,0,0,50,1,0,6.4,0,0,0,0,0,0,0,0.0,0.0,0,6,0,4,0,5,62.5,11,6,54.54545455,5,8,0,32,40.0,3,66,38,104,6,0,182,5,0,0.0,0.0,0.11934398034398032,0.01970149754299754,1.1056511056511056,1.1056511056511056,1.3267813267813269,0.8845208845208845,3.759213759213759,2.6535626535626538,0.6633906633906634,0.0,0.0,-0.5397,-0.08909455,13,0.10651376898729069,1,-0.1747058388939877,0.8646377189622031,-0.5397,-0.602066185,1.160933660933661,12.581706701167075,0.0,1.5517997325184272,0.1559633027522933,0.0,0.0,0.2964215340452964,0.15261548054808244,0.04226269651090392,0.3650712030627903
Niclas Füllkrug,West Ham United,F,0,0.0,18,1,50.0,38,19,57,61.29032258,18,36.0,32,8,0,10,0,1,2,0,4,6,1,48,0,0,0.22563074,0.9172,11,0,0.0,0,0,11,11,0,0,0,0.0,3,15.78947368,0,0,0,36,2,7,0,5,408,3,0,0,0,0,0.0,0,0,0,0,51,2,0,6.1875,0,0,0,0,0,0,0,0.0,0.0,0,9,0,4,3,0,0.0,2,1,50.0,7,0,0,21,30.43478261,2,72,21,93,9,0,144,1,0,0.0,0.0,0.20232352941176474,0.04977148676470588,1.5441176470588236,0.0,0.22058823529411764,0.4411764705882353,2.2058823529411766,3.9705882352941178,0.22058823529411764,0.0,0.0,-0.9172,-0.22563074,6,0.08796881367891607,1,-0.24167423505451904,-1.0841075073998807,-0.9172,-1.075141518,0.9705882352941176,10.297903023397058,0.0,0.8353881385389704,0.0,0.0,0.0,0.4139730149485537,0.2587286143663301,0.10876594719077058,0.2941206235439548
Martin Dúbravka,Burnley,G,0,0.0,62,224,33.53293413,179,404,583,56.54704171,22,84.61538462,4,31,0,248,0,0,0,4,54,0,1,5,2,0,0.06433318,0.0,0,0,0.0,0,0,61,57,4,0,0,-3.0403,5,83.33333333,0,21,0,448,0,0,0,31,2790,0,0,0,0,0,0.0,7,0,0,0,455,0,40,6.938709677,0,0,74,35,111,2,27,0.0,0.0,0,0,0,0,0,0,0.0,1,1,100.0,0,0,0,27,84.375,668,584,447,1031,0,2,1364,6,1,0.0,0.0,0.0,0.002075263870967742,0.0,0.0,0.03225806451612903,0.0,8.0,0.7096774193548387,0.03225806451612903,3.580645161290323,-0.09807419354838709,0.0,-0.06433318,54,0.16540396557798162,0,-1.9435266201594665,-2.080965862653335,0.0,-0.045033226,0.14838709677419354,10.482575072467743,2.397932096774194,2.397932096774194,0.5513465519266054,0.0,0.0,0.0,0.0,0.0032802470065103504,0.44886881619202523
Bashir Humphreys,Burnley,D,3,18.75,93,38,38.0,213,301,514,80.56426332,19,45.23809524,23,15,0,52,1,1,4,2,68,5,12,58,0,1,0.62080105,0.3186,13,0,0.0,0,0,27,25,2,0,0,0.0,35,50.0,0,0,0,124,7,6,0,13,1240,0,0,0,0,0,0.0,0,0,0,0,168,1,0,6.928571429,0,0,0,0,0,0,0,0.0,0.0,0,4,3,2,1,5,50.0,24,16,66.66666667,6,10,16,54,48.21428571,100,289,349,638,7,1,876,6,5,0.0,0.0,0.023124193548387094,0.045058140725806446,0.43548387096774194,0.3629032258064516,1.1612903225806452,0.5080645161290323,3.774193548387097,1.379032258064516,0.8709677419354839,0.0,0.0,-0.3186,-0.62080105,79,0.18364155709994429,1,-1.1598835108743302,-0.14172726310040953,-0.3186,-0.753160735,0.7040322580645162,13.191871775116935,0.5,3.6074131883679432,0.5439056359633021,0.0,0.0,0.11675183647396999,0.029570908398581588,0.09834183859349861,0.5686510546242398
Josh Cullen,Burnley,M,1,8.333333333,164,42,43.75,350,378,728,84.06466513,17,51.51515152,16,18,2,73,4,0,4,2,35,10,12,55,0,2,1.35254865,0.9004,16,0,18.18181818,2,4,29,27,2,2,0,0.0,49,55.68181818,0,0,0,138,22,13,0,18,1519,0,1,0,0,1,0.0,0,0,0,0,183,3,0,6.911111111,0,2,0,0,0,0,0,759.5,0.0,0,3,8,1,6,2,33.33333333,31,18,58.06451613,13,6,12,66,54.54545455,96,465,401,866,11,1,1084,18,2,0.1184990125082291,0.1184990125082291,0.053348255431204736,0.08013783969716919,0.7702435813034891,0.1184990125082291,1.066491112574062,1.30348913759052,4.325213956550362,1.0072416063199474,0.7109940750493746,0.0,0.0,1.0996000000000001,0.6474513500000001,63,0.2734110291408804,1,-0.5521386234868676,0.7618698744969101,1.0996000000000001,1.552815945,0.8591178406846609,13.980622972018104,0.5,6.385199134944174,0.5310907236697249,0.14471243042671614,0.20054312047399606,0.20649984682470882,0.06822103314778397,0.17592464041181793,0.8437520222036563
James Ward-Prowse,Burnley,M,17,33.33333333,78,18,54.54545455,176,147,323,88.01089918,8,40.0,12,11,1,25,6,0,2,1,10,1,8,29,0,0,1.23884789,0.1237,7,0,0.0,0,1,17,17,0,0,0,0.0,15,46.875,0,0,0,44,10,17,0,8,737,0,0,0,0,0,0.0,0,0,0,0,88,3,0,6.863636364,0,0,0,0,0,0,0,0.0,0.0,1,0,2,0,0,0,0.0,8,4,50.0,17,1,51,23,44.23076923,33,214,153,367,2,0,489,7,1,0.0,0.12211668928086837,0.015105834464043419,0.15128400284938942,2.0759837177747626,0.0,0.4884667571234735,1.2211668928086838,3.0529172320217093,0.976933514246947,0.976933514246947,0.0,0.0,-0.1237,-0.23884788999999995,16,0.27562357458248843,1,0.4243357133341553,0.6168544597700474,-0.1237,-0.29089352299999993,0.5861601085481682,14.729279486938939,0.25,5.89258640728521,0.49624687266055023,0.0,0.20666553595658071,0.5565646116850491,0.01931713840249886,0.33327258916355984,0.7949655999856484
Jaidon Anthony,Burnley,M,12,20.33898305,191,25,58.13953488,323,205,528,79.16041979,11,35.48387097,20,30,1,119,5,2,12,2,24,34,25,143,0,3,2.56174026,3.9629,20,0,15.2173913,7,8,46,44,2,7,0,0.0,96,43.83561644,0,0,2,139,13,31,5,25,2131,7,0,0,0,1,0.0,0,0,0,1,354,20,0,6.86,0,2,0,0,0,0,0,304.4285714,0.0,0,32,14,16,18,27,38.02816901,34,18,52.94117647,31,71,59,107,42.8,43,419,248,667,46,1,1182,38,4,0.29563585171281087,0.04223369310183012,0.1673679023932426,0.10819175194744252,1.3092444861567338,1.1403097137494136,0.7602064758329422,0.5490380103237916,5.025809479117785,0.4645706241201314,1.0558423275457531,0.0,0.0,3.0371,-1.56174026,30,0.3266802710826324,0,1.0239678755003465,-0.6196754977282266,3.0371,1.9438818180000002,0.36532144533083055,13.615798846421164,0.5,6.296936554834632,0.49357798165137634,0.36103408557655386,0.0714746597841389,0.35100426983101873,0.2140278276160047,0.23796910425166617,0.8350108442813191
Zian Flemming,Burnley,F,1,33.33333333,51,7,53.84615385,95,36,131,65.82914573,50,43.85964912,64,22,0,24,0,8,10,0,24,13,4,117,0,0,0.30912584,6.0202,31,0,21.05263158,8,8,22,21,1,7,1,0.0,30,36.14457831,3,0,0,68,5,8,1,14,1222,2,0,0,2,0,100.0,0,2,0,0,140,1,0,6.768181818,0,4,0,0,0,0,0,152.75,0.0,1,30,8,12,16,3,30.0,10,6,60.0,8,10,3,80,40.60913706,13,154,45,199,38,1,423,17,3,0.5891980360065466,0.0,0.4433862520458265,0.022767042225859246,0.5891980360065466,0.220949263502455,0.44189852700491,0.36824877250409166,1.76759410801964,3.6824877250409167,0.2945990180032733,0.0,0.0,1.9798,-0.30912584,31,0.3881344488996548,2,0.5783978832526503,-2.499199684836708,1.9798,1.763411912,0.9574468085106383,10.528181459663664,0.0,2.9975308338006132,0.4261884902752291,0.7195357833655706,0.0,0.15796211372364732,0.5669963891714639,0.04904250228374756,0.5082507109412135
Hannibal Mejbri,Burnley,M,9,34.61538462,129,15,41.66666667,214,91,305,77.21518987,5,17.24137931,24,23,3,56,4,0,6,1,5,27,12,86,0,2,1.32017823,0.5481,17,0,7.142857143,1,4,22,22,0,1,0,0.0,78,55.71428571,0,0,0,90,8,14,0,12,1012,3,0,0,0,1,0.0,0,0,0,0,182,7,0,6.719047619,0,1,0,0,0,0,0,1012.0,0.0,1,4,10,4,4,16,59.25925926,25,13,52.0,14,27,26,83,49.11242604,36,281,114,395,14,1,653,37,7,0.08893280632411067,0.266798418972332,0.048744071146245065,0.11740715484189723,1.2450592885375493,1.4229249011857708,1.1561264822134387,0.7114624505928854,4.980237154150197,0.44466403162055335,1.067193675889328,0.0,0.0,0.45189999999999997,1.67982177,14,0.29079610674726397,0,1.713858478352532,0.9592192588316237,0.45189999999999997,1.627775239,0.5469367588932806,13.292460308736166,0.25,6.077481570873123,0.3901266928440368,0.10860582105641393,0.4515192687747035,0.3337964231205729,0.06233326406922824,0.2583500310384126,0.8132768879617731
Lesley Ugochukwu,Burnley,M,1,16.66666667,139,22,55.0,314,243,557,82.88690476,22,44.89795918,27,30,1,86,0,1,8,1,20,27,16,108,1,0,0.29368362,2.2512,25,0,15.0,3,4,43,40,3,3,0,0.0,81,50.0,2,0,0,115,16,8,1,22,1991,1,0,0,0,1,0.0,0,0,0,0,186,5,0,6.716666667,1,0,0,0,0,0,0,663.6666667,0.0,0,13,7,5,7,10,38.46153846,46,24,52.17391304,8,26,6,103,48.81516588,40,398,274,672,20,0,983,26,1,0.13561024610748368,0.04520341536916123,0.10176192867905574,0.013275502661978904,0.36162732295328986,0.45203415369161226,1.0848819688598694,0.7232546459065797,3.8874937217478656,0.9944751381215469,0.7232546459065797,0.0,0.0,0.7488000000000001,0.7063163800000001,44,0.20077192968848634,1,-0.7038515747559776,-0.18461663043321566,0.7488000000000001,1.243221466,0.6870919136112505,13.534797583136111,0.25,6.048626002376694,0.3883792051376149,0.16560887630701795,0.07650050226017079,0.09695113157724614,0.13013178881826304,0.02805086739154371,0.8104191462328951
Florentino Luís,Burnley,M,1,11.11111111,134,35,63.63636364,331,383,714,85.61151079,19,47.5,21,24,2,85,0,2,3,1,48,12,29,104,1,3,0.42133656,0.5687,31,0,0.0,0,2,37,36,1,0,0,0.0,89,51.74418605,0,0,0,120,30,9,0,20,1665,1,0,0,0,1,0.0,0,0,0,0,170,2,0,6.7125,0,0,0,0,0,0,0,0.0,0.0,0,2,7,5,1,7,38.88888889,75,40,53.33333333,9,18,9,108,50.94339623,55,414,420,834,9,0,1147,7,4,0.0,0.1081081081081081,0.03074054054054054,0.022774949189189188,0.4864864864864865,0.3783783783783784,2.1621621621621623,1.6216216216216217,4.594594594594595,1.027027027027027,1.5675675675675675,0.0,0.0,-0.5687,1.57866344,89,0.17568280218640075,1,-1.1468649231836743,2.6213238508809296,-0.5687,0.5363644079999998,1.2135135135135138,14.166339274716215,0.25,6.123784175789189,0.3853211009174311,0.0,0.18295795795795797,0.13042547497993043,0.039310590725902844,0.04905998944546786,0.8178625153854979
Marcus Edwards,Burnley,M,4,23.52941176,113,5,50.0,173,60,233,82.62411348,1,12.5,7,19,3,42,5,2,9,0,4,23,16,71,0,0,1.66306873,1.4542,7,0,4.761904762,1,4,16,15,1,1,0,0.0,32,33.33333333,0,0,1,49,2,18,1,9,911,1,0,0,0,0,0.0,0,0,0,0,148,6,0,6.644444444,0,0,0,0,0,0,0,911.0,0.0,4,12,9,7,5,12,37.5,8,4,50.0,18,32,17,33,31.73076923,10,215,67,282,21,0,462,12,0,0.09879253567508232,0.29637760702524696,0.14366410537870472,0.16429877683863886,1.7782656421514818,1.1855104281009878,0.3951701427003293,0.19758507135016465,4.149286498353457,0.09879253567508232,1.5806805708013172,0.0,0.0,-0.45419999999999994,1.33693127,-6,0.32097254329910374,0,2.507860429241936,-0.404002009704391,-0.45419999999999994,0.481651889,-0.01975850713501648,14.094406315551044,0.0,5.826471580393415,0.33537206899082594,0.12064664205169144,0.5015779363336992,0.4767473454260903,0.18371573008279746,0.36205626350302444,0.7884178482153235
Maxime Estève,Burnley,D,2,40.0,83,40,35.71428571,283,672,955,86.81818182,71,68.26923077,33,28,0,91,1,0,0,1,177,3,13,60,2,1,0.64193599,0.6657,10,0,0.0,0,0,57,55,2,0,0,0.0,46,63.01369863,0,0,0,145,32,7,0,28,2405,0,2,0,0,0,0.0,0,0,0,0,162,2,0,6.628571429,0,0,0,0,0,0,0,0.0,0.0,0,8,1,8,1,2,66.66666667,32,22,68.75,7,3,5,117,66.10169492,112,382,718,1100,9,1,1450,12,0,0.0,0.0,0.024911850311850312,0.02402255264033264,0.26195426195426197,0.07484407484407485,0.8232848232848233,1.1975051975051976,3.4054054054054057,2.6569646569646572,0.4864864864864865,0.0,0.0,-0.6657,-0.64193599,218,0.11083670419212656,1,-1.7960385876318887,0.1506092046222049,-0.6657,-1.115055193,1.105821205821206,13.971768254195426,0.25,3.9891765080915804,0.3237221497247704,0.0,0.0,0.07022910191227023,0.03185693987854915,0.051819208427846535,0.6064593885499514
Hjalmar Ekdal,Burnley,D,0,0.0,28,22,40.74074074,117,286,403,84.48637317,40,61.53846154,25,15,0,31,0,1,1,2,96,2,3,35,1,1,0.25656847,0.211,5,0,0.0,0,0,24,21,3,0,0,0.0,23,69.6969697,0,0,0,74,9,3,0,13,1179,2,0,0,0,0,0.0,0,0,0,0,82,0,0,6.628571429,0,0,0,0,0,0,0,0.0,0.0,0,5,0,3,1,2,100.0,19,13,68.42105263,3,2,1,63,64.28571429,54,165,312,477,5,0,653,3,0,0.0,0.0,0.01610687022900763,0.019585379389312978,0.22900763358778628,0.15267175572519084,0.9923664122137404,0.6870229007633587,2.3664122137404577,3.0534351145038165,0.22900763358778628,0.0,0.0,-0.211,-0.25656847,115,0.10838580226160313,1,-1.4542907005789163,-0.3027490706371194,-0.211,-0.390597929,1.129770992366412,13.349608045538167,0.5,3.956674917454389,0.3237221497247704,0.0,0.0,0.06139621595747362,0.02059724950550965,0.04200588781616076,0.6032405591642018
Kyle Walker,Burnley,D,6,20.68965517,195,75,37.87878788,434,429,863,75.56917688,39,50.0,39,29,2,128,3,0,2,4,89,13,17,107,0,2,1.05469485,0.127,27,0,0.0,0,2,53,49,4,0,0,0.0,74,52.11267606,0,0,0,279,38,10,0,29,2549,1,0,0,0,0,0.0,0,0,0,0,487,4,0,6.596551724,0,0,0,0,0,0,0,0.0,0.0,0,1,2,1,0,11,47.82608696,43,24,55.81395349,10,23,29,113,51.36363636,198,635,507,1142,3,0,1828,20,8,0.0,0.07061592781482934,0.004484111416241663,0.03723912769713613,0.3530796390741467,0.3883876029815614,0.8473911337779522,1.3417026284817577,4.519419380149078,1.3770105923891722,0.6002353864260495,0.0,0.0,-0.127,0.94530515,134,0.1287403155243677,1,-1.2904044150174332,0.6317577058924226,-0.127,0.534713605,0.8844644958807375,12.598119032637504,1.0,3.7604154964378185,0.30022144880733936,0.0,0.1195076500588466,0.09465952479908642,0.0057342215053361265,0.08104918911228727,0.5838037999406263
Joe Worrall,Burnley,D,0,0.0,6,5,26.31578947,19,106,125,80.64516129,21,50.0,21,11,0,10,0,0,0,0,60,0,2,27,0,0,0.02442092,0.08,4,0,0.0,0,0,11,10,1,0,0,0.0,4,40.0,0,0,0,30,5,0,0,5,517,0,0,0,0,0,0.0,0,0,0,0,37,0,0,6.57,0,0,0,0,0,0,0,0.0,0.0,0,1,0,1,0,0,0.0,4,3,75.0,0,0,0,25,48.07692308,19,43,112,155,1,0,253,1,0,0.0,0.0,0.013926499032882012,0.004251223984526112,0.0,0.0,0.5222437137330754,0.8704061895551258,1.7408123791102517,3.6557059961315277,0.3481624758220503,0.0,0.0,-0.08,-0.02442092,66,0.08600108549414004,1,-1.790890374379251,-0.7705789189152795,-0.08,-0.09709464400000001,1.122823984526112,12.533040094273694,0.0,3.792390217684091,0.28073394495412796,0.0,0.0,0.0,0.01780902007901648,0.008092633862867933,0.5869704502592994
Lucas Pires,Burnley,D,6,12.76595745,107,11,30.55555556,204,160,364,82.91571754,3,25.0,9,15,0,69,1,0,4,1,30,8,18,53,0,0,1.21544745,0.3182,11,0,0.0,0,0,24,20,4,0,0,0.0,38,46.34146341,0,0,1,75,15,16,0,12,1103,5,0,0,0,0,0.0,0,0,0,0,172,5,0,6.56,1,0,0,0,0,0,0,0.0,0.0,0,6,5,6,1,11,61.11111111,24,19,79.16666667,16,18,47,41,43.61702128,36,256,183,439,11,0,742,3,0,0.0,0.0,0.025963735267452402,0.09917522257479602,1.3055303717135085,0.8975521305530372,1.5503173164097914,1.2239347234814144,5.630099728014506,0.24478694469628287,1.4687216681776971,0.0,0.0,-0.3182,-1.21544745,46,0.13783983538797173,1,-0.4670821569050432,1.6454996019680457,-0.3182,-1.169013215,0.7384406165004533,14.326611998747053,0.25,3.849365387337035,0.2733944954128438,0.0,0.0,0.35000852759800005,0.03320207624418578,0.2180280092046948,0.5926130464135658
Loum Tchaouna,Burnley,F,4,22.22222222,67,10,76.92307692,122,57,179,74.58333333,13,40.625,19,23,0,23,0,1,4,0,8,11,14,60,0,2,0.69158455,0.9393,4,0,6.25,1,1,15,13,2,0,1,0.0,29,41.42857143,0,0,3,61,2,5,1,9,891,1,0,0,0,0,0.0,0,0,0,0,126,3,0,6.552173913,0,0,0,0,0,0,0,891.0,0.0,2,7,9,5,7,4,25.0,14,7,50.0,5,16,18,42,41.17647059,13,165,75,240,16,0,403,12,1,0.10101010101010102,0.0,0.09487878787878788,0.06985702525252525,0.505050505050505,0.4040404040404041,0.7070707070707072,0.20202020202020204,2.323232323232323,1.3131313131313131,1.4141414141414144,0.0,0.0,0.060699999999999976,-0.69158455,3,0.1435771998769557,2,-0.5457611851155948,-1.29210967837362,0.060699999999999976,-0.42340918499999997,0.35858585858585856,11.962540013388889,0.0,1.512682699116919,0.2676505783486238,0.1233547597183961,0.0,0.13540242913180206,0.12132972072999204,0.15318743305320132,0.36119720630978097
Axel Tuanzebe,Burnley,D,0,0.0,27,17,32.0754717,110,264,374,84.04494382,19,48.71794872,20,11,0,29,0,0,0,1,67,0,5,35,0,2,0.13002825,0.606,10,0,50.0,1,1,22,22,0,1,0,0.0,14,48.27586207,0,0,0,71,8,0,0,11,932,1,1,0,0,1,0.0,0,0,0,0,74,0,0,6.527272727,0,1,0,0,0,0,0,932.0,0.0,0,2,0,1,1,0,0.0,12,6,50.0,0,0,1,33,48.52941176,53,153,292,445,2,0,569,2,1,0.09656652360515021,0.0,0.05851931330472102,0.012556376072961374,0.0,0.0,0.5793991416309013,0.7725321888412017,2.800429184549356,1.834763948497854,0.48283261802575106,0.0,0.0,0.394,-0.13002825,76,0.11177776709854674,1,-1.6034713039546806,-0.9802406218131384,0.394,0.302980225,0.7290772532188841,13.309987963155578,0.25,3.8103903764702247,0.24937447853210948,0.11792820912992585,0.0,0.0,0.0748337125643243,0.026460435966132203,0.5887531150124105
Jacob Bruun Larsen,Burnley,F,7,17.94871795,98,3,30.0,153,63,216,81.50943396,9,34.61538462,17,23,1,29,2,2,6,0,13,10,5,58,0,0,1.07406984,1.3572,1,0,0.0,0,1,26,24,2,0,0,0.0,22,34.92063492,0,0,1,49,6,11,0,10,970,3,0,0,0,0,0.0,0,0,0,0,138,4,0,6.52173913,0,0,0,0,0,0,0,0.0,0.0,5,8,8,6,4,10,28.57142857,12,4,33.33333333,11,35,39,31,34.83146067,10,194,71,265,16,0,463,0,0,0.0,0.09278350515463918,0.12592577319587628,0.09965596453608247,1.0206185567010309,0.9278350515463918,0.3711340206185567,0.5567010309278351,2.6907216494845363,0.8350515463917526,0.4639175257731959,0.0,0.0,-1.3572,-0.07406983999999994,18,0.16214548179128904,0,0.33977966911289137,-0.5694078073984131,-1.3572,-1.4090488879999998,0.39432989690721654,13.281225992350514,0.0,0.9748302225432989,0.24531312293578011,0.0,0.15702319587628868,0.2736245789527406,0.16103218892386187,0.219091225520738,0.3079304177356788
Lyle Foster,Burnley,F,1,16.66666667,73,6,50.0,134,51,185,70.34220532,27,28.42105263,68,23,2,37,2,3,7,0,19,26,8,132,0,0,0.47419987,3.038,21,0,16.66666667,3,5,27,26,1,3,0,0.0,36,36.0,0,0,0,78,4,10,1,15,1307,11,0,0,0,0,0.0,0,0,0,0,173,7,0,6.5,0,2,0,0,0,0,0,435.6666667,0.0,0,13,5,6,5,10,47.61904762,14,10,71.42857143,10,21,6,63,32.30769231,12,199,64,263,18,0,488,13,4,0.20657995409334354,0.13771996939556236,0.20919663351185921,0.032653395791889826,0.6885998469778118,0.6885998469778118,0.6885998469778118,0.2754399387911247,2.5478194338179034,1.8592195868400918,0.5508798775822494,0.0,0.0,-0.03799999999999981,1.52580013,25,0.23293470760373583,2,0.7281811229243281,-1.0572732361763606,-0.03799999999999981,1.030060091,0.6128538638102524,11.437458951844683,0.0,2.5494492974077274,0.2293577981651369,0.25227794393823466,0.23307192042846214,0.18461142212155418,0.2675178476571052,0.07090731389588066,0.46387448232356626
Quilindschy Hartman,Burnley,D,11,15.49295775,100,26,33.76623377,200,246,446,76.76419966,10,37.03703704,17,17,4,55,5,0,1,2,56,5,7,46,1,0,1.74547849,0.2055,10,0,0.0,0,4,31,31,0,0,0,0.0,42,59.15492958,0,0,0,135,23,19,0,17,1503,1,0,0,0,0,0.0,0,0,0,0,259,0,0,6.458823529,0,0,0,0,0,0,0,0.0,0.0,0,2,5,3,3,3,30.0,36,22,61.11111111,19,10,71,52,53.06122449,77,300,281,581,7,0,965,3,1,0.0,0.23952095808383234,0.012305389221556886,0.10451967005988023,1.1377245508982035,0.17964071856287422,1.3173652694610778,1.377245508982036,3.293413173652695,0.5988023952095808,0.41916167664670656,0.0,0.0,-0.2055,2.25452151,94,0.18813879648456935,1,0.19120919004147302,1.7282796286854267,-0.2055,1.3726650569999999,0.9311377245508983,12.762316752742514,0.5,3.9551615814661676,0.19913653504587092,0.0,0.40535595475715236,0.30502032239152055,0.015735966606495237,0.22984787146754354,0.6030906843348812
Josh Laurent,Burnley,M,4,26.66666667,91,15,26.78571429,218,233,451,77.49140893,25,52.08333333,23,28,0,56,0,1,4,1,37,12,20,85,1,0,0.4478736,0.8329,25,0,7.692307692,1,1,36,33,3,1,0,0.0,57,47.89915966,0,0,1,131,23,11,0,16,1596,2,0,0,0,1,0.0,0,0,0,0,181,2,0,6.446428571,1,1,0,0,0,0,0,1596.0,0.0,0,6,7,5,4,7,53.84615385,40,21,52.5,11,13,15,82,49.10179641,56,307,275,582,13,0,823,10,7,0.05639097744360902,0.0,0.04696804511278195,0.025256030075187966,0.6203007518796992,0.39473684210526316,1.1842105263157894,1.2969924812030074,3.1578947368421053,1.4097744360902256,1.1278195488721803,0.0,0.0,0.16710000000000003,-0.4478736,61,0.10517944021914369,1,-1.1267672160892215,0.7378440807008662,0.16710000000000003,-0.14641151999999996,0.9163533834586466,12.636604294387219,0.25,5.179347786446617,0.19003931816513742,0.06886534518113464,0.0,0.16630065262165314,0.060062105810708255,0.05454718609532514,0.7243292592159257
Armando Broja,Burnley,F,0,0.0,46,1,100.0,70,22,92,69.17293233,33,30.8411215,74,20,1,25,1,3,8,0,8,20,5,125,0,0,0.13572765,2.1458,12,0,6.25,1,2,25,21,4,1,0,0.0,27,34.61538462,1,0,0,41,3,4,0,8,829,5,0,0,0,0,0.0,0,0,0,0,110,6,0,6.395,0,0,0,0,0,0,0,829.0,0.0,0,15,1,2,6,7,33.33333333,6,3,50.0,4,21,2,60,32.43243243,1,103,30,133,16,0,297,14,0,0.10856453558504221,0.10856453558504221,0.2329577804583836,0.014735209288299156,0.43425814234016885,0.7599517490952955,0.32569360675512665,0.32569360675512665,2.7141133896260556,3.5826296743063932,0.5428226779252111,0.0,0.0,-1.1458,0.86427235,9,0.16283304643832405,2,0.13430415736981224,-1.3315957884055563,-1.1458,-0.5408093549999999,0.8468033775633294,11.210142349047645,0.0,1.3605946738634798,0.15229357798165122,0.13258032679021822,0.1837303980699638,0.116423222539383,0.2979032835137393,0.031279177018577325,0.34613500795859653
Sam Johnstone,Wolverhampton,G,0,0.0,33,127,39.6875,99,146,245,55.93607306,3,75.0,1,12,0,108,0,0,0,0,24,0,0,1,1,0,0.04546227,0.0,0,0,0.0,0,0,24,18,6,0,0,-5.2984,2,100.0,0,7,0,193,0,0,0,12,1080,0,1,0,0,0,0.0,1,0,0,0,195,0,14,6.883333333,0,0,26,13,39,0,15,0.0,0.0,0,0,0,0,0,0,0.0,2,1,50.0,0,0,0,5,83.33333333,320,270,168,438,0,0,576,0,0,0.0,0.0,0.0,0.0037885224999999996,0.0,0.0,0.08333333333333334,0.0,9.0,0.25,0.0,3.2499999999999996,-0.4415333333333333,0.0,-0.04546227,25,0.15321100910091748,0,-2.0321673856227713,-1.9742603944622923,0.0,-0.031823589,0.07916666666666666,10.641358089625,1.1454633333333333,1.1454633333333333,0.5107033636697249,0.0,0.0,0.0,0.0,0.007069316142714847,0.324829248236741
André,Wolverhampton,M,8,21.05263158,146,44,62.85714286,417,523,940,90.21113244,4,23.52941176,13,28,0,162,1,0,7,1,44,23,26,107,1,4,0.77133741,0.4376,33,0,9.090909091,1,1,39,34,5,0,1,0.0,114,54.80769231,0,0,0,102,25,13,1,23,2136,0,0,0,0,0,0.0,0,0,0,0,191,7,0,6.857142857,0,0,0,0,0,0,0,2136.0,0.0,1,1,10,3,1,13,50.0,64,32,50.0,13,26,38,118,52.44444444,70,483,559,1042,11,1,1402,37,9,0.042134831460674156,0.0,0.01843820224719101,0.03250017176966292,0.5477528089887641,0.5477528089887641,1.348314606741573,1.053370786516854,6.825842696629214,0.16853932584269662,1.0955056179775282,0.0,0.0,0.5624,-0.77133741,75,0.18469366016333943,1,-1.3308867675184406,0.8481041681759406,0.5624,0.022463813,0.6573033707865168,15.437969066245786,0.25,6.315633825855618,0.4914809959633031,0.05145556690500511,0.0,0.14685078058367637,0.023578525605457777,0.07056844129153077,0.8368625482815166
Emmanuel Agbadou,Wolverhampton,D,4,28.57142857,74,50,42.73504274,197,350,547,83.00455235,26,63.41463415,15,14,0,66,0,0,3,0,65,5,7,38,2,0,0.39670705,0.5605,10,0,0.0,0,0,27,22,5,0,0,0.0,41,64.0625,0,0,0,112,13,4,0,12,1101,0,0,0,0,0,0.0,0,0,0,0,147,1,0,6.85,1,0,0,0,0,0,0,0.0,0.0,1,6,4,4,3,4,80.0,32,20,62.5,4,5,14,67,63.80952381,117,283,376,659,10,1,872,5,1,0.0,0.0,0.045817438692098096,0.032428369209809266,0.32697547683923706,0.32697547683923706,1.6348773841961854,1.0626702997275204,5.395095367847411,2.1253405994550407,0.5722070844686649,0.0,0.0,-0.5605,-0.39670705,91,0.16487979453673432,1,-1.6818031868695842,1.1018786231841247,-0.5605,-0.838194935,1.2302452316076293,13.922005203658038,0.0,4.092919199629087,0.48623853211009127,0.0,0.0,0.08766108218451273,0.058590725760300603,0.07040964164573787,0.6167336556713751
Rodrigo Gomes,Wolverhampton,M,2,10.0,54,2,25.0,94,43,137,78.28571429,6,37.5,10,15,0,21,0,0,1,0,12,4,4,34,0,0,0.32577077,1.698,4,0,21.42857143,3,3,11,8,3,3,0,0.0,27,52.94117647,0,0,0,38,6,3,0,6,620,3,0,0,0,0,0.0,0,0,0,0,102,5,0,6.84,0,3,0,0,0,0,0,206.6666667,0.0,0,13,1,7,6,3,20.0,17,13,76.47058824,3,15,20,33,49.25373134,8,119,56,175,14,0,335,7,0,0.43548387096774194,0.0,0.24648387096774194,0.047289305322580646,0.43548387096774194,0.43548387096774194,1.8870967741935485,0.8709677419354839,3.048387096774194,0.8709677419354839,0.5806451612903226,0.0,0.0,1.302,-0.32577077,27,0.3256570723508917,2,-0.1447536107568624,0.1681860865201186,1.302,1.073960461,1.0088709677419356,12.669195598862903,0.0,5.699036617493549,0.4788990825688071,0.5318181818181819,0.0,0.11675183647396999,0.3152002665460863,0.103276316534056,0.7757971919547465
José Sá,Wolverhampton,G,0,0.0,35,122,34.95702006,95,261,356,60.44142615,15,93.75,1,19,0,172,0,0,0,4,40,0,0,1,1,1,0.06968808,0.0,0,0,0.0,0,0,30,27,3,0,0,-3.0353,4,100.0,0,23,0,233,0,1,0,19,1710,0,0,0,0,0,0.0,2,0,0,0,236,0,26,6.831578947,0,0,36,14,50,0,6,0.0,0.0,0,0,0,0,0,0,0.0,0,0,0.0,1,0,0,19,95.0,349,295,294,589,0,1,802,6,2,0.0,0.0,0.0,0.0036677936842105263,0.052631578947368425,0.0,0.0,0.0,9.052631578947368,0.7894736842105263,0.0,2.631578947368421,-0.15975263157894737,0.0,-0.06968808,40,0.14393210172394175,0,-1.9875986474938465,-2.051222338999701,0.0,-0.048781656,0.15789473684210528,11.348709818289473,1.9967181578947368,1.9967181578947368,0.47271849321100845,0.0,0.0,0.01411035840426148,0.0,0.006802310436742243,0.4091341696372287
Mateus Mané,Wolverhampton,F,15,30.0,83,6,26.08695652,147,80,227,78.27586207,7,25.92592593,20,20,1,52,2,0,5,3,21,28,12,115,0,1,1.65710416,1.3625,21,0,6.666666667,2,3,20,19,1,0,2,0.0,72,43.11377246,0,0,1,63,4,15,0,14,1291,1,0,1,0,0,0.0,0,0,0,2,218,7,0,6.83,0,2,0,0,0,0,0,645.5,0.0,2,8,22,13,12,19,34.54545455,17,8,47.05882353,14,55,50,79,40.72164948,23,191,99,290,30,1,641,36,0,0.139426800929512,0.069713400464756,0.09498450813323005,0.11552236591789311,1.04570100697134,1.3245546088303641,0.557707203718048,0.278853601859024,3.6250968241673123,0.487993803253292,0.836560805577072,0.0,0.0,0.6375,-0.65710416,21,0.2618302213261145,0,0.921495934929955,-0.9034268303386436,0.6375,0.17752708799999994,0.25096824167312165,13.04252946046127,0.75,2.1146215592365025,0.4715596330275229,0.17026969931694952,0.11798024786986833,0.28034910384919204,0.1214649143726781,0.25418160286348024,0.42081085762321346
João Gomes,Wolverhampton,M,9,34.61538462,226,33,58.92857143,530,509,1039,85.93879239,23,51.11111111,22,29,1,164,2,0,4,2,37,40,40,179,0,1,1.83324107,1.1477,56,0,6.25,1,2,43,37,6,1,0,0.0,161,50.62893082,0,0,0,170,31,14,0,26,2309,0,0,0,0,0,0.0,0,0,0,0,293,9,0,6.796551724,0,1,0,0,0,0,0,2309.0,0.0,2,8,8,6,6,37,63.79310345,85,55,64.70588235,14,58,26,184,50.68870523,56,649,560,1209,16,1,1692,39,9,0.0389779125162408,0.0389779125162408,0.04473495019488956,0.07145591004763967,0.5456907752273712,1.4421827631009094,2.1437851883932435,1.2083152880034647,6.39237765266349,0.8964919878735383,1.559116500649632,0.0,0.0,-0.14769999999999994,-0.8332410699999999,83,0.18686148614921086,1,-0.5307044011734514,2.1916067911287183,-0.14769999999999994,-0.7309687489999999,1.0582503248159376,14.697769020507362,0.5,5.798370173566132,0.44701043963302745,0.04760029922437891,0.06596470333477697,0.14629795591079248,0.05720645399633655,0.15672355125908874,0.7856347956845635
Santiago Bueno,Wolverhampton,D,2,40.0,61,44,47.82608696,242,494,736,87.10059172,37,54.41176471,31,22,1,50,0,0,1,4,84,3,10,65,0,1,1.03095708,1.6807,21,0,33.33333333,2,3,33,29,4,2,0,0.0,50,59.52380952,0,0,0,109,20,7,0,21,1923,1,0,0,0,0,0.0,0,0,0,1,128,0,0,6.790909091,0,2,0,0,0,0,0,961.5,0.0,0,6,0,0,5,0,0.0,41,21,51.2195122,7,1,5,87,57.23684211,92,313,532,845,6,0,1097,9,4,0.093603744149766,0.046801872074883,0.07865990639625585,0.04825072137285492,0.32761310452418096,0.0,0.982839313572543,0.9360374414976599,2.3400936037441498,1.7316692667706708,0.46801872074882994,0.0,0.0,0.3192999999999999,-0.03095708000000008,115,0.20051308515993305,1,-1.1210625225625668,-0.12580868371609533,0.3192999999999999,0.29763004399999987,0.9009360374414976,13.776839425862715,1.0,4.029415985530577,0.4428690576146783,0.1143100269465324,0.07920566822672907,0.08783202813261046,0.10058923273659093,0.10540259905872279,0.610444547734734
Angel Gomes,Wolverhampton,M,2,50.0,29,8,66.66666667,50,56,106,86.17886179,0,0.0,1,7,0,13,0,0,0,0,2,0,2,9,0,0,0.16265095,0.1108,5,0,0.0,0,0,4,4,0,0,0,0.0,16,66.66666667,0,0,0,17,0,3,0,4,302,0,0,0,0,0,0.0,0,0,0,0,26,0,0,6.771428571,0,0,0,0,0,0,0,0.0,0.0,0,0,3,2,1,2,66.66666667,8,4,50.0,3,3,4,16,64.0,12,58,65,123,3,0,166,6,1,0.0,0.0,0.033019867549668874,0.04847213741721854,0.8940397350993378,0.5960264900662252,1.1920529801324504,0.0,3.8741721854304636,0.0,0.5960264900662252,0.0,0.0,-0.1108,-0.16265095,4,0.16874734493510102,0,-0.3577785167765384,-0.5037646306226188,-0.1108,-0.22465566499999998,0.32781456953642385,14.220404256496687,0.0,5.66386235050596,0.42857142825688044,0.0,0.0,0.2396892007081503,0.04222536351814356,0.10589228618811584,0.7723136712413851
Jean-Ricner Bellegarde,Wolverhampton,M,4,18.18181818,100,21,53.84615385,195,107,302,80.1061008,6,23.07692308,20,22,1,37,1,0,6,0,18,17,3,66,3,0,1.00999903,0.9772,17,0,5.0,1,2,26,20,6,1,0,0.0,74,61.66666667,0,0,0,75,10,12,0,13,1089,0,0,1,0,0,0.0,0,0,0,0,151,4,0,6.763636364,0,1,0,0,0,0,0,1089.0,0.0,2,5,15,7,7,16,64.0,25,14,56.0,11,25,22,80,54.79452055,39,250,127,377,20,0,627,33,4,0.08264462809917356,0.08264462809917356,0.0807603305785124,0.08347099421487603,0.9917355371900827,1.322314049586777,1.1570247933884297,0.8264462809917356,3.0578512396694215,0.49586776859504134,0.24793388429752067,0.0,0.0,0.022800000000000042,-0.009999029999999909,39,0.23026997223335643,1,0.590782402575325,0.5499700407770276,0.022800000000000042,0.015800679000000106,0.7148760330578512,13.148353116487602,0.0,5.408636724806612,0.42285237724770575,0.10092662158777861,0.13986455463728192,0.2658811335679023,0.10327522699458339,0.1832962962116066,0.7470371316046669
Hugo Bueno,Wolverhampton,D,48,34.04255319,144,22,35.48387097,257,307,564,80.91822095,16,47.05882353,18,28,1,100,4,0,1,3,53,27,26,123,0,2,2.88959082,0.4961,14,0,10.0,1,2,33,27,6,0,1,0.0,102,49.27536232,0,0,0,133,33,31,1,21,1957,2,0,0,0,0,0.0,0,0,0,0,350,5,0,6.696428571,0,0,0,0,0,0,0,1957.0,0.0,0,5,5,4,5,26,40.0,56,33,58.92857143,31,65,141,118,48.9626556,62,328,369,697,10,1,1396,20,1,0.045988758303525806,0.045988758303525806,0.022815022994379153,0.13288869381706694,1.4256515074093,1.195707715891671,1.5176290240163517,1.5176290240163517,4.59887583035258,0.7358201328564129,1.195707715891671,0.0,0.0,0.5039,-1.88959082,93,0.20191353915164148,1,0.16621390350908397,1.9947987587583311,0.5039,-0.818813574,0.9542667347981605,13.819652301135667,0.75,3.9046510800628127,0.3735255566972473,0.056162029079760305,0.07782958610117527,0.3822126208532964,0.029175545242976744,0.292589240762923,0.598088323434427
Yerson Mosquera,Wolverhampton,D,2,11.11111111,68,20,30.3030303,182,340,522,80.80495356,34,43.03797468,45,22,0,78,1,2,7,4,91,4,14,97,0,1,0.52376183,1.5759,25,0,0.0,0,0,31,27,4,0,0,0.0,91,63.63636364,0,0,3,124,19,10,0,19,1711,1,2,0,0,2,0.0,0,0,0,0,240,0,0,6.685714286,0,0,0,0,0,0,0,0.0,0.0,0,20,1,8,6,7,38.88888889,51,33,64.70588235,10,18,18,125,56.30630631,66,253,393,646,21,1,1123,35,9,0.0,0.0,0.08289362945645821,0.027550300818234952,0.5260081823495032,0.36820572764465226,1.7358270017533606,0.9994155464640562,4.102863822326125,1.788427819988311,0.7364114552893045,0.0,0.0,-1.5759,-0.52376183,129,0.14145205181564566,1,-1.332459675004631,1.1595697275023902,-1.5759,-1.942533281,1.1545879602571596,13.337449428608416,1.0,3.7357351411563995,0.36566186128440314,0.0,0.0,0.14102111555398672,0.10600326097226702,0.05962123055963737,0.5813595548660586
Ladislav Krej?í,Wolverhampton,D,2,18.18181818,130,80,45.71428571,327,615,942,83.2155477,53,54.08163265,45,24,1,63,1,2,4,3,104,6,12,92,1,3,1.33883534,1.9986,30,0,12.5,2,3,37,30,7,2,0,0.0,29,38.15789474,1,0,0,190,28,7,1,23,2040,0,1,0,0,0,0.0,0,0,0,0,224,0,0,6.675,1,0,0,0,0,0,0,1020.0,0.0,0,15,1,4,8,1,50.0,22,15,68.18181818,7,2,11,82,47.12643678,175,460,672,1132,16,0,1410,7,3,0.08823529411764705,0.044117647058823525,0.0881735294117647,0.05906626499999999,0.3088235294117647,0.044117647058823525,0.6617647058823529,1.2352941176470589,2.7794117647058822,2.338235294117647,0.5294117647058824,0.0,0.0,0.0014000000000000679,-0.33883533999999993,135,0.17290525332099477,1,-1.2967554393245024,-0.11718965288253341,0.0014000000000000679,-0.23578473799999985,0.9904411764705883,13.300039897720588,0.75,3.8839069696124997,0.35779816513761453,0.10775401069518716,0.07466299019607843,0.08279460298971074,0.11275512618241328,0.12932242170221755,0.5960339085276595
Marshall Munetsi,Wolverhampton,M,3,21.42857143,47,6,50.0,81,26,107,63.31360947,30,46.875,34,13,1,20,1,0,2,0,30,11,9,77,0,0,0.38380346,1.6064,19,0,7.142857143,1,2,19,14,5,1,0,0.0,35,44.87179487,1,0,1,62,7,3,0,9,877,4,0,0,0,0,0.0,0,0,0,0,112,5,0,6.646153846,0,0,0,0,0,0,0,877.0,0.0,0,12,2,6,6,5,55.55555556,21,12,57.14285714,3,9,14,65,45.77464789,12,131,38,169,14,0,342,10,2,0.10262257696693272,0.10262257696693272,0.16485290763968075,0.039386900114025084,0.30786773090079816,0.5131128848346637,1.2314709236031927,0.7183580387685291,2.0524515393386547,3.0786773090079818,0.9236031927023945,0.0,0.0,-0.6064,0.61619654,40,0.20051580026687177,1,-0.3410496803456974,0.0732219762824603,-0.6064,-0.17506242200000005,1.1237172177879133,10.12775473617845,0.0,4.205820369228962,0.3366266759633021,0.12532393490204208,0.17367445838084378,0.08253835645822279,0.21081168607468476,0.08579923562512584,0.6279149423490097
Ki-Jana Hoever,Wolverhampton,D,7,31.81818182,31,9,32.14285714,64,42,106,68.83116883,6,50.0,6,8,0,16,2,0,0,0,20,3,3,18,0,0,0.36294271,0.0209,3,0,0.0,0,0,13,11,2,0,0,0.0,21,63.63636364,0,0,0,48,6,5,0,6,428,1,0,0,0,0,0.0,0,0,0,0,78,3,0,6.6375,0,0,0,0,0,0,0,0.0,0.0,0,0,1,0,1,5,62.5,13,11,84.61538462,5,8,22,27,60.0,28,104,50,154,1,0,283,3,0,0.0,0.0,0.004394859813084112,0.07631972873831776,1.0514018691588785,1.0514018691588785,2.3130841121495327,1.2616822429906542,3.364485981308411,1.2616822429906542,0.6308411214953271,0.0,0.0,-0.0209,-0.36294271,34,0.14192620060474614,1,-0.41627500227739406,2.4171507604654816,-0.0209,-0.27495989699999995,1.3457943925233644,11.552867406217288,0.0,3.6544495025183408,0.33027522935779796,0.0,0.0,0.28187748681410196,0.005620087752914625,0.16748044748750746,0.5733093457175809
David Möller Wolfe,Wolverhampton,D,7,25.92592593,43,9,45.0,102,60,162,73.63636364,11,61.11111111,7,18,2,21,3,0,2,0,26,2,3,22,0,0,1.03779854,0.1227,7,0,0.0,0,2,20,18,2,0,0,0.0,18,54.54545455,0,0,0,58,6,7,0,9,856,0,0,0,0,0,0.0,0,0,0,0,111,2,0,6.625,0,0,0,0,0,0,0,0.0,0.0,0,3,0,1,0,5,62.5,9,5,55.55555556,7,8,27,29,56.8627451,20,142,78,220,3,0,400,4,1,0.0,0.2102803738317757,0.01290070093457944,0.10911433247663552,0.7359813084112149,0.5257009345794392,0.5257009345794392,0.6308411214953271,2.2079439252336446,1.1565420560747663,0.31542056074766356,0.0,0.0,-0.1227,0.96220146,34,0.1987512010890419,1,0.38008687073648884,-0.26301820480419996,-0.1227,0.5508410219999998,0.5572429906542056,11.882312568371496,0.0,3.3875500897853974,0.32110091743119273,0.0,0.35587032710280375,0.19731424076987136,0.016497243236426422,0.24000949754056675,0.546876680241787
Adam Armstrong,Wolverhampton,F,0,0.0,29,0,0.0,44,18,62,72.09302326,4,26.66666667,11,7,2,11,2,1,1,1,8,4,2,29,0,0,0.63590446,0.6142,8,0,20.0,1,3,7,7,0,0,1,0.0,11,37.93103448,0,0,1,24,2,5,0,7,569,1,0,0,0,0,0.0,0,0,0,0,52,2,0,6.614285714,0,1,0,0,0,0,0,569.0,0.0,0,2,3,3,1,6,54.54545455,3,3,100.0,5,11,2,15,34.09090909,2,62,24,86,5,0,152,2,3,0.15817223198594024,0.3163444639718805,0.0971493848857645,0.10058242776801406,0.7908611599297013,0.9490333919156415,0.47451669595782076,0.3163444639718805,1.7398945518453426,0.632688927943761,0.3163444639718805,0.0,0.0,0.38580000000000003,1.36409554,11,0.2935628778816071,2,1.8450039584489188,-0.7541114339179132,0.38580000000000003,1.340666878,0.3400702987697716,11.550874139878735,0.25,2.7721383093587875,0.31323722128440323,0.1931618469404058,0.5353690685413005,0.2120273538777428,0.12423332971263187,0.22114020585473645,0.485928724023705
Jhon Arias,Wolverhampton,M,9,29.03225806,110,8,80.0,205,152,357,89.47368421,10,35.71428571,18,23,0,58,0,4,6,1,15,26,14,95,0,0,0.62174652,3.2517,25,0,6.25,1,1,21,17,4,1,0,0.0,60,43.79562044,0,0,1,42,8,11,0,14,1121,3,0,0,0,0,0.0,0,0,0,0,126,7,0,6.613636364,0,1,0,0,0,0,0,1121.0,0.0,3,9,7,7,3,8,40.0,43,27,62.79069767,11,20,31,70,42.42424242,10,235,164,399,16,0,666,9,1,0.08028545941123996,0.0,0.26106422836752896,0.0499172049955397,0.8831400535236397,0.6422836752899197,2.167707404103479,0.6422836752899197,4.656556645851918,0.8028545941123997,1.1239964317573594,0.0,0.0,-2.2517,-0.62174652,36,0.1872391821067659,1,-0.5084636763841244,1.2648805801718102,-2.2517,-2.686922564,0.9433541480820696,14.90677011294514,0.25,5.07660984919447,0.31276063412844035,0.09804557619009001,0.0,0.2367670308511672,0.3338454319303622,0.10908821987142629,0.7141544989972649
Hee-Chan Hwang,Wolverhampton,F,3,17.64705882,81,11,61.11111111,142,93,235,76.2987013,5,38.46153846,8,20,1,38,1,2,3,0,14,8,5,56,2,1,0.92897071,2.1107,22,0,13.33333333,2,3,22,20,2,2,0,0.0,30,38.46153846,0,0,0,73,8,10,1,15,1155,8,0,0,1,0,100.0,0,1,0,0,144,3,0,6.605,0,1,0,0,0,0,0,577.5,0.0,1,9,6,6,6,8,36.36363636,8,3,37.5,10,22,17,35,38.46153846,18,192,116,308,15,0,490,14,3,0.15584415584415584,0.07792207792207792,0.16447012987012988,0.07238732805194804,0.7792207792207793,0.6233766233766234,0.23376623376623376,0.6233766233766234,2.961038961038961,0.38961038961038963,0.38961038961038963,0.0,0.0,-0.11070000000000002,0.07102929000000002,20,0.21824896765517604,2,0.15601370169254578,-1.1460027108564037,-0.11070000000000002,-0.06097949700000001,0.2883116883116883,12.47588904,0.0,1.8544799020811689,0.3064220183486235,0.19031877213695395,0.13187229437229436,0.2089066049462089,0.21032219499960284,0.1587834896438868,0.39504745361458093
Jackson Tchatchoua,Wolverhampton,M,20,23.80952381,89,14,41.17647059,204,165,369,75.77002053,23,43.39622642,30,28,1,59,3,0,0,3,54,7,12,65,0,2,1.57964789,0.3312,8,0,0.0,0,1,31,24,7,0,0,0.0,40,53.33333333,0,0,0,118,14,19,0,17,1707,2,0,0,0,0,0.0,0,0,0,0,241,4,0,6.574074074,0,0,0,0,0,0,0,0.0,0.0,0,2,0,1,1,5,35.71428571,27,14,51.85185185,19,14,84,63,49.21875,34,289,198,487,2,0,861,8,3,0.0,0.05272407732864675,0.017462214411247803,0.08328547750439368,1.001757469244288,0.26362038664323373,0.7381370826010545,0.7381370826010545,3.110720562390158,1.2126537785588751,0.632688927943761,0.0,0.0,-0.3312,-0.5796478899999999,70,0.14548110470336215,1,-0.4936056940919684,-0.11569513351645935,-0.3312,-0.7369535229999999,0.6274165202108963,12.514619703709139,0.75,4.836549776325835,0.28372409100917473,0.0,0.08922817809021676,0.26856798157847417,0.022330445457952718,0.1828860046012057,0.6903798959164389
Tolu Arokodare,Wolverhampton,F,0,0.0,50,1,16.66666667,102,49,151,62.39669421,81,48.79518072,85,27,1,24,1,8,7,1,35,21,1,134,0,0,0.41710281,4.6159,16,0,7.692307692,3,4,25,21,4,3,0,0.0,37,43.02325581,2,0,1,91,5,11,0,12,1260,6,0,0,1,0,0.0,0,0,0,0,199,6,0,6.561538462,0,1,0,0,0,0,0,420.0,0.0,1,33,6,19,13,18,58.06451613,6,4,66.66666667,11,31,0,118,46.82539683,6,169,73,242,39,0,529,13,1,0.2142857142857143,0.07142857142857142,0.32970714285714287,0.029793057857142854,0.7857142857142857,1.2857142857142856,0.2857142857142857,0.3571428571428571,1.7142857142857144,5.785714285714285,0.07142857142857142,0.0,0.0,-1.6159,0.58289719,43,0.24571538875604004,2,0.9894107416516243,-1.4736463842147782,-1.6159,-1.207871967,1.3535714285714284,10.070523824535714,0.25,0.7400317412874998,0.274523641834862,0.2616883116883117,0.12088293650793651,0.21064749332076066,0.4216250698380211,0.06458134652352511,0.2846769019421878
Matt Doherty,Wolverhampton,D,2,28.57142857,38,12,38.70967742,91,125,216,80.59701493,18,66.66666667,9,10,0,27,1,0,2,0,31,3,10,37,0,0,0.18141303,0.0893,16,0,0.0,0,0,14,12,2,0,0,0.0,20,41.66666667,0,0,1,52,7,3,0,10,706,0,0,0,0,1,0.0,0,0,0,1,69,4,0,6.51,0,0,0,0,0,0,0,0.0,0.0,0,1,2,1,0,2,100.0,13,7,53.84615385,3,2,7,38,50.66666667,31,125,143,268,3,0,386,5,4,0.0,0.0,0.01138385269121813,0.023126306940509912,0.3824362606232295,0.254957507082153,0.8923512747875354,0.8923512747875354,3.4419263456090654,2.2946175637393766,1.274787535410765,0.0,0.0,-0.0893,-0.18141303,35,0.08784441732462737,1,-1.4234190610925546,-0.05412213813389618,-0.0893,-0.21628912099999997,0.8477337110481586,13.089668093855524,0.0,3.7486138819427763,0.23669724770642198,0.0,0.0,0.10252994137940707,0.014557518057897319,0.04983705765264659,0.5826350145737814
Toti Gomes,Wolverhampton,D,3,30.0,52,23,35.38461538,175,357,532,86.22366288,13,50.0,13,14,0,40,0,0,1,1,61,2,3,29,0,1,0.21559462,0.2245,9,0,0.0,0,0,25,20,5,0,0,0.0,32,66.66666667,0,0,0,85,10,5,0,13,1043,0,0,0,0,0,0.0,0,0,0,0,106,0,0,6.415384615,1,0,0,0,0,0,0,0.0,0.0,0,3,1,2,1,8,80.0,16,9,56.25,5,10,10,45,60.81081081,65,236,381,617,4,0,786,8,2,0.0,0.0,0.019372003835091082,0.018603562607861935,0.4314477468839885,0.6903163950143816,0.7766059443911794,0.862895493767977,3.451581975071908,1.1217641418983701,0.2588686481303931,0.0,0.0,-0.2245,-0.21559462,77,0.07000415951787893,1,-1.0426990923937058,-0.12570959248513155,-0.2245,-0.375416234,0.716203259827421,13.95210252782934,0.25,3.861435152753787,0.16725476330275146,0.0,0.0,0.11566976448363916,0.024772658545076293,0.03983448672063256,0.5938083883904008
